κ_m,κ_2
0.3003563386309011,0.10098131197900603
0.3198536275058753,0.102578012753086
0.32039494690512277,0.10305288040693596
0.35602866440218217,0.10871558658119203
0.311726952588234,0.10104234335482348
0.2998706570856584,0.09969627751942815
0.29162229506305565,0.09975108269595953
0.2979398146270038,0.10104962067017118
0.2869385907041415,0.09847846354371426
0.3111124546427268,0.10164047908968465
0.2976754206085153,0.10126940602663091
0.2986409019192212,0.09985035843666037
0.31108910881917856,0.10100496074953033
0.31070192223041404,0.10203972211522885
0.3166194262774723,0.10345083472133551
0.29286607065178755,0.09977878927669592
0.2911940020073838,0.09830780859296757
0.2846225449804999,0.09735533425528645
0.3006547642433595,0.10021037555026982
0.3023372409601395,0.10071315747730535
0.31064122809335054,0.10150498776050479
0.27687399256455514,0.09716924044931777
0.30997890618164364,0.1027533653936357
0.2913199355177599,0.09956388695691804
0.31177009276861717,0.10100212259490711
0.3099512406378473,0.10217723922442348
0.27615541308999975,0.09777865853263502
0.2775995674828018,0.09655726461549918
0.30999485000886506,0.10254994778663727
0.2761880591542746,0.09775081604530117
0.3207062862399209,0.1042126880867526
0.3356952706533406,0.10468248340458391
0.27661322380038894,0.09739004712570634
0.31172096471800803,0.10039765771302135
0.27746916277189504,0.09666703490085721
0.3106552013334348,0.10208643888361404
0.3167495158766268,0.10223554816316513
0.3246331403093324,0.10398585077311853
0.2766282029782163,0.09737736610809455
0.2987569626285075,0.09982739780232383
0.3001379620149216,0.10157503837664389
0.2780080677320771,0.09621422347204943
0.31077003070045295,0.10137920915955648
0.2786271724448648,0.09569633408032757
0.29132198014235244,0.09857900296230508
0.27638300466548016,0.09758532517001792
0.31114341449362265,0.10161006634688968
0.2954548714964919,0.09859496451000752
0.27711852389633546,0.09696268043772321
0.27663985458010065,0.09736749028495587
0.31007267809596034,0.10199267047186945
0.31658694015315086,0.10331595781488526
0.2776252028327744,0.09653577454999018
0.3000167221360215,0.09965695435687805
0.2776244210875886,0.09653632620088744
0.29327653914450785,0.09831990804265564
0.3040651493964908,0.10037835289964134
0.30117762475311527,0.09959791495339115
0.3110516992528873,0.10110613504376942
0.2981284006353977,0.10060104031572197
0.27763312712862853,0.09652912025588131
0.27767267006059465,0.09649580867172601
0.3099412144082307,0.10218777692040787
0.2768401063901611,0.09719791923143167
0.2759562250435383,0.09794802078743671
0.2761495178165394,0.09778355614796054
0.3115397657648988,0.10063607161250164
0.27576449971434536,0.0981113227270607
0.2765361082418462,0.09745545102571106
0.32700776968038964,0.10414990090093998
0.29697284428139387,0.10016898054995635
0.296922354585469,0.100535602412208
0.276899938963673,0.0971473410232773
0.27738955623561623,0.0967340684052928
0.2961663110368426,0.10048252992750965
0.29568746123041184,0.09964342508065255
0.3185718756932747,0.10410914916890655
0.2950503362073671,0.09986338007739248
0.2949985539116108,0.10000720923362001
0.29580282745693576,0.09902854956701547
0.29560512285993323,0.10003956644758505
0.3046138171858095,0.10158043771756989
0.3008215814719787,0.10016685446139689
0.30949758169621744,0.10262361365827648
0.30294115485392537,0.10069382274711972
0.30943740922314045,0.10268081129332901
0.3118971695986949,0.10088007683304255
0.32510324708095384,0.10415189616298666
0.302159810975586,0.10073518285980033
0.31101199770148014,0.10173763577650055
0.2775942438771779,0.09656175502745594
0.3326776581751093,0.10452732913603027
0.27764135757364294,0.09652205791434357
0.2774325850936292,0.09669785316139741
0.2939397834637808,0.10091731658686445
0.27778272038695173,0.09640335714947007
0.2918638030351941,0.09848734356812047
0.29665374715140413,0.10001391196406828
0.2775521978818909,0.09659706063385011
0.2939847953595119,0.09963838190006097
0.3108632341160605,0.10128737922550708
0.27769204039223444,0.09647953418204261
0.31121858397412994,0.10112659939344236
0.33219510172106176,0.10509587211112188
0.31782450756622493,0.10285166292547844
0.2996813593394101,0.09943997472386873
0.2921101086244235,0.09969687636843205
0.294297712098351,0.0992531235263612
0.32480119819958353,0.10344744437847608
0.29657802998149724,0.10013043634484209
0.30479629986824847,0.10068075633762516
0.2768399357011875,0.09719816317098494
0.29495517635424134,0.09877929170572966
0.30093978307450353,0.09876479299176529
0.2925837815472577,0.09966363761993675
0.31031550044720824,0.10242026890903794
0.3113418948827264,0.1011973767447353
0.3172183260855359,0.10343507786747536
0.3116226117351896,0.1012121623470858
0.28601374474938757,0.0987788291935388
0.276449532080691,0.09752886301925312
0.3219797666046597,0.1025916662542418
0.2765499351290346,0.09744372212142575
0.2925389923476963,0.09936424152979605
0.27665662730414475,0.0973532193766428
0.29574833070622397,0.09907841855962211
0.2995520812959288,0.09913419334187595
0.317875810148347,0.10192252498472322
0.31004515838500935,0.10208442483684665
0.33352513522911076,0.10406710258064145
0.2930008653897693,0.09958322528353587
0.3050398339493885,0.10090945721008521
0.29522119083633763,0.09975443892134633
0.29350104699792157,0.0983714070696691
0.2997943626890819,0.09822819043143996
0.32781117641341534,0.10362553141373504
0.29829735295808846,0.09903340712405292
0.30210174438673165,0.10034977365789564
0.27679033425499,0.09724008314043858
0.3002468335767142,0.09941827260100425
0.2764505936992799,0.09752792606368792
0.3107434172490232,0.10140520434131639
0.3165403561032751,0.10222626400515367
0.31218160398880934,0.10067256379425643
0.2993876009428741,0.10066966693927246
0.3096135732033314,0.1025108836230443
0.27643964375969743,0.0975372679473755
0.2777775474391083,0.09640771059657097
0.2766818162019405,0.09733184610494852
0.3043719820227665,0.0991814008710086
0.29667726813264567,0.09975486942943407
0.32604617587870766,0.10407828859982554
0.2769747932893943,0.0970840972663736
0.27662361369575394,0.0973812587911771
0.2767287450762457,0.0972921607659899
0.3120579364074365,0.10072491659127242
0.2941906326301892,0.09938319403164766
0.3448139694504799,0.1076590746718247
0.29610990582855545,0.10003270250869889
0.27643779366917387,0.09753874661717309
0.2761024063605631,0.0978236248853172
0.3117970332820995,0.10097664406581318
0.2959904379483505,0.09957051658368003
0.2985951216183165,0.09898226808954089
0.33119465192068703,0.10419954461124811
0.27708203783525565,0.09699348042750283
0.30099505640809576,0.09999654010752557
0.27757885234471497,0.0965746123918918
0.2912302850674189,0.09830884853816614
0.29545911762058197,0.10017698464719757
0.32617734279714916,0.10408043381169758
0.2913809683679396,0.10055466809897712
0.29179701989713036,0.0984402398412855
0.3103760875182279,0.10176249740228221
0.32179449902404916,0.10323750786535921
0.2960280488360738,0.10128065395035826
0.2926410801382675,0.09905346715592271
0.2859875466626528,0.09916448519353031
0.31077558244314585,0.10137251738556907
0.30139458667638885,0.10062392799102952
0.30225156371990264,0.09909665432513427
0.31152452371879513,0.100650264640059
0.3001654652236033,0.10029398807703178
0.3115196163592736,0.10124375277008213
0.29442918687785496,0.10005390957352979
0.2904984200152825,0.09953986578323074
0.27721783356967483,0.09687885154530071
0.27723246622735837,0.09686655064783453
0.2780588438568582,0.09617161644458333
0.3106707990488862,0.10207159391659422
0.293171632347665,0.09969892669105831
0.30146829352349497,0.10049724806628733
0.3032126488830582,0.09951577430458639
0.30128790475066625,0.1003011690172251
0.3242289388725268,0.10329480767156851
0.27772458103709163,0.09645222401034767
0.29530550756175283,0.09960482499269058
0.29566422092474787,0.09993431498636143
0.27710487305280096,0.09697419134530355
0.31048142326177997,0.10165864719816176
0.29589098640044587,0.09951349108345808
0.31906394670749844,0.10286829610637171
0.2769155070729119,0.09713422103331242
0.28873985329360696,0.09784322779604598
0.29332335900472306,0.09935919699509854
0.2908769570913208,0.09855359363381679
0.29884517482237416,0.10054278250922746
0.27771892114537944,0.09645695711508148
0.32391185905185055,0.10246337287499738
0.3001571974779971,0.10013652205151129
0.2979690599090128,0.10126615290508051
0.310932572694389,0.10122124347184194
0.27614451878188956,0.09778780881361669
0.3254696054724028,0.10310915998241071
0.3115007023360358,0.10067489589581104
0.2906855565070549,0.09802956856151279
0.30009891881963335,0.10085358887276219
0.2765338184383941,0.09745734994898742
0.27946807845278976,0.09844640053261847
0.27687091475057846,0.0971718845308622
0.3347195874699375,0.10598881132132212
0.3118564871388234,0.10091705490658653
0.27716729018538244,0.0969214519305607
0.3116406406952686,0.10112643668881359
0.2873429705526668,0.09866620188788565
0.3308777675078926,0.10432269038375958
0.302872704417122,0.100170650109409
0.2976111888349721,0.09997359627009769
0.26107980926975327,0.0952748238995578
0.33036664243824543,0.10372237982889584
0.3143585323049686,0.10228871597296424
0.30221546539432836,0.1011354983282663
0.31952220196273406,0.10283597021821088
0.3110048132970722,0.10174430784338234
0.30958416665966404,0.10272409701818577
0.27645828856243154,0.09752133598123129
0.27720702084624027,0.09688798103294248
0.30474700028857915,0.10057314669441203
0.2772945999867795,0.09681416396532377
0.32768961263645857,0.10384960611093652
0.28470150257841953,0.09776325727880324
0.29388951199328694,0.09907876408179939
0.27773482237444314,0.09644356788847075
0.28764352551854,0.09724729844684772
0.29593672644316005,0.09979948154998074
0.3097559534714861,0.10297410746511239
0.30400409546267476,0.10110005170932335
0.3195068622822949,0.10253615590240925
0.29966945110432053,0.0998817497104643
0.3115002962845927,0.10067387610843895
0.2982159216100297,0.10078334600367592
0.29435099907700163,0.0989773012990215
0.31074794425827934,0.10199531113719622
0.29796845834623775,0.09970631122008353
0.2767990540309412,0.0972326573010591
0.3253675370186271,0.10288142802677419
0.2986220793524744,0.10007003961384722
0.27705676599476114,0.09701482383317184
0.27618211910362345,0.09775592205226294
0.286296133919517,0.09894168309642709
0.2772069689598059,0.09688798790095596
0.27660434108083354,0.09739756961876424
0.30545588435123155,0.10086173298795466
0.3219427022194393,0.10291549701211312
0.27736171159205597,0.09675756966723933
0.3000247596633573,0.09965687755794046
0.2773242642349014,0.09678911920575407
0.2772718216438613,0.09683327197893112
0.31019381802144097,0.10253973933739852
0.2777195347516902,0.09645638905204997
0.29762694268312007,0.0998525824323144
0.3326639130074212,0.10436278550865082
0.3007385751971139,0.09970495514223233
0.2875331264854373,0.09854097037441151
0.295079919201939,0.09891421990593316
0.30302731421197415,0.10020272145451067
0.28911468302568266,0.09940331284593584
0.2984853343806717,0.09956033849771004
0.29890364150726234,0.0996057548176664
0.3024988717423938,0.10061859415576192
0.31978121991520625,0.10326739556460657
0.2763718779365121,0.09759478621794146
0.31213342546733247,0.10294795889559447
0.30057342101273166,0.09987994942600051
0.3102947819498292,0.1020616408112356
0.29517863862406696,0.10078552959871975
0.29645571783328517,0.0992087126266129
0.2777120230116601,0.09646269686905176
0.29579433619181184,0.10012096935617243
0.30266019155606805,0.1015173200866704
0.27733669547700024,0.09677866241221808
0.27680497311176083,0.09722771347728512
0.3317378983723579,0.10422909187027248
0.31025204498347947,0.10248202141066083
0.3340421637291132,0.1041430943371413
0.27690159447482915,0.09714580462557612
0.2766267935889299,0.09737853916110159
0.31082072625360213,0.10126454318436251
0.29604346378587876,0.10021431667524008
0.30218911626337475,0.1005971878212355
0.3102305734820244,0.10250632823532055
0.33376117297982977,0.10517660258851513
0.2765203289390127,0.09746875554053365
0.31139920000210064,0.10135924646599846
0.28657786790411566,0.09874046396747443
0.30950221074338546,0.1026195969281275
0.3162960698787186,0.10239262687651032
0.27613681667655804,0.09779437201817376
0.2850361488039127,0.0986977548860627
0.31685084936067864,0.10365925740071985
0.3006870758288877,0.09913621327308128
0.2912461991245989,0.09856376969400019
0.277087090968165,0.09698865132953535
0.3270335405429949,0.10547987786895247
0.32337439866999407,0.10365185270312231
0.302578156903209,0.0997173503388699
0.31564249937132255,0.10310635859169626
0.27741371565692685,0.09671376141342242
0.3114982657039801,0.10126579937022012
0.28388641805509324,0.0993007538724194
0.2768706620877086,0.0971721141091994
0.310704177799921,0.10144397453719314
0.29081408594220626,0.0987433804119815
0.30134936355400704,0.10059908102282758
0.3114934207228974,0.10126864842191483
0.30321746823900964,0.10030595011863906
0.3103044286472734,0.10220894091596411
0.30098237276968354,0.1009419515422672
0.29002821339528945,0.09817654460905376
0.29480118354466456,0.09987681457716968
0.3110079036011878,0.10174442687913259
0.2937538299802534,0.09988353310321288
0.27598341740697396,0.09792487485544348
0.2983058709983324,0.1000453087471134
0.31068680986375846,0.10145960221695695
0.2953773300342186,0.09888985278919973
0.3372140453833147,0.10606905578580403
0.3112419969324439,0.10151337997231771
0.2999632913795358,0.09949660257667901
0.3327023661256667,0.10489508377364815
0.29696768340863794,0.09960068288521488
0.2771568958103494,0.09693030557846914
0.2590716765970232,0.09383499908057404
0.2778989149079368,0.09630574467395757
0.27769955441366057,0.09647324993774878
0.2956031914634579,0.09830065802322735
0.28847683994134116,0.0984710913606664
0.29866738435253937,0.1002385892415635
0.2885466187479325,0.09877244015204333
0.31046260293582134,0.10167666208032444
0.27774146124497145,0.09643802545201655
0.30993759081557415,0.10279311123516094
0.3180308692290992,0.10185441965807904
0.2986389661747515,0.09924683915809163
0.2775188328400366,0.09662518252367217
0.31108988884827893,0.10144182342161834
0.2775550595305478,0.09659469091470083
0.2782273731296984,0.09603048464712635
0.3114609510340901,0.10136897304213963
0.3390093387130846,0.10592430655808108
0.2987955920226133,0.09898857419983759
0.3198210664195339,0.10350346404936195
0.27664445041802477,0.09736363452298503
0.30112369816645984,0.10071311295874971
0.2762704410884944,0.0976808866659751
0.27778749914159484,0.09639931226606635
0.2940687704511281,0.0984626335639998
0.31717753194347365,0.10340280301894066
0.2921032724008556,0.09863251074009062
0.3208552674455021,0.10305408742746769
0.3090501600705968,0.10306647022952443
0.31024065391399325,0.10249359128771778
0.3146589077060279,0.10316755184222756
0.2843021557327833,0.09794721835736789
0.292254397612863,0.10038112559573291
0.30159851995072795,0.09875761274880934
0.2924013086414903,0.09770395945580851
0.31106480115479973,0.10109168694064424
0.2998911416695917,0.10074669768882069
0.31064670311083903,0.10209380309941408
0.30563556035113,0.1000707521494027
0.320760380040594,0.10338711648202026
0.27751839842506576,0.09662556512078271
0.3030440791091421,0.10007812317400205
0.2768001400450485,0.09723183465848806
0.29942032524052586,0.10008835573007813
0.30370511069468487,0.1004188726159283
0.31046180230850506,0.10227428903438111
0.31100706175199977,0.10174320298772419
0.29304932266860584,0.09863412028816414
0.29688419477803085,0.09870226802168287
0.2777257839823616,0.09645115146513969
0.2961183975727201,0.09963890271920148
0.27621358385386086,0.09772916131715312
0.29445291427907067,0.09871599165569585
0.3208747646382306,0.10361083639828023
0.3171370557555314,0.1027767838692073
0.3016300577242732,0.10071459688098454
0.3007864761519081,0.10078056568616159
0.28898850585762226,0.0980872795997493
0.3267653836626896,0.10378448331107863
0.27627861571511997,0.09767390958637782
0.325206073032274,0.1036047260510394
0.29236274308547333,0.0988833041367429
0.3116163252085584,0.10115045410454562
0.29480524802674757,0.09986629200418351
0.2781280811161009,0.09611359046650639
0.2978940384857053,0.1007867966291473
0.2909336800232275,0.09924968056736924
0.30624069195331427,0.10109773446265358
0.2926347421066492,0.09950784025864734
0.2950005998793318,0.09966599096141977
0.2933541439940405,0.09978959679620117
0.2767871501661747,0.0972427919371747
0.27748435898242335,0.09665424815086812
0.3204459388395008,0.1034750257144671
0.2777520289777158,0.09642908589606727
0.3205844258353722,0.10285076273715761
0.2881390517643158,0.09833212655075008
0.2918702519521006,0.1002504654502127
0.32768161243137817,0.10337142235679106
0.303565572410026,0.10035905314893635
0.27656783870874413,0.09742853197497342
0.29828570094669726,0.1003868317715604
0.29995034384615055,0.10058860547559867
0.29526577096578255,0.09904662658877238
0.3025932819564475,0.10026053200280077
0.26115907195544685,0.0949722855502935
0.27744400627822163,0.09668819011140266
0.3105685315719377,0.10217086138709433
0.30986119344309004,0.10226762143848281
0.27666102018254524,0.09734954391732356
0.27670667463727694,0.09731083511073058
0.30980367852151963,0.10232106873423119
0.29591069105389556,0.10031946817803833
0.31045669749371585,0.10161798404172959
0.2780005106485748,0.09622049919211918
0.32398305122323384,0.10313855885600673
0.2763817796153276,0.09758630883695679
0.29208282865818275,0.09939202311239943
0.3302111372008479,0.10514403612032239
0.3102624424817935,0.10187327483915905
0.27759644453987026,0.0965599167308684
0.31645635809961503,0.10303713349820914
0.31052994870611444,0.10161212086604232
0.2945669259878619,0.0993234501640986
0.2767436441954233,0.09727965257032878
0.3108518898042796,0.10130013682164524
0.29791958163208504,0.09978912333081313
0.31977914672202107,0.1029115415095133
0.3110991970883841,0.1010600593028093
0.27701251593916376,0.09705223629605397
0.276777218439742,0.09725118390113777
0.2999772799337962,0.09997255292154385
0.29838749718845586,0.10023077423110208
0.33379209667728044,0.10499167910868001
0.3244371651902453,0.10318169813556011
0.3107489000546831,0.10139956871960398
0.277496645063002,0.09664390743938245
0.29252378076342955,0.0984922129002021
0.31946276754279346,0.10338932185763519
0.295451008072875,0.09840403838865183
0.3114068877732964,0.10069886879323373
0.27675141362343797,0.09727304106692908
0.2995165992961145,0.09965912241073697
0.32731397102902293,0.10393295359980932
0.3105663944028143,0.10157797478847938
0.278559714702431,0.095752673498879
0.298035256270557,0.09939987604080854
0.2629736362876302,0.09602905768337283
0.2892843105633172,0.09914207656600163
0.2986737925686661,0.10038332255490923
0.27772228251262754,0.09645406909067707
0.29134541545582077,0.09915020409446762
0.31052254079856156,0.10161937333107644
0.2778545385549695,0.09634289678548436
0.300227787756349,0.09987844985317104
0.3108502820876662,0.10130095867246544
0.28956015521232514,0.09940723485888299
0.3114917617485863,0.10068188312515976
0.31662865510382054,0.10278992718787522
0.3361156819761979,0.10543752637119296
0.2964329398525388,0.09957998010845313
0.2955017182525733,0.10031340112196432
0.3109892812772812,0.10116747347258637
0.285189617955403,0.0988703643092946
0.30370832948889714,0.10196298553871724
0.32375999403589184,0.10423700028623659
0.29714482593192304,0.10019427935297548
0.3342236007788879,0.10500295982021356
0.3111027669559261,0.10164990156444617
0.27646708940612447,0.09751394618273598
0.27648384465532294,0.09749977360689577
0.3314626790974734,0.1039034226509837
0.27674709784051965,0.09727663774426265
0.2899773604789567,0.09873786267142749
0.27697532465373376,0.09708356128191914
0.2765376498801956,0.09745409268788915
0.3256187158411008,0.10380082647275653
0.3116782913933581,0.10043849599908589
0.27901062470004434,0.0953769134853627
0.3104976095406727,0.10164456943262078
0.27663107900117434,0.09737488220564067
0.27670837089947087,0.09730938947254392
0.32928169508890304,0.10513496644892951
0.29838927127966164,0.09997512992457194
0.31808746464169,0.10308077561117243
0.30291487545744045,0.09972565081142351
0.31523674035077465,0.1029881072776099
0.3115276542942787,0.100648206708645
0.2975299073274133,0.10135288678593307
0.2773632177853833,0.09675630269957136
0.32705474930748174,0.1051373057145713
0.32342952322756124,0.10297989116691518
0.32978878242273435,0.10488675091880516
0.2972359235254928,0.10012717508627925
0.33259130440345175,0.10606380337707083
0.31090102910202344,0.10184726895422566
0.3020746272567699,0.0991967351305851
0.2770582212029927,0.09701362128711218
0.29661930964682126,0.10057136679897868
0.3099398235573423,0.10256756312626568
0.30024097399297167,0.10070717585445124
0.3104237300825673,0.10171593108339144
0.30424911778369446,0.10095763669712465
0.3106657384961738,0.10169922943272029
0.2995968178260253,0.1003511517735402
0.300139736260079,0.10028998940040765
0.2871778544085808,0.09844078362443537
0.32102421523533237,0.10273967043328724
0.296251798298787,0.09980100110577919
0.2779605082204809,0.09625412075991191
0.33056436120492383,0.10440676088971286
0.31116746420774954,0.10158630496065782
0.29621464693803623,0.09985541248591409
0.2872990337440319,0.09865094402290106
0.27748555850668544,0.09665325206619726
0.2878533485180338,0.09898687679445445
0.31777753426288335,0.10239584211270011
0.2917896405323259,0.10028617166628256
0.31752140113911703,0.1024683962903711
0.29042114669549246,0.0983369073423519
0.2849927305457304,0.09831500695041562
0.29488038620185886,0.09921734217852038
0.32189846777843645,0.10357328451757221
0.2773021082873444,0.09680776039104821
0.29931573741584716,0.09986209163195026
0.30369363399513283,0.10019646829771957
0.3148725130702529,0.10129701904381364
0.2964462770448798,0.09981121005379084
0.27731419971027793,0.09679756287667725
0.29384552768632943,0.10040076114349827
0.27673821116949526,0.09728424462115112
0.2950209352091424,0.10036757173604102
0.3030109874894191,0.10112436087662721
0.2951994438689145,0.10019187919581224
0.2772712125335973,0.0968338859071704
0.31031008162200724,0.10182698775560588
0.27784567521964865,0.09635043770494484
0.2908641446736111,0.09796607052850162
0.28786939476437673,0.09919639330944399
0.3043779968132907,0.10070467842336699
0.2766472267843694,0.09736127087396146
0.2764287109394074,0.09754651703776335
0.30234621197903544,0.10003232244599718
0.2926213328495409,0.09883320813221383
0.3100885844268979,0.10264245324044816
0.31516083379803606,0.10208039969488905
0.31029570568320025,0.10243876382408504
0.27699755738690474,0.09706482318552134
0.31852762652495703,0.10157836423742987
0.29627645713342876,0.10083154890165037
0.295045981134293,0.09882021339714198
0.27622330729324013,0.09772090324088561
0.2765444244382267,0.09744835327139706
0.31069805490650976,0.10211356220341733
0.2975182500894158,0.09953708844836597
0.28565602173661675,0.098479686490178
0.3180528682385554,0.10274411134667288
0.3422937966855931,0.10677782096344124
0.27676389805124335,0.09726240201780473
0.29451207715591077,0.09990087456403188
0.3178465780321392,0.10270573173179905
0.29212985798979596,0.100485870027551
0.2765349974635411,0.09745637753589804
0.31709268127568757,0.10182251307216866
0.3208385582973318,0.10361226100895313
0.29126223106934684,0.09949238873727585
0.27681453849759036,0.0972195536241159
0.27661694810293175,0.09738693102769318
0.2777838423545701,0.09640233782317732
0.29993472616021316,0.10005605796523857
0.32096554369805735,0.1035068096516044
0.27613299127941615,0.09779766702413595
0.27745859463118794,0.09667598415272434
0.2773498681786788,0.09676752185598725
0.3112929568286426,0.10146395107123077
0.3109409185834673,0.10180924134976792
0.29997590554962705,0.1008163160644982
0.29877816412727476,0.09978584155585628
0.31947776179181264,0.104032937402117
0.2933347043093334,0.09891748976144868
0.311052980865794,0.10169857088952887
0.3172758602593853,0.10214363217286851
0.29260764603397915,0.09911674930486347
0.32049886445992487,0.10227781819244286
0.29702910436081653,0.10013179853230944
0.31123473185731254,0.1015197037000303
0.30020450936101806,0.09961484517291025
0.29660433409970727,0.09862945372139506
0.2958533228773709,0.0996453624572622
0.27799866603130985,0.09622206673654601
0.29232241710512896,0.09855008232952953
0.2762393542515257,0.09770715972592503
0.2772649732511114,0.09683914147668513
0.30504214801235907,0.10095654122238445
0.27623499018225306,0.09771090440940605
0.2845596209657392,0.09839095020020397
0.29172634749180915,0.0985203738839061
0.31170537225967254,0.10065723074518641
0.2918944575038204,0.09922001286502724
0.3271216664088019,0.1040111520078631
0.2778016703277656,0.09638739557679044
0.31042779200903525,0.10164613028778256
0.310835012944124,0.10190998197533126
0.2908213608830681,0.09952321612216833
0.30995482210879094,0.10217339360705227
0.27577030355343346,0.09810637495012042
0.2773283488389314,0.09678567255360943
0.3011794940871278,0.10066619997105096
0.2953610991240383,0.09965397827799174
0.3396848284603592,0.10643769728285639
0.2769893093621498,0.0970718484850604
0.32996140633627635,0.10412208104827549
0.2767959238604755,0.0972353603590061
0.29629451086022474,0.1004262049376028
0.2962810820513059,0.09948086169252988
0.2764652130833004,0.0975155343367804
0.2772094961000088,0.096885914267719
0.2766852930732763,0.09732906237539082
0.2770526309679835,0.09701821320226958
0.3181598225197557,0.10263592590590809
0.3050140556383873,0.10042358644137092
0.2766188756508504,0.09738527861680896
0.29769607159995004,0.10043502931774922
0.29957071485198095,0.10007852567660203
0.29874116970415826,0.09966426667062281
0.31137247497661513,0.1007955624720725
0.3116496000628871,0.10093578699239109
0.28956186911409254,0.09892569702417794
0.2861243888594672,0.09806395931735244
0.3309705718937589,0.10393966012691072
0.29089117462691816,0.09906605440133823
0.3226328489688469,0.10246810527736441
0.27574871823484404,0.09812474169824073
0.2898407389237042,0.09797734375718822
0.3345532608290146,0.10571777312614655
0.30248261686412276,0.10082015202548114
0.30973302226031724,0.10257461712718785
0.2767407207233632,0.09728209011754933
0.2776288777855995,0.09653263693183636
0.2958530864211799,0.09963976874934659
0.3205967762019373,0.10342849191248638
0.3500521059326226,0.10658632035447047
0.2771768672421154,0.09691342744977531
0.27740957667885746,0.09671725211760032
0.29731484303779443,0.09987925174172319
0.3104129039853369,0.10232171870163782
0.2754012807728832,0.09842121884521385
0.304663422495593,0.09988693696812337
0.2922219797490066,0.09848591234382403
0.3284644681855732,0.10255314288654853
0.31501843717044165,0.10191163497775513
0.27771671256470526,0.096458808628686
0.31097401460305274,0.10177628008535707
0.28733129945203795,0.09870689590832855
0.3401557423123268,0.10485616367439993
0.27647272911253373,0.09750907379279433
0.3014547616735823,0.09967381369854035
0.30157080253063145,0.09992494019926729
0.2914297063862485,0.09779396878545882
0.29625829207350607,0.0990980513525764
0.3044916263578701,0.10015951994080957
0.293383937865376,0.09876898181500146
0.27685746276577744,0.09718336181357201
0.27799924258401876,0.09622160734583583
0.30092107579061683,0.10059033498388742
0.3105205663616342,0.10162149007466673
0.2989190833538856,0.09970561073082468
0.27733522893105056,0.09677983597831369
0.2970334795141545,0.10045227223826439
0.3284962550589196,0.10367740668710977
0.31083440623707215,0.10197998726253135
0.33558670361503906,0.10453359499679266
0.3220335992224752,0.10260610840247376
0.27665386649537604,0.09735563860773032
0.27582661784730034,0.09805837776191142
0.29579042154469093,0.10098429610226342
0.301748218229832,0.10011249075393576
0.29905799017253765,0.09930507456838639
0.2932279297330119,0.09933013112100751
0.29891423761859276,0.09982860754448468
0.31625663901389656,0.10296423672659001
0.2864735435132327,0.09864110481391883
0.29967046193807456,0.09984677766414599
0.3180842050035584,0.10309170404817673
0.304118011724881,0.10043276622645918
0.3103679676283583,0.10236913162929194
0.32103410855863834,0.10412046973741955
0.31041771355099734,0.10190534706452324
0.2761314427968496,0.097799018603895
0.27833768977711043,0.09593811795519128
0.30483958241455267,0.09983933861846683
0.3041175600511081,0.1007727572839893
0.3112023835941839,0.1009596136305567
0.327776529642763,0.10403939453597856
0.2763250047087913,0.09763454319562997
0.3195819456121305,0.10290058535304342
0.31142568754928635,0.10074750874697468
0.2923283077670359,0.09891219472591462
0.297566712815386,0.09871454400491457
0.3110996340438714,0.10106041342272357
0.2774276101537623,0.09670205589822464
0.2773302537051051,0.09678408643534776
0.2764098588836177,0.09756252891515203
0.32048041047642467,0.10214508926623725
0.2919100758844817,0.09899596912865274
0.2774685656229212,0.09666747773787421
0.2940582093994383,0.10052733975721975
0.2774811596831912,0.09665687618323818
0.31908234264829194,0.10110291079507887
0.29506925596414635,0.09887755323629993
0.31177418210797686,0.1009987249540939
0.2971321233354831,0.10001378172668197
0.29483619157216234,0.0993961145372692
0.27788203105878345,0.09631991471973265
0.31057124190790597,0.10175538237398057
0.2994209016669066,0.09945531216801035
0.29437134675035365,0.09867773721898236
0.2978699142656263,0.10001403576505623
0.2993905960731177,0.09914520769091442
0.27780721027722965,0.09638260612284247
0.29560963421957176,0.1002256891459516
0.31087487224278376,0.10187289645096012
0.31046462912278056,0.10167615827333625
0.2960963022226617,0.09997587172341452
0.29393893562863455,0.09886972560623278
0.29200960584388386,0.09788372668023287
0.28621855496851023,0.09820175656077146
0.27749011912715493,0.09664938331258938
0.28077060505190665,0.09675864908711
0.3459156091865786,0.10662725263662734
0.2776853009987158,0.09648514015848783
0.27757100442301863,0.09658133343293926
0.2771244395537562,0.09695761358943383
0.2982017417019741,0.09929018976628673
0.3256596761356124,0.1038024248760202
0.3017462428388653,0.09950930212666462
0.3337715929474693,0.10545151618554957
0.31390467032557806,0.10267321842141934
0.3290505621818074,0.1043242436191846
0.2983975657098969,0.09975547905327928
0.2920803064535389,0.0988475236086785
0.2772594424768953,0.09684381495314431
0.2955850941120431,0.09913309002006912
0.29959401017568366,0.09942535901533459
0.31082881066015744,0.10191796510150637
0.28447353087054295,0.09911363331232881
0.27804774136804145,0.09618096603843079
0.27715189768936555,0.09693449033335072
0.31164921161767395,0.10111819817833873
0.2780821384284686,0.09615206705942599
0.2767489233902357,0.09727505909230534
0.3032428431428915,0.10114984222722324
0.3537510456176468,0.10828256745883809
0.3019261385662561,0.09988718929015514
0.2933122802657062,0.09908044072405142
0.3101112708942863,0.1020206337744759
0.2993416595566875,0.09945396942774684
0.2775181787504052,0.09662582479651996
0.2948722059322799,0.09893986284886375
0.3000261603081692,0.09965206084075745
0.2954484307787214,0.0999271093105262
0.3316606190946426,0.10438308593109004
0.29932026728562733,0.10022324042961002
0.31127434932514697,0.10129875174754763
0.28685037092955146,0.0987883162551596
0.29186897130892375,0.09921916229163755
0.3173395551351719,0.10267864105211347
0.276576709016498,0.09742099494023504
0.275926155500281,0.0979736064161299
0.28807477563189265,0.09793025102910907
0.3107460374895119,0.10140302724335148
0.27667456506774535,0.09733808754391521
0.31137223674882286,0.10138766549872631
0.3007242726840171,0.10043717468803838
0.2953633166932612,0.09977834471115976
0.2970837459536546,0.10013729143561606
0.2781656931895814,0.0960820950792004
0.2760211179827342,0.0978927841953043
0.2999327515799762,0.1001143310513509
0.28653945723387186,0.09994375227801702
0.31651802507098026,0.10207332550264298
0.277798274171786,0.09639020232331397
0.2962438784472661,0.09885319782976751
0.2763475326490724,0.0976153626769013
0.2763279788784774,0.09763203080544233
0.2936973872938949,0.09796697617146141
0.31750743776137913,0.10317134507135982
0.31674931593531197,0.10231392620742855
0.2990566030722943,0.10000381263224223
0.2951119249079588,0.1000846707034419
0.33061130600192984,0.10243575019623888
0.30707306681281676,0.10069353418848934
0.2778911146861589,0.09631226512825411
0.33286041816417616,0.10526540098972885
0.3193763419115123,0.1037780316651224
0.3106588752650758,0.10148588263797766
0.2780156838201113,0.09620786045592788
0.29602221663897765,0.09972187476469657
0.277069828182346,0.0970037640476296
0.31678075626578395,0.10246369950573878
0.32953561805401177,0.10309038910884635
0.2770529868144603,0.09701796139868939
0.3109273427714788,0.10182283476476187
0.3296696764843217,0.10417393155179415
0.27780063137159444,0.09632696329054583
0.2779105170401989,0.09629601734125375
0.27694508701275156,0.0971091560269314
0.3229386441250386,0.10331109065604474
0.275201901410575,0.09859169355187006
0.2772309258697023,0.09686781830414247
0.318277615345156,0.10262569727709465
0.29128759625136824,0.0992405446367359
0.3047380808125023,0.1013660293024124
0.2772558563966637,0.0968467738520567
0.2919525496370251,0.09900871513757342
0.3105440804805232,0.10159792233107286
0.3203372366924529,0.10250574026623019
0.334877480450383,0.1050504700897944
0.27614549168708136,0.09778695748272057
0.2773245768291924,0.09678889545233543
0.2835726450147417,0.09906049454959731
0.2760294216366038,0.09788574775324146
0.2996861523880211,0.0997862373323048
0.288710074135929,0.09933634718221009
0.3017756030374825,0.09985531635065223
0.29297202913858167,0.0988370988186422
0.324504682117389,0.10346935268900681
0.32142092515180054,0.10331960286218131
0.2776243465374184,0.09653640138886457
0.2943580948778757,0.09806888288293493
0.33244042575008403,0.10442439906126418
0.29316245720248724,0.09859029520900023
0.28527276577318506,0.09737575532652834
0.2772375231766242,0.09686226189707339
0.31883384457849484,0.1026750901047093
0.2778386305832249,0.09635625320241645
0.3028498683956008,0.09978824765365232
0.30203667211087626,0.10025981244663032
0.27736881432270166,0.09675152059074521
0.2917949367063918,0.09887750578347018
0.30153232277322156,0.09939705481967118
0.3026024328749744,0.10121900178028342
0.3109477669143201,0.10179921750844605
0.34113570198632526,0.10517840311684261
0.3188177978797312,0.10169229589164708
0.2780404222384366,0.09618702600066051
0.3229774277377876,0.10239668084615754
0.31070643296518585,0.10143981163187121
0.27685025290095505,0.09718937584327078
0.31119649391961135,0.10118189293286495
0.3009083550114006,0.09996693421031921
0.3246681503779688,0.1038056943127284
0.32750411440455046,0.10528391285898517
0.30602396675570076,0.10035241342084122
0.29725242028350174,0.10045736776324056
0.2776379028985464,0.09652501109603266
0.3032756197667685,0.10047048376682183
0.29333379061143205,0.09989633725306668
0.27742667301395474,0.09670279629618417
0.3526236594166812,0.10736610092642494
0.32992815140774023,0.10466520433675605
0.3022826397545774,0.10091772643751376
0.324167512948444,0.10347807216933601
0.31052134242839935,0.10161975819242156
0.2763161746688634,0.09764185554149868
0.30518162063362797,0.09970357008796571
0.2995548159170999,0.10022256277811689
0.3244445968931954,0.10380854969094663
0.30264567316700663,0.09932510387145986
0.3166216714644162,0.1024500956452357
0.2769838908368055,0.09707637249646803
0.27524040058341764,0.09855879844100979
0.27755565405209814,0.0965942132834966
0.3257785322891805,0.10412092803536463
0.3257622966434678,0.10414424741271214
0.30195169016454554,0.10037917610215762
0.27629608672670747,0.0976590872180439
0.2934887150080612,0.09962834916664683
0.3356243100842422,0.10576215039950906
0.2903636701395437,0.09896069877001587
0.29498000916632205,0.09977769124154774
0.31147488055659794,0.10135551995620118
0.2984225716618043,0.09884026695702604
0.3181896129434604,0.10302589189791163
0.3061928425823154,0.10033780138209661
0.3496654867802192,0.10781439559207551
0.32203829752949825,0.10318400898700272
0.27624386795206135,0.09770345006371114
0.3100409553913541,0.10208868739712348
0.2770442966807104,0.09702535964720539
0.29819154616454174,0.1010434041883089
0.310673567441414,0.10184901746247271
0.310246078901676,0.10188960195124727
0.29879293870948764,0.10012052328798127
0.3204880492030097,0.10288201149729137
0.2769988839600721,0.0970636995070892
0.29106306053726727,0.09896331895737245
0.29025887270050904,0.10025077094323458
0.29714994111702864,0.09981071378580084
0.29318449389829715,0.10069941700729493
0.2765595061335634,0.09743556982322557
0.300103629535345,0.10124867932509606
0.2762641870577892,0.09768606775896405
0.27614796562246824,0.09778492276941546
0.2911556550861112,0.09861080968608366
0.3118305094370746,0.10076397987353174
0.3033744579535328,0.10015028487060194
0.32638978301872673,0.10361387242650524
0.2887559020495693,0.0992424144513552
0.27711421757678845,0.09696628503841132
0.2988650927867035,0.09974186119246937
0.27812014482372954,0.09612027178438624
0.32520281939221163,0.1024858254909499
0.2762940092494987,0.0976608077319879
0.2989547758423672,0.0985313172511561
0.30049285391949887,0.10126922013664466
0.27704050422665516,0.09702855150897002
0.2961358127934027,0.10024784524452679
0.27660032501523124,0.09740096242422222
0.2774804725874854,0.0966574805870146
0.277058092157129,0.09701366928288338
0.32104138647649055,0.10186842868003892
0.2762656329972947,0.09768493793768054
0.3212406465472394,0.10313812975580462
0.29045187501868763,0.09961132126161498
0.2976124087459386,0.09986122898361245
0.2856832258133705,0.0979723094475117
0.30519559647516836,0.1000933348452504
0.27763033555845695,0.09653128388864365
0.29730941710689046,0.09877078911298677
0.27718096249663515,0.09691007126295517
0.31033217444668537,0.10240566392713044
0.31833254425780627,0.10349096687051176
0.277232053278489,0.09686684560294306
0.2952323858180874,0.10061490972045567
0.3042403735897743,0.10016613341854791
0.32791036862303446,0.10381400713510941
0.3102326203380031,0.10190210208131181
0.3116184889650798,0.10096577040925872
0.3325720102369286,0.10455985976260221
0.30960800929962184,0.10251647298745473
0.29144877616861753,0.09833357670519671
0.29509255244387156,0.09925890112855362
0.28836209264688917,0.0976184653573525
0.3114592291416167,0.10130417713890065
0.3271014032529306,0.10589377348192959
0.3111582209643627,0.10141152026028892
0.2768293375109767,0.09720710065237362
0.3251045741306444,0.1029553579365162
0.3042141983722337,0.10125184232447532
0.3227359419665607,0.10314521506464142
0.33988537617379316,0.1073848638526758
0.29584143855015577,0.0999251101498139
0.2771454227775675,0.09693997163859841
0.3091454743104878,0.10297143616398416
0.29554868197162054,0.09967596922261483
0.27755591024187093,0.09659396362019629
0.297465979809501,0.09970927567965857
0.2768331515347533,0.09720390182435634
0.323390729050973,0.10409621480756809
0.2913047242593317,0.09917382575718191
0.27798653080212093,0.09623222641949025
0.324116893568815,0.10397069178080115
0.27663701691814596,0.0973699022149284
0.2766821559742492,0.09733162244313315
0.2775976951048539,0.09655888826515538
0.30377724450941956,0.09987236527957435
0.3013580311211878,0.09991323316919282
0.301137669100304,0.1009520168341498
0.300889828397461,0.10100137653186952
0.2773592877945159,0.09675957906176605
0.321822627681125,0.10314621910188423
0.28647903421478144,0.09808568589395569
0.30133670726998835,0.10105767627162421
0.31548955084029107,0.10298465070579652
0.31059608936386335,0.10154669733724797
0.3095558816779418,0.10249960776993443
0.29322592932511576,0.09971367558221586
0.31043699981234096,0.10188641241657515
0.2777683487445428,0.09641536147674017
0.309374778382133,0.10274510183130209
0.2767445168440905,0.09727884404591737
0.2777293747869147,0.09644814841192093
0.29148434768628817,0.0990122704859879
0.2933718627873625,0.09908640777506372
0.2951985902699919,0.09902323560302426
0.296983543400033,0.0999142894368941
0.32164303610831513,0.10334690840725483
0.3101255956461921,0.10200571591245655
0.3268615025361218,0.10414975004301569
0.309846836433609,0.1022815640992088
0.2771969888259872,0.09689643955196509
0.27609510539879606,0.09782979975236178
0.2771070207118824,0.09697233750286696
0.2908025996801038,0.09953424075338818
0.3112696776020006,0.10089699492566168
0.27696078991881845,0.09709593073973391
0.30059431933538655,0.10008416151399402
0.2783411211681579,0.09593524589544056
0.31888567353666375,0.10127608416737621
0.3099889519056806,0.10274225386282977
0.3195673687332699,0.10403063186818842
0.2976123155579442,0.09934552787259573
0.2892771643311839,0.09823549344819375
0.2862792753737886,0.09764695330953162
0.2832461697435481,0.0983801377861219
0.29453022585966043,0.09896602908025864
0.33487861540090674,0.10317891869542083
0.27656173851225835,0.09743365173733548
0.30412034673483357,0.10063296708932776
0.27771469655234693,0.09646045554934075
0.2995924931168681,0.10197257459752432
0.2773048976823046,0.09680549040288769
0.3111160966894728,0.10104546692939609
0.27718899976840583,0.09690320883716799
0.31140902670812504,0.1013515026309177
0.29717082516275106,0.0991452202127713
0.29607832221045316,0.09927340209828653
0.27800919278890845,0.09621324340001053
0.2774746964136714,0.09666241396801743
0.2925308628877282,0.0992793446342658
0.30102041062538115,0.1011910376957016
0.27679826518234935,0.09723333211947213
0.27802577684689345,0.09619930063358936
0.27721192783944637,0.0968838548294664
0.27824515943367634,0.09601559759003657
0.32120272761290547,0.10320304358644435
0.29878128991831276,0.10034947547584544
0.31109002062359353,0.10147776750451787
0.3048864747150289,0.10086460131195346
0.30997070043924846,0.10215902474240755
0.29625266715278264,0.09912376247925739
0.3316608611175662,0.10495245702043396
0.2773608167066557,0.09675829500576943
0.2995469158108469,0.10014386083350503
0.32473682742776616,0.10368627065691358
0.3013439542320805,0.10098231073521122
0.295672185080439,0.09988910880921065
0.3009076483741818,0.09982809767678183
0.2769049645117573,0.09714313664189672
0.3004854897129103,0.10005181689122546
0.3477368767169209,0.10552884839402853
0.3053895476045056,0.10125287007998295
0.27706792445997075,0.09700538985696992
0.27797318574404767,0.09624348376670612
0.3110490176961759,0.10170054068816398
0.27641716576040903,0.09755625631432874
0.29556703984679783,0.09986790477595343
0.3054272813159381,0.10074235565096148
0.2984968154476675,0.09950929341954998
0.2980975751285354,0.09916298095812992
0.2955809905471133,0.09907700463741898
0.27799682900057493,0.09622358108279977
0.3100029256415684,0.10212612315944525
0.322143575646628,0.10363910134211612
0.31196057485921824,0.10081679669814432
0.2973583260516918,0.10074468677203423
0.3170352368052438,0.10308059234532524
0.28919162700504586,0.09817228132907702
0.2774078302355235,0.09671871822111253
0.27733087158989145,0.09678355363530737
0.2769998582058561,0.09706285468157663
0.2772516417702976,0.09685036248603537
0.2859058435291146,0.09795473807315688
0.31199271893723235,0.1008544604760496
0.278056983958523,0.09617320353636633
0.2911369076283954,0.09900306030224384
0.31106928464986583,0.10168055132804484
0.2608815749909442,0.09484626424393153
0.2772066998733016,0.09688821881367284
0.2761944670538088,0.09774540566269721
0.32553624126776554,0.10456411508106414
0.3107622466160226,0.10198330553668242
0.3112489822371292,0.10091528619221825
0.2939613000660463,0.09892094716551833
0.29771838103840365,0.09980446501788065
0.3106443667799616,0.10209894509410991
0.33243243805053774,0.10506946087833856
0.27663031973258057,0.0973755792436776
0.32471231043829746,0.10305174286869148
0.3478229184752025,0.10712347788123047
0.2759362281590741,0.09796501752821463
0.2765064534786692,0.09748057287611389
0.28953126495007186,0.09813099047257309
0.3216012760226393,0.10274411404446299
0.27685981488590056,0.09718125812206846
0.2980872910010138,0.10086287695999807
0.2769106345638495,0.09713823453083115
0.285836794846115,0.09810281086036354
0.2769498290969138,0.09710517029923982
0.3085559189828624,0.10144643181837432
0.30237011841226,0.10143789047963495
0.27786559942119876,0.09633368995311722
0.27697083351947727,0.09708744657148748
0.291845403494566,0.0996013753305191
0.3331421647066926,0.10495028789975097
0.27782567383904055,0.0963672285882087
0.3112413261711465,0.1008582127890057
0.2767967350186767,0.0972346449464861
0.3117584395452806,0.10101331837648678
0.32294690369255646,0.10289779026144304
0.32187930892607963,0.10362319268654498
0.28768662249329535,0.09780782730711576
0.32095787814726107,0.10381090363605314
0.2771901505444769,0.09690220147695808
0.29855427908294346,0.09989718185787426
0.3106430789705999,0.10150196649068866
0.31109395756706826,0.10172631424373588
0.3298530560746365,0.10430944536746767
0.2766256250331265,0.09737932321981575
0.3208626873562998,0.10289502572494351
0.2770997006143226,0.09697861325927967
0.3204435472753901,0.10102930820294964
0.32218631282313465,0.10308951284694551
0.27630568712992165,0.09765091020960004
0.3107556067409033,0.10205721368703038
0.3106758208455125,0.10140498526331235
0.27642286084668477,0.09755146056955913
0.3009475898544232,0.1005719312594297
0.27591496372848,0.09798313552438748
0.27787871291934463,0.0963227091841275
0.29043168547464726,0.09759301972191131
0.3000902957648547,0.10110027533762159
0.31025764998550587,0.10229136031713115
0.2951044143918524,0.09991088874344309
0.31109593607363106,0.10099836703583588
0.29333483707102703,0.09906399409609498
0.2899539408206251,0.09898729692101106
0.3426132309208314,0.1076828372847863
0.320411093572486,0.10324332280992901
0.31172491717839873,0.10104508289733716
0.27738261993904567,0.09673992510833695
0.29003203435916713,0.10037054967405827
0.293476690774482,0.09852925262995252
0.276767319446054,0.09725954119243585
0.3118428260438374,0.10093311234741932
0.28820493859978896,0.09897109188343123
0.290157815486737,0.09841454966007795
0.2800619996366659,0.09767424141396985
0.2974965859130513,0.09965280827689889
0.3113536218142429,0.10147333568242387
0.2869987124876987,0.09786895363754636
0.32743610085249264,0.10491735090693706
0.288671165686297,0.0988132422212327
0.3108607075166807,0.1012904248360932
0.29313895479480845,0.0988288130653879
0.33262769835936545,0.10529963006740067
0.292625786942392,0.10029663871907771
0.2780053097442612,0.09621649334871687
0.2999322030992092,0.10019547066095656
0.28737484412749564,0.09795107002300296
0.27677503550117244,0.09725300071617873
0.3111913036929453,0.101560778446546
0.29296956705658994,0.09795049917467324
0.2761062399785926,0.09782043512944862
0.293864201776583,0.10006828357105169
0.31157419973748635,0.10119051345463817
0.3112638839754967,0.10090163520654291
0.3112444397098096,0.10091897923336444
0.2949822545668993,0.09889987997417025
0.27647757608073964,0.09750505749721503
0.2761679949078094,0.09776788991383421
0.3162463289994625,0.10114728520405836
0.27763050544939016,0.09653129429455842
0.2779872173844532,0.09623172371743727
0.2772914755904303,0.09681662957117872
0.2953857223209936,0.09881429987083498
0.31144461146559466,0.10072715442147279
0.309985719813214,0.10281525787026763
0.32318568746963827,0.10295719829252523
0.33288875495881665,0.1050964096158897
0.31111639849617734,0.10163671528319991
0.2772972291166538,0.09681189198327514
0.27607149125214425,0.09784994367217575
0.29421622138725156,0.09952215935860553
0.2922476859736607,0.0993911268273408
0.2979121194549996,0.10001005052657293
0.34646143884018776,0.10608071485854917
0.277112828868876,0.09696743966730301
0.3383911089148156,0.10481106737030689
0.28761208610359656,0.09900579973617785
0.27675349385553427,0.0972712580540099
0.30171150035455896,0.10023187682367224
0.2765439650002858,0.09744874860676081
0.3111842978375611,0.10097842744789845
0.3102529669004086,0.10226674681697176
0.2984959016650691,0.10019548765973499
0.2784862395299743,0.09581396533292363
0.3036215183250054,0.09975910264576948
0.27513820076810097,0.09864622943310172
0.3099211284655345,0.10220865367252574
0.27796241603464605,0.09625251022866975
0.29712067206856285,0.100762624900052
0.30738151110955564,0.10133446975780774
0.2768097034488409,0.09722367444521571
0.2939903939300704,0.09944758112022113
0.29783618929119704,0.09970647416611458
0.29110445838344706,0.09907524847149468
0.277214138959703,0.09688199844909778
0.27820482788414574,0.09604930782940971
0.32206446608572975,0.10330286438763428
0.27643221667797824,0.0975434904057329
0.30132404868512963,0.10040257793165237
0.27694445664530143,0.09710970348940191
0.27665552466972226,0.09735426543051279
0.31168216234103535,0.10115455477779428
0.32684899163063996,0.10366597701679514
0.30210117006551374,0.10001109247846304
0.2765422931450926,0.09745014777644284
0.32424527338651826,0.10193727947967074
0.27636889410719423,0.09759728931498356
0.276886822121454,0.09700636364747377
0.3105272679171013,0.10161476508698405
0.2764689914405171,0.09751232244531423
0.32374933590379473,0.10289384060660364
0.2933897613357168,0.09878800970760451
0.3448145266988992,0.10557684631984493
0.3116242952515028,0.10055406724702796
0.3005195265327062,0.10105210054141812
0.31170226266957624,0.10106599510384495
0.3111908726350213,0.1009727061188199
0.3164163062205537,0.10186092387081397
0.27717356625906403,0.09691611384259485
0.32640649505798264,0.10303733643560656
0.2779402525699133,0.0962710724828599
0.27706176390498927,0.0970106207697852
0.31737907128596715,0.1028880735799792
0.2910059256228168,0.09905017538926138
0.31641213708972205,0.10262687715309138
0.30279371876735395,0.10076705010674433
0.27900526997836167,0.09538135633134588
0.29334124565650155,0.09853469651306282
0.27773647562528175,0.09644222834777139
0.2971568501251317,0.09946228293645201
0.2926687365932583,0.09923272914389261
0.2874380972264234,0.09941728217736806
0.29964167106114054,0.099686319387565
0.2968063321897115,0.09884056923840526
0.28649137482167397,0.09745507456823335
0.3236590803881129,0.10331184363426932
0.32275610472123795,0.10322591863714767
0.29091148377433357,0.0987583795572091
0.29883254958524264,0.10007278942852027
0.2765035028575924,0.09748310142058243
0.29629310191551694,0.09983930051919113
0.32892314364751307,0.10428342368064948
0.31120187125068455,0.10155305763296707
0.3113136488366869,0.10144349705714109
0.3255094097875826,0.10295290376089622
0.2766500292404753,0.09735887016522862
0.2776189356318939,0.09654096918471518
0.29791784455732095,0.10047687267306654
0.31066948608312417,0.10147641023191833
0.27649671770526923,0.09748884033824388
0.2911367124249151,0.09967344198733313
0.29544206835624254,0.09863572787889507
0.2940255639242536,0.10114103544458697
0.27764178363346126,0.09652153759544363
0.31100662365595033,0.10174345164081511
0.29255305345303084,0.09942806747965907
0.30161221443376696,0.10009304377735835
0.29200211441935264,0.09882738160196142
0.31778752688361606,0.10223369376525485
0.29958787412518073,0.09946528565899632
0.3180489895291485,0.10359914114718435
0.2771387138955238,0.09694562918537145
0.2769339575595022,0.09711864529409284
0.3102524444658964,0.10248203105990791
0.2784065827832666,0.09588057171237978
0.3029902961016617,0.099909523618293
0.3328194266214949,0.10381980144819164
0.31185871086236905,0.10073421738432178
0.31009500617274693,0.1020375867902648
0.29882694909152746,0.10050524309051251
0.2769369933031596,0.09711603416455257
0.32578938824142756,0.10477926807019868
0.2919879915925548,0.09953297726664331
0.3183102446093343,0.10212787298606552
0.31577695097902125,0.10312853053802254
0.27660522413562677,0.09739684689247631
0.3099652841383815,0.10283554143904271
0.2769478377165743,0.09710675916430811
0.2962155320935204,0.10049517489349769
0.3254466926321165,0.10394957368423563
0.3277970769880966,0.10371918645372774
0.31079157970440724,0.10135784524759182
0.3108245613360844,0.10132558132913932
0.3014272970858908,0.099821986185292
0.3020681665242747,0.09996022901060805
0.3094998409042486,0.10255480064499672
0.30396464745779594,0.10052105107502171
0.3040702262665291,0.10024932654109167
0.27610328488991764,0.09782294392152499
0.2876729233563682,0.09777464451143258
0.2779092841805807,0.0962970627841093
0.2964184245985387,0.0987171540586648
0.2918461647167176,0.09888388738988785
0.2976766883944614,0.0997859122029621
0.3273823865269189,0.10446799934581961
0.3204829675588964,0.10300459621916935
0.2783346301708228,0.09594069228058355
0.31045047157849137,0.10228876867326825
0.31404548144207345,0.10342373268231948
0.28798522536734744,0.09773839119733933
0.28924520693726874,0.09796916470511227
0.32339831632925387,0.10322419397615767
0.32980521831693377,0.10336761157092947
0.30008526518968925,0.0994650701088615
0.2775641078584623,0.09658697560763439
0.27753407415558573,0.09661244220498774
0.2978908747389511,0.09935440658366966
0.3113670853442513,0.10120889339100769
0.30295398096006115,0.09999258529755198
0.2771034202012757,0.09697544889648957
0.32051322737256877,0.10289024639924352
0.27689949782367046,0.09714775750138777
0.3095303739546812,0.10258945759556065
0.295186733092378,0.09991844211402456
0.2955421422594019,0.09883707128151717
0.27675434416841327,0.09727051458831859
0.28611259102300995,0.0993602884098782
0.27729379808863885,0.09681479071280685
0.27851790529276066,0.09578753172377381
0.31218455731240746,0.10060023092675766
0.2764823080486739,0.09750099620447551
0.3210090132051871,0.10306054150953838
0.27631381479333195,0.09764401435893641
0.2770425617940083,0.09702676953131993
0.27667159516417594,0.09734055648118754
0.31120854437069007,0.10154714627195245
0.2781014565983775,0.09613584246478964
0.2970185480962372,0.09986636542186797
0.310798183195071,0.10194787159078267
0.3186107749562467,0.10226038889830223
0.2770173950175491,0.09704809469496996
0.3035996648535568,0.10101240156246696
0.28878280608583196,0.09902429275557395
0.2877658726189185,0.09832823670596025
0.3100857667797974,0.10264499232084522
0.32413266335663676,0.1033659871868163
0.2766283506446449,0.09737719509284498
0.301745768678213,0.10017078528191611
0.3172048221786814,0.10250566598060296
0.29014802945665774,0.09939716006013319
0.29215538508993166,0.0984115904166056
0.32768358877214365,0.10409355378441082
0.3222073713601763,0.10195651218217994
0.31968650004050925,0.10246680595453142
0.2760204205478557,0.097893396057423
0.3225418546761724,0.10173450252647194
0.27735469990839806,0.09676348852301325
0.3216640814839352,0.10345139546859737
0.27635535097612596,0.09760879664471775
0.3106914390621086,0.10186629198306782
0.2945712598378523,0.09953803967106119
0.27783286404383745,0.09636121783486615
0.28422949347619686,0.09808965847094225
0.28668062630055113,0.09953558802555168
0.28904087813362644,0.09880833745859645
0.33418585459416955,0.1051129241102206
0.30832558979176294,0.10166957379592331
0.2880211117809872,0.0982918752920996
0.29008532094654893,0.09802582923447209
0.3137449029762339,0.10136265523384067
0.289109303557596,0.09855018758446502
0.3108219982014021,0.10192331062627202
0.2770276338537726,0.09703942548913258
0.30240805179747354,0.09929890930929008
0.2966385450164323,0.10045869238474398
0.3110236203244462,0.10172555211388855
0.2767230719273275,0.09729700227065248
0.2774345701234918,0.09669603739772663
0.30582350753005366,0.10181973691298771
0.27679535686110296,0.09723571721230727
0.2780226004542231,0.09620195074873271
0.27813358397336174,0.09610899256842628
0.32056096360729713,0.10314857315648392
0.31091696962075843,0.10145476313080204
0.28948482415470583,0.09857989558207902
0.27729378797053705,0.09681482080574097
0.27735854730162435,0.09676019636090467
0.3002502184825082,0.1007486324351019
0.3102131503087907,0.10192104892176172
0.27665477947001366,0.09735479750706982
0.31176596807545875,0.10035455768021215
0.3101838827862543,0.10254919592906502
0.32156033254549116,0.10359043814288492
0.27719344448448024,0.09689936564087162
0.29265379119976453,0.09850886954283032
0.30087932080178614,0.09983708684193232
0.2963494307995288,0.09962135963581242
0.277502674708397,0.09663881541165505
0.31602156425563027,0.10255433031322343
0.3004621888491624,0.1021775895043138
0.27497385589754414,0.09878687357755195
0.32399915426481013,0.10405457168349096
0.2851106326654941,0.09865004461593513
0.3119256426997384,0.10047945555872252
0.29064313687013366,0.09911952345541343
0.300659210964685,0.09993775763952574
0.3150433494343108,0.10284440378432078
0.28507640233558135,0.09778062228669979
0.3106259447911084,0.1021843360123735
0.26264041069039956,0.09473155798143376
0.3007778052954436,0.10003214742765679
0.321925884530349,0.10390056522047295
0.29505324377655384,0.09810264221723695
0.2777557270363944,0.0964259759023618
0.29263059558112786,0.09900615316682942
0.27637499592214587,0.09759208437457748
0.29208511018209266,0.09941707529615773
0.32121169722070175,0.10304619602651077
0.3103859015477093,0.1017539355417085
0.3094516683148222,0.10266992419696028
0.2877120658758362,0.09828183432331722
0.29173739415242816,0.0985238012299501
0.29975117170314075,0.10175671058331391
0.30316184605473534,0.10062639387738409
0.3115375093246415,0.10104396781189316
0.3104068148513359,0.10173259079034894
0.28739014967551524,0.09870087407243301
0.2772007312579887,0.096893375517203
0.3217959265130864,0.1015758033657625
0.27679863607799693,0.09723304909013827
0.2775594826355837,0.09659098319059325
0.34054486739227724,0.10474269719127205
0.32073144892297134,0.1038830594421625
0.2983103875066579,0.09865683951128303
0.3105405248391969,0.10219979248921408
0.28714023370750263,0.09798559555949762
0.27696841309219267,0.09708940672635354
0.30254538217326366,0.10021502167909802
0.31124384579915465,0.1009206262579799
0.3094153392894536,0.10270402221235903
0.2921809565091349,0.09817126659507375
0.2765153989736253,0.09747294152558103
0.30028559133773924,0.09994818804411493
0.32287445184435115,0.10367559477195598
0.29982591223123545,0.09987848404073983
0.277411987351025,0.09671517553788259
0.30136937234423733,0.10015555057680395
0.31866450576436167,0.10204436984673118
0.31203783575916183,0.10074434876520066
0.31093961736923714,0.1018083802854035
0.2775034026685319,0.09663824045645024
0.3004323478272922,0.10055844057093327
0.29710347950230964,0.09862394723720648
0.2775787018939331,0.09657483302213879
0.3002751640762602,0.0997203391133625
0.29774304278031394,0.1011432740917872
0.3211982179023456,0.10292183961983706
0.3112516152250828,0.10091298856796764
0.29920218552545397,0.10022698267405973
0.29641226587687897,0.09987442858418856
0.275734174779492,0.09813714685702869
0.2765200517988901,0.09746899271579179
0.290195493746261,0.09784093265380361
0.27729013770223254,0.09681790532729549
0.2904500104752724,0.09650551120794926
0.2770236104218947,0.09704273903984907
0.2766727546256227,0.09733961484743897
0.33540697845316175,0.10417992773263987
0.2869998153694451,0.09815229608856205
0.33305442190805656,0.10382563151836609
0.2766655799194711,0.09734572719660431
0.293305363852465,0.10007876881773681
0.2917262106394709,0.09964895998798332
0.27731966052897056,0.09679303525341348
0.2962090246160979,0.09997324458237375
0.32472578759453846,0.10387258484421802
0.2756834353613872,0.0981804894533065
0.2940147598352697,0.1007723673334455
0.2771653115136795,0.09692323337825329
0.28904246944212375,0.0988899531177744
0.27653895767412995,0.09745300172579376
0.3178458310021377,0.10172268788622957
0.2989695677705476,0.09961484071849247
0.277141865921632,0.09694289486873542
0.29417454832902823,0.09884332900896677
0.2917340739824785,0.09938318379506339
0.29153856024116914,0.10078736964317851
0.32286665778903073,0.10381110489513258
0.3014033992970633,0.10068117143580199
0.31724357844349793,0.10337030699474309
0.29041770372985887,0.09865623414696097
0.3105447397701322,0.10153232897494863
0.2758580517170509,0.09803155032166017
0.27638655220357256,0.09758224889998979
0.32502364920761295,0.10386666829714436
0.29069588811574765,0.09871212046098114
0.309678769835941,0.10237874468912628
0.3046881311179276,0.10111384155582168
0.2781255714212487,0.09611572321502537
0.27857107532568226,0.09574316579104289
0.3343088000935125,0.10415175032410841
0.31803935220585,0.10269670085777562
0.27733328743263125,0.0967814529820222
0.27769538313151976,0.09647677010325996
0.2960030395169546,0.10024555624659423
0.3109461105485085,0.10180203881952879
0.33122999631798344,0.10406904685663962
0.2911122848067622,0.0980302327995457
0.3043134977946089,0.10045763256676724
0.27899868958498325,0.09538682474443466
0.32502476642747746,0.1033531442395348
0.2773573803341948,0.09676122323329364
0.311813988864438,0.10102704376302432
0.27713283858872345,0.09695059144158098
0.3032664311961236,0.1010846167730019
0.303212654299,0.10133453229872462
0.28668160243999863,0.09805025984500684
0.2779564816090341,0.09625744902637234
0.30977287185749885,0.10295697193838942
0.2774707307393617,0.09666573181955078
0.2781052168756952,0.09613275197162602
0.3403258752719128,0.10637702320715003
0.2771001911891189,0.09697817909410841
0.2755848796553203,0.09826447101313468
0.2904939402768884,0.09791210942247741
0.32097773472874164,0.10340229634795436
0.2763055284541688,0.0976510492079229
0.28856704782530707,0.0986437920569899
0.3004312859981,0.10132019705267853
0.2773487752325977,0.0967685084228028
0.27673870018137803,0.0972836614040613
0.3107330889465136,0.10201129888022398
0.27786450041975685,0.09633469994936814
0.3179008967257685,0.10297912971216552
0.321532169605493,0.10347568694601232
0.277410351168181,0.09671658769769349
0.2767042727693313,0.09731295693939995
0.29787296281212094,0.09933184525458606
0.31659271931847227,0.10242851999798333
0.27777429787241836,0.09641015321625526
0.3221288649883238,0.10343436486079066
0.2764470684474596,0.0975309588539348
0.2909160550996999,0.09935073425004384
0.27747869663737906,0.09665899439165804
0.3037182940897766,0.10033494739867256
0.3019663265112269,0.10048553746737934
0.30364738989059165,0.09992642794362891
0.2786909958218912,0.0956431033224571
0.31136537009135556,0.10098468864233873
0.30021289453804473,0.10055770675580042
0.3307108696833294,0.10418270599984022
0.2909046096615639,0.10010643994097583
0.31063688852505,0.10210463251048774
0.2951657054706275,0.09871862372955437
0.3096058377762563,0.10251798057790906
0.27724085491659134,0.09685943560089025
0.27697274052018983,0.09708582439851057
0.2770574547760288,0.09701429420718541
0.3010051943378258,0.10044954782770753
0.3224340298531976,0.102540860279387
0.2769756103039961,0.0970833551663793
0.3109202919367584,0.1018285631477337
0.27690178716546543,0.09714579021322428
0.33196524254195386,0.1044537435594316
0.3151648094749042,0.10353767035569643
0.29422607553362623,0.09891681733145524
0.32090052264362623,0.10390793124572102
0.31924949116963464,0.10380443244764812
0.27681228071835096,0.09722147547636452
0.3251541566146675,0.10407270854604223
0.3014155654559743,0.0997742854836885
0.2948082462925786,0.1004552856065368
0.2765080634792849,0.0974792100351109
0.3043101851344704,0.09981857889211598
0.3012073469974014,0.10140101883677222
0.27794531305662534,0.09626687229048977
0.29786639294200756,0.09854289388327517
0.29291301371011214,0.09865867987841824
0.2975467111207136,0.09879826149606362
0.3121456450112798,0.10042313260221035
0.31740407329568227,0.10164816089659123
0.276557470690635,0.09743730372108277
0.31835267194716493,0.10292315223373666
0.29911847355518306,0.10065657901105751
0.31157262040539485,0.10119441806512816
0.3106106806687194,0.10212886235870769
0.3120067577384038,0.10077387574192756
0.2763025635279177,0.09765353867938853
0.27700992766511734,0.09705439661485259
0.27793657513231146,0.0962741460958213
0.2768769102787718,0.09716677959365078
0.3093704055424322,0.10274832060671671
0.2761073234330101,0.09781955696672368
0.27724308071549286,0.09685758758065632
0.299476070819552,0.10004198855807457
0.28936209848012584,0.0993207630683624
0.27726447688657113,0.09683951216774744
0.3162749990857638,0.10264202807354744
0.2768978656423241,0.09714910161189283
0.2993835027028988,0.10007076992150449
0.277444556494305,0.09668776975484927
0.2776690934967752,0.096498816986329
0.27628710544444457,0.09766667775831075
0.3163244083474816,0.10209567304753082
0.2776654541549982,0.09650187684749505
0.30275164307515146,0.10159789996409692
0.2761597400487896,0.09777487476060925
0.33314474868605426,0.10346745844806443
0.2975706661176166,0.09883880715913715
0.3109652515739346,0.10118919639165605
0.2778184879863943,0.09637326249071743
0.2934830308512448,0.09970852351944415
0.2986963901157841,0.09990955963751896
0.275735172205409,0.09813634863386153
0.3100614416205043,0.10207047441641148
0.3104502667259383,0.10187343995484624
0.31995341739755007,0.10254499824558144
0.2977567907555273,0.10025538985073915
0.2779267252641962,0.09628238647466106
0.3110087078704402,0.10136566973163012
0.29658747964518695,0.1003290261567884
0.2775242221114152,0.0966207188119165
0.29178711387799805,0.0993848629347188
0.31084408161604593,0.10130807649976163
0.27646704069123584,0.09751395040871959
0.29891636667908,0.09984202775645455
0.31033741562749867,0.10201837256945545
0.3275530356822056,0.10294290648075956
0.3028225372680749,0.09963509489056516
0.3106834853472714,0.1018741025456692
0.278048160174994,0.09618055592732153
0.2777151064859214,0.0964601380420824
0.3107050107811553,0.1014429161584618
0.3101602389512683,0.10218633527150423
0.33223845491116694,0.1051983166034395
0.28889278234880916,0.09853177474516647
0.29607689436098944,0.09927574618845073
0.30161018112876076,0.1013504012544314
0.2762146427713499,0.09772821427710428
0.27685873873048483,0.09718212636054346
0.3107570365279718,0.10198808147767441
0.3106731491833625,0.1014733020048533
0.30156862014217456,0.1005231357957114
0.30008821039070055,0.09896235282432697
0.2782952329170203,0.09597366872317434
0.29090298872542114,0.09956330750183862
0.3104474720502453,0.10190512667829327
0.2935823151200042,0.09938403851730077
0.2768036585506826,0.09722880307343182
0.29215924052095965,0.09853733835489409
0.27809607561993455,0.09614042001012857
0.2871551592978404,0.09787959139892556
0.28858941605076205,0.09876647802883065
0.29082379512121515,0.0982661308570075
0.2919673255149091,0.09915075258893999
0.2776270163358041,0.09653420300268827
0.28884357629023993,0.0986312483433553
0.2768066312472653,0.09722629398861425
0.3119053292926294,0.100938775326507
0.27672178399592195,0.09729811532212435
0.27819477148750604,0.09605773002218718
0.2986121131892949,0.10020615281863318
0.27732062518510575,0.0967922319372186
0.3184270697308466,0.1019014756294892
0.30087639947511985,0.09857141769859264
0.31026138430479305,0.10187489325398755
0.29977644194929803,0.09977282596809894
0.33302949235014895,0.10391561306875857
0.29378269120619294,0.09934175475075961
0.27561293703546774,0.0982405532824811
0.27742497383191383,0.09670427433553269
0.31065852725117293,0.10208392270867636
0.2983118666444924,0.1000919195229508
0.2762326672808807,0.09771298830421976
0.29611877933675035,0.09961597132086755
0.27806963362181103,0.09616250961256609
0.2766438728774804,0.0973639911688522
0.3166889129875841,0.10313453871514455
0.3042879960297475,0.10096559601966362
0.2770428451205055,0.09702656301117768
0.2920959909164139,0.09813581361630455
0.2765571686565853,0.09743755640184966
0.32178097175970144,0.10286971129321126
0.2771272310235119,0.0969553424217741
0.3102229637203633,0.10191137707273368
0.30262372473343757,0.10028250597049729
0.30312890537842163,0.10191095800925651
0.2761260933632026,0.09780356162719023
0.32622483431695193,0.10254926846744522
0.2844417668169276,0.09832489926320245
0.30273961344072514,0.10013705948801235
0.27700998403512467,0.09705432452406385
0.31106953849653807,0.10109054786443336
0.27684287174362565,0.09719559657449964
0.31011380403539374,0.10243269384103518
0.3112896988127357,0.1015355464911898
0.3004503542050184,0.10079424904344511
0.2770252588362614,0.09704141768917923
0.27760536868492114,0.09655243594359442
0.29230542749407257,0.09943081412051284
0.2960022809713827,0.0992813253599872
0.2781029400636473,0.09613468463315145
0.2764967740893875,0.09748876826633895
0.2776445325264888,0.09651942456776418
0.27627409230530314,0.09767768483732574
0.27536103692574515,0.09845561113503062
0.2903825481730118,0.09972559334283607
0.30025943283600576,0.09909415639108925
0.292070357618579,0.09862616144950695
0.2778056268052629,0.09638408356474851
0.2917041150860965,0.09893293494034672
0.3251877938726505,0.1043810309866693
0.2772440228496629,0.09685677778047735
0.3106897888060725,0.10212168658616197
0.3200078131443407,0.10316136419073915
0.27722203642863796,0.09687529888797441
0.29908454013721375,0.10022643678956931
0.32324904440356117,0.10368771172279574
0.295500952193102,0.09904850445948044
0.29868708470680677,0.099488814843565
0.33885298413137166,0.1050297885693385
0.2963059948647556,0.09980356570099516
0.29366109720465994,0.09918423140161725
0.31660467291417765,0.10222866491496428
0.2929463654386137,0.10005179169141605
0.32120814015161514,0.10301186180838638
0.2977710939565066,0.09994060945549074
0.27746894661364563,0.09666724127185376
0.3108074074649809,0.10200639810565143
0.2954015362436526,0.09919095859776729
0.2759696127500525,0.0979366040489796
0.2954164981646033,0.09989700168881531
0.2763028458201277,0.09765336588563811
0.2996364526967988,0.09959921346142164
0.2890385099258558,0.09919777592332286
0.2875153622703388,0.09853863908981093
0.29834821664648803,0.09949610490357147
0.29992453023804877,0.09936395400741227
0.29710873937201243,0.10014737027630681
0.2760131713649173,0.09789956286220583
0.2925683888393102,0.09897915048904471
0.27658265429968865,0.09741594416916587
0.2782485750663765,0.09601267671797102
0.3044210417297363,0.10134239525748187
0.29915556079616046,0.10068447714227217
0.27657389530788024,0.09742340958519016
0.29714643261271,0.09825277536825397
0.30170171764250797,0.100459638319711
0.2779645585401294,0.09625074101822258
0.32216239983354766,0.10318759446280137
0.2761644151709345,0.09777097303701214
0.2979039687087993,0.0995865910798683
0.31253311311162457,0.1025516326515168
0.29542247302861135,0.09953231156421224
0.277293179739721,0.09681532710024623
0.2917707728113166,0.099196895238509
0.27737926003338,0.09674276269549548
0.3106703430065708,0.1016876556171588
0.2899482053214331,0.09932966149517708
0.3197430558121743,0.10342524059252303
0.27671275913228627,0.09730571663424964
0.2767163768220088,0.09730270941187398
0.27710799879284254,0.09697163048735698
0.29099385294824925,0.10057457835144011
0.2766043473046516,0.09739767154052678
0.2772453457835441,0.09685563493373485
0.3285550385185494,0.1057455865969606
0.27586524575036653,0.09802546359776582
0.2971095765086704,0.10033566669698527
0.32515232168260255,0.1028828261774914
0.27700785461631783,0.09705606380715402
0.2975342601735455,0.10000764164818403
0.2773803398109541,0.09674186310079763
0.2770820144834498,0.09699350628394451
0.3183811184267916,0.1033559231833054
0.29276285463862595,0.09803654693371285
0.27739818548825274,0.09672683278548505
0.3320730489293292,0.10534572284300373
0.29541088566808615,0.09993898905939227
0.2897965480195494,0.09861597359618894
0.2917973139225391,0.09986369224177481
0.3266543266020969,0.10265341021834931
0.32404267294780886,0.10362132699287391
0.3027775195311689,0.10023628139807875
0.3015916675008201,0.10105562232541776
0.29972881720634503,0.10006113314892937
0.2773498853186686,0.09676752588798343
0.27752558354909923,0.09661946075331512
0.30029117114801973,0.10041786710239844
0.2920830237199109,0.09926586745434511
0.2912533470127764,0.10052692488630566
0.27739983141292507,0.09672541808985918
0.2772686311305185,0.09683604564549239
0.27775584855128255,0.09642589857070083
0.2773480281493512,0.09676906236093008
0.2760982611375087,0.09782716279668258
0.2971831346780563,0.09916265428359718
0.33942592956262196,0.1050255400642569
0.276147988665724,0.09778492156287322
0.3099744765262058,0.10208876708496693
0.29540720831684486,0.10017260974444521
0.3094220712660994,0.10263142423664585
0.31075031008315745,0.10133274397324338
0.27731805785245767,0.09679425747884118
0.28584601606097726,0.09761841436954613
0.31836669198617035,0.10312384130696828
0.32672386549133947,0.10375728984677782
0.2991937956737454,0.09991026241218004
0.3110235285820687,0.10172713046033377
0.2981818577699917,0.10050492498657151
0.3481328620986086,0.10661922626632403
0.29876821999000225,0.10245328189954832
0.31018278123735915,0.10195151162069016
0.2768137615204671,0.0972202262447572
0.27681122785764456,0.09722238943257008
0.28764968319020934,0.098271518428692
0.3178341530360362,0.10317029766196609
0.27771310055852616,0.09646178201084271
0.30389901875717984,0.10059746681257636
0.31875379528340286,0.10252877410033273
0.2767627646809324,0.09726347415579763
0.2776698794913902,0.09649813914088165
0.32881871000124663,0.10528397739877016
0.27704211876537,0.09702717845913494
0.27831341506722657,0.09595843053638026
0.30229914246913375,0.09906988596727137
0.3241613421553178,0.10398253453074321
0.29849931684805786,0.09969234495002828
0.31971802348308975,0.10214303202847252
0.30161985716471273,0.1005469994119535
0.30080982050372207,0.09874903642207634
0.29852515596536455,0.09944784167191875
0.29900369889003947,0.09909671385505345
0.30042515719379226,0.10056936350676987
0.3152677376135996,0.10178276857916708
0.2758318127532686,0.09805395095969295
0.31066330140842224,0.10189381878748668
0.27729552868670126,0.09681338407035053
0.302447852301019,0.10042924898080714
0.31654726062369765,0.10365192827668132
0.31597468233831694,0.10392362189138449
0.28761678287861286,0.09881756262806117
0.28645109240427724,0.09715587249383455
0.31026062172637914,0.10254367961985085
0.3368831700809846,0.10645738016339354
0.2865043070954345,0.09878779614513841
0.3196296853537174,0.10423646568963046
0.3110824888961403,0.10166922817738314
0.27727353314245523,0.09683191548341145
0.3118919962691545,0.100885896823736
0.30308663512099004,0.1006500969543716
0.27701971998456115,0.09704611644447383
0.298732424684463,0.09927703303988292
0.33860155358715316,0.10580184229845188
0.31090302709168516,0.10191286837647313
0.31948268320935874,0.10317715325578965
0.29305719395484764,0.09882141480304193
0.29103347871680063,0.09865188314343815
0.27678867101662497,0.09724145466203729
0.2768443293911902,0.09719437993065941
0.29282712879056116,0.09938923181754565
0.27663991908144026,0.09736744984808829
0.3023217830866919,0.10145507212487469
0.27771541928893323,0.09645987823907695
0.27706730199101404,0.09700593441282769
0.31102375184120074,0.10113326976946027
0.30008281044455976,0.099931621707399
0.33235264507711093,0.10407474752729141
0.29651580236717245,0.09969238092342819
0.3120792653216692,0.10070198118722357
0.29268937229456726,0.099751127818687
0.3023589597821952,0.09983097782079287
0.3101065563512384,0.10243991182522169
0.30967853468026224,0.10305102462301825
0.2767718103206504,0.09725577868715918
0.27711914269056254,0.09696215297268898
0.2977285403301427,0.10007153040208154
0.30144952205963377,0.09922204586142555
0.29565610745653104,0.09872427494569853
0.29352915285139725,0.09903216151460839
0.27687989226961085,0.0971643162386621
0.3304690310493316,0.10414716087942846
0.31010632234188135,0.10202560454323531
0.3097956998912945,0.10293433256664827
0.2966554012198206,0.09905535177656528
0.29136902396082454,0.09924828563847335
0.3012447206756549,0.1012454569900408
0.30390184522939656,0.10176882624968353
0.298058802962317,0.09977584177097962
0.30054334093097557,0.10039789793402726
0.3115225263729023,0.10124224571482485
0.2955572602481884,0.09932679146621304
0.310229826789363,0.10183913615819534
0.2961103013060876,0.09980674036906201
0.2961845828460892,0.09862160529669026
0.29596022451017756,0.09856080532303486
0.2970204688875647,0.10091471566986412
0.29221500421157565,0.09921314572146986
0.3106980201554388,0.10144841033333316
0.3242314093174896,0.10420473718224316
0.27716191323139017,0.09692607335011537
0.3217741910084486,0.10493763247656072
0.2771475184227792,0.09693815965231012
0.2776534384830438,0.09651194627668291
0.293163956669511,0.09992420976114859
0.3186083009654189,0.10194830907947373
0.31118223508930587,0.10157188283351679
0.2762529887360999,0.09769563477198295
0.3005647401146808,0.10014285749407728
0.27661885899857147,0.09738526550787097
0.31090541925132265,0.10124740152051767
0.30698023926560725,0.09946357940102699
0.2763656894751342,0.09759992496125151
0.2989520532826547,0.09977612377970153
0.32232602613735223,0.10353972837699259
0.31210765217334135,0.10067781616486121
0.2772290653954341,0.09686939773181091
0.31096091994351754,0.10178757208526931
0.29156451693648405,0.09928308356260634
0.29033803093087523,0.09846830302961686
0.31062129549290074,0.10218896887984112
0.3411497024513984,0.10527731035228549
0.2851794181160845,0.09876082199065331
0.2773705914035619,0.09675006046992786
0.2988312828590053,0.0998845451580386
0.2777786239700424,0.09640677571582948
0.33837459925984154,0.10562972692653244
0.29678944671307966,0.0999460546490277
0.2765041392455929,0.09748249981575055
0.27650546244712726,0.09748137602916514
0.30250875874146815,0.10046432023647342
0.302903355943685,0.0998730384430438
0.3033846706399811,0.09976240689647803
0.29664493729333197,0.09910687669610797
0.2962855773642933,0.09940660376048902
0.2873776553525204,0.09916537969634678
0.2873140890991379,0.09846853174983582
0.2972020173146397,0.0992070495716867
0.32510001531422056,0.10315204392720628
0.2901399125016987,0.09871706377717503
0.2956274109473682,0.10002106072951344
0.33176295002479916,0.10486230057698981
0.30278571878282245,0.10022645198587142
0.28443862193143354,0.09911745335436004
0.3253367320419982,0.10275725367567731
0.31763717849059087,0.10219990676164224
0.3277672713830125,0.10443267068709228
0.3109797126168884,0.10176711870147119
0.30348178213960353,0.1014515872050676
0.3031767754617725,0.10110582352784682
0.2970952247039544,0.09883517097760501
0.3364174585355262,0.10463519324457979
0.29923144101155996,0.09961693744711592
0.2880447664118898,0.09774518215994289
0.28819522383365503,0.09902890071137624
0.3103366518382762,0.10198458914506685
0.27699976262358234,0.09706296448251948
0.2946425921372,0.09903309378228245
0.30336349926010453,0.10070114981569314
0.3038997760336227,0.10103988794754402
0.2770068329932355,0.0970570326092678
0.2949411482816363,0.09998995616334626
0.3245285437231145,0.1025836489683723
0.27748379183709515,0.09665470891485137
0.31908648709938237,0.10240188510521125
0.34063087933652664,0.10581286883357241
0.276323926976543,0.0976354844902726
0.32270010245115255,0.10398662359828323
0.29330089468091675,0.10016779662657302
0.28948131777500075,0.09883925356593398
0.2775470684560952,0.09660150212998489
0.3237415286366265,0.10240070105895857
0.3026318113862314,0.10181125547293966
0.2766493976145661,0.09735939535731536
0.2983057476877096,0.09913008299238857
0.30063733286040034,0.10030034417580805
0.3102881921596825,0.10184919830586214
0.2775377673547065,0.09660925861648484
0.311705295167908,0.10113213569673431
0.27779907448029484,0.09638957689461392
0.2997780829378358,0.10033359874691523
0.31706895693346066,0.10296490467955143
0.29344500824298725,0.09932764083182083
0.29575192409492423,0.10034945794017348
0.27829143294310704,0.09597683191424672
0.28725371620124407,0.09873098844035301
0.2897932880810261,0.09884045196336344
0.3202499546434079,0.10281809212712678
0.29051821820192925,0.09846038315341132
0.28721532026043517,0.09740989005471447
0.3092950841016634,0.10073386036275314
0.3218089442309374,0.10180589100397161
0.2773603012831991,0.09675876090631627
0.29470568396382124,0.0991402876563662
0.3321591004599059,0.1040709587249537
0.2961280516246215,0.1002211222697234
0.31015192594641805,0.10258065039624628
0.3005927814422914,0.1014738519538324
0.2935819064955175,0.09894803621605902
0.27699583388377114,0.09706633307162296
0.27635695667766796,0.09760736569750633
0.31102022212351477,0.10113681951304948
0.28873113176051546,0.09813085445851244
0.311872434756314,0.10090278376166895
0.318287291552026,0.10301987859916521
0.276960849222603,0.09709586747225077
0.2764396861979603,0.09753714097908792
0.32508848105176125,0.10399885243471126
0.31977545972681143,0.10225245672468691
0.33078641974345613,0.10438056778044359
0.32659483052236327,0.10421088619353028
0.2756837442172327,0.09818021098674122
0.29696215812888727,0.09930200089271457
0.27709173032561896,0.09698537791616303
0.27748760911323583,0.09665147228933228
0.32167035897891083,0.10504004129712938
0.27746947308743874,0.09666668748340487
0.3093883867192574,0.10273256555676129
0.3118837592686031,0.10095958958938392
0.32421543124084523,0.10227962419465138
0.3101863612401085,0.10194687681745247
0.31004629932434163,0.10268375982179415
0.2918541490066374,0.09895972519253216
0.2778484023485672,0.09634805515842848
0.29569651365616456,0.09938121664446312
0.2773160683959892,0.09679601300044409
0.2775157013349293,0.09662790186154216
0.286824392018562,0.09951303457869234
0.297716674835253,0.10004473840727227
0.3101679639302183,0.10214969530788194
0.3094957702646125,0.10255882612711376
0.27774324984762766,0.09643644617192312
0.27751309683373304,0.09663006272735061
0.2767808136998242,0.09724814678785827
0.27757522352065067,0.09657768937702846
0.2884078341913163,0.09852260970845553
0.2919347087713871,0.09836862833742785
0.2947085855309887,0.0997612819237884
0.3110514319543548,0.10169918562138232
0.2860190099541393,0.09807301611194352
0.3231290370700745,0.10309194530514294
0.30014313206602694,0.10002578533416659
0.2761612727460619,0.0977736554568241
0.3288982770866008,0.10383020379695093
0.3024465316151518,0.09976726872943226
0.27731164943821063,0.09679978508808706
0.30962967815903597,0.10249411255393939
0.311248089455291,0.10085168433826347
0.2775415624057703,0.0966060977991377
0.30011868406255826,0.10040471068043022
0.2774798296862252,0.09665799760661545
0.30422083760419155,0.10079623987889166
0.3000030867492176,0.09987737874841046
0.28852695716302934,0.09752616657417405
0.27833944708584424,0.0959366135976488
0.27635156574738734,0.09761190983887527
0.27576488010860845,0.09811098890250533
0.32161798607662917,0.10428205962282008
0.2980307462754438,0.1004937023433563
0.31148878439445116,0.10068567227913754
0.27709188528792783,0.09698505408457478
0.32046054874693186,0.10219840351021353
0.31085840233082884,0.10188764383236565
0.3040335756245065,0.09879084471165964
0.2875724922587786,0.09879510084671159
0.2757396853527857,0.09813248899428828
0.27836045596576964,0.09591911498006099
0.31030627925295384,0.10183194719184419
0.30047567820470855,0.10072334946073418
0.2764090566435744,0.09756310119938927
0.2771609310361426,0.09692689038785741
0.32333411202148865,0.10420516537663893
0.316610480745999,0.1031656698124816
0.27648792004213607,0.0974962107116352
0.28759398393584745,0.09865502413162275
0.30358532885802203,0.10080233138058733
0.30049868821231684,0.09983794539031098
0.28937052875494473,0.09886497745488594
0.29855207361298364,0.09884628307210215
0.2773027004331934,0.09680730286245348
0.2988838336559628,0.10043858116689758
0.2769516016565361,0.09710372465342915
0.29791889022932166,0.10037636617952674
0.2638327449870608,0.09494714967864903
0.27715150221205775,0.0969348885677398
0.29539931689004395,0.09956578016821022
0.276226352048076,0.09771833674304849
0.27718607922184313,0.09690562385133916
0.31133142533558356,0.1014265167749796
0.31050506383550763,0.10223383206040329
0.2900744141134677,0.09898381545355309
0.2778074996925643,0.09638251762908562
0.32611422284891645,0.104225095669367
0.32613077975423654,0.10515248893745334
0.2775597852523463,0.096590801682715
0.2774533771787142,0.09668033050293459
0.2990379869308776,0.10145661386507643
0.29183832715361835,0.09831417966150027
0.29955809585973486,0.10087926355531888
0.31137128433593986,0.10138911930896985
0.30154306459531854,0.10136457253706047
0.27676858633187335,0.0972585499812633
0.3108630007364277,0.10188432069855252
0.29878202193834824,0.09971046271689657
0.33987222502888337,0.10678031522457238
0.27697671548695796,0.0970824650395996
0.3004793915156659,0.09957022877975841
0.3006159290047633,0.1003080687949333
0.2927884002739698,0.09987631975780262
0.30239135090956637,0.0995457771992266
0.2775750549619218,0.0965779117084406
0.30327179697114204,0.10005256149507952
0.27736987674211,0.09675067374789807
0.2757754372048468,0.09810202364400766
0.2778728771397926,0.09632763170396925
0.27751715666705734,0.09662663339354235
0.27692597706961114,0.0971253812780887
0.29979383776456214,0.10045190062836479
0.27725120558646554,0.09685069275084916
0.2919400051685159,0.09995050214313428
0.28432092333207915,0.09892687831964403
0.31451119667650085,0.10198394741447339
0.31145201453235916,0.10137772258799864
0.3035592486541775,0.10029737647684567
0.2763836058065509,0.0975847853646386
0.27717640101212315,0.09691384476156976
0.3266138883850427,0.1039189790347474
0.2774187750184294,0.09670948216794845
0.29718313835161425,0.10079876218926767
0.30148526579338547,0.101065273646266
0.293630424037706,0.09822573461397777
0.3372850635426555,0.10495457698398247
0.31923845910760734,0.10209122534368112
0.3114152061584328,0.10134640637055237
0.31099213066679143,0.10175697340861581
0.3102537021806412,0.10188139005911298
0.2989508587587729,0.10031595656393717
0.3233223863638849,0.10371002136258722
0.30431093195138836,0.09994108656399674
0.2764851257156841,0.09749864208048711
0.2774389239938285,0.09669251025781282
0.29673475899784507,0.09893069900304363
0.290276372184213,0.09917180650972743
0.27684140894851605,0.09719690687910124
0.31796255093496023,0.10278956813112644
0.28945584668079594,0.0996591660508097
0.2883293952198286,0.09875687973053185
0.3195077543649145,0.10328593420345855
0.3032562102065439,0.09956242172753701
0.3001069358278946,0.10106175782733628
0.29373458450817036,0.09949359692771331
0.27613190861960846,0.09779855278845463
0.2763173165443797,0.0976409713153448
0.2769684317720084,0.09708941063979609
0.2756918348935105,0.09817327946365123
0.27711946630891826,0.09696183288402635
0.2770807560517101,0.09699449226923834
0.3116464256173441,0.10112442550281862
0.2875654664225652,0.09806146352461018
0.29408182522957294,0.09943585088965035
0.28638900102214826,0.09881058059029454
0.31024154859710623,0.10189217857137028
0.28667357003053223,0.09905980444395143
0.29426516404723946,0.0997210201154943
0.3255964937402067,0.10329603705573195
0.32622007265598485,0.1054969589279533
0.29256440802366007,0.09880646916704128
0.30936673738882803,0.10066569424716715
0.30437806655359834,0.09999635103404758
0.29997750380993776,0.09969122209831063
0.2942557371325233,0.1002462366419786
0.3100105251808256,0.10212039653844066
0.27675448607147973,0.09727044467772464
0.311509141266352,0.10125532127265116
0.3020945686221409,0.10078991557158998
0.2768787181059895,0.09716528425791866
0.2773267768710122,0.09678694540823177
0.2921684509077333,0.0997412544552439
0.3225815623358126,0.10373903060040605
0.27623083912857593,0.09771450076717622
0.3105063420742607,0.1023018012667915
0.27676600482247243,0.09726066209535589
0.2979918470603412,0.09865736924509824
0.3106370272383673,0.10191947588241387
0.3150400631857633,0.10151626463662629
0.3093721377224635,0.10268070494109013
0.2930169506032416,0.09843400584495401
0.32010034750304095,0.10276425066415257
0.2763631570542692,0.09760215210328041
0.3051641954181907,0.101060252901925
0.2993547647734982,0.09931501334006554
0.3039718180397453,0.10133522552708828
0.34143145155067545,0.10549551867512312
0.2991549484955611,0.09937625225427776
0.3110873716091639,0.10125100537981721
0.28595454232542195,0.09822042735280469
0.3405202450250392,0.10585177543904692
0.27817952041326094,0.09607047163278427
0.2774456526799206,0.09668687989480539
0.27684019447929453,0.09719794864938434
0.3117475623138669,0.10102402866205798
0.29671318265672764,0.10003809498182686
0.31058374428482055,0.1019352337332531
0.2767824552604042,0.09724675682643716
0.2776427389638476,0.096520983293677
0.29785226408813975,0.09903699430299012
0.3099407497522169,0.10218909230464257
0.3007708073254307,0.09984206079839675
0.2770238509355103,0.0970426573134413
0.29102676621180384,0.09772045403882204
0.2939928042273559,0.0992858437059618
0.29276222708433375,0.09890225308745364
0.2775748907890203,0.09657807304646776
0.3107280494345669,0.1020174366529964
0.2991974982565683,0.1003363550847837
0.2780999310179952,0.0961371448095306
0.2934744077422182,0.09987876164884757
0.2771496717972502,0.09693635845171739
0.29540889345260607,0.10064474073814456
0.32153934423679653,0.10352957959513284
0.27740579975376756,0.09672037616082739
0.2913289600583227,0.09953838979741686
0.32017803516388904,0.1023223646478397
0.28887620413513027,0.09931174937337714
0.3119538976272406,0.1002384650431777
0.29756745282811503,0.10071749050047306
0.3025798671699764,0.10102143268427959
0.3002887784086946,0.1007572351646204
0.3188790872207805,0.10312531926201392
0.31131742825312037,0.10144094775638933
0.30021438815238344,0.09929255224929752
0.31092368296054246,0.10116479964275008
0.2777398495031169,0.09643937523051635
0.29359032882273794,0.09873450784759386
0.29397106475952406,0.09843176915509114
0.3109682549128383,0.10184906040063413
0.3108441717595032,0.10190400448038592
0.2934710518983594,0.09966341356026268
0.30227147142923994,0.09988810676448008
0.301318661517099,0.10069261879314859
0.2758973814741986,0.09799819640090633
0.27775920076521415,0.09642309979565847
0.3213672471909543,0.10473050443830087
0.31850298813487177,0.10314123411878803
0.2932353836152317,0.09964113195901636
0.29598697957750314,0.09960451979151344
0.30173579669898914,0.10007182754659034
0.29857294549332913,0.09899525456515149
0.2764993707901889,0.09748654863582437
0.3101008423801497,0.10240891275273992
0.30148186703049545,0.100171899154301
0.27798081004484404,0.09623703490106407
0.2782898986555574,0.09597812829094378
0.2773435633904057,0.09677286739859431
0.31877404025304634,0.10248474791487593
0.2866254218409756,0.09785032982525707
0.2768119474711358,0.09722176091601419
0.2933310683531809,0.09819060619988766
0.3109132484709447,0.10145650765423848
0.3064913384412411,0.10136334741310335
0.3306265303305276,0.1048864460133051
0.27723724470043815,0.09686248199015837
0.2778485635430995,0.0963480627341949
0.30210827386820965,0.09938326059206823
0.28897336733784534,0.09831796684718434
0.3281643208220736,0.10337241275987621
0.2766207633344968,0.09738365746120431
0.277146942288668,0.09693866727152957
0.29464515067418195,0.0992941374280196
0.3099641255526071,0.10216475705246944
0.3202203864750423,0.10351382355308522
0.30215566500821145,0.10015877797223222
0.27756415255611755,0.09658713410595507
0.29496100188791796,0.0994157366015499
0.2924347280320529,0.09895313494973654
0.33196518649943374,0.10402659435760886
0.3228260837922588,0.10389575235618323
0.29213735058831103,0.09962864915975231
0.30009402687135667,0.10071955266586821
0.33152056251135475,0.10486214608153233
0.2968329124155444,0.10036385606424068
0.2933328413533295,0.0996613043597663
0.2952792088939763,0.10082863811845943
0.2779322689252767,0.09627774773338409
0.27728423363126464,0.09682290358671124
0.29551580208811,0.09959043232191031
0.35306259043805605,0.10798618247715736
0.31528186833563987,0.10214915679566287
0.2769962165883012,0.09706559884576275
0.27685639450344024,0.09718412397490406
0.2769615977841567,0.09709523421931981
0.3113481870875707,0.10099877482916939
0.29748857810635154,0.09905210955405443
0.27798328149956686,0.0962349603250867
0.2960997409703786,0.10099719444527175
0.2770313351971482,0.09703625078196652
0.29153601700914267,0.09889560220862542
0.27603331384074054,0.09788237633924074
0.29704560252130474,0.09968369681719785
0.2966719442572253,0.09929243039204166
0.31120103108258235,0.10155392522184073
0.2777087609614045,0.0964652396553155
0.27785567505592546,0.09634207863148542
0.3109196842928311,0.10189656232336781
0.3099640414202893,0.10258030189451364
0.3101000668509407,0.10203215766588858
0.2774904435330483,0.09664915033954058
0.30410767725660776,0.10104031671430236
0.318610430535981,0.10299897406884852
0.30017027257107876,0.10097158266477874
0.30554174230776243,0.10135053076291664
0.3101788351558617,0.10188895935830504
0.288495507655685,0.09815010091548523
0.3237224371392785,0.10365750199545383
0.27767909094797466,0.09649040217007246
0.3038572890587214,0.10113919678498544
0.32207369509967876,0.10182505054935853
0.2770063291057254,0.09705747240101516
0.277872341939557,0.09632798460146308
0.33095193379174925,0.10402405098421252
0.2984105934526831,0.10001831922606978
0.31018313907388395,0.10195202544571291
0.3108695164885954,0.10187708228161621
0.33481896698238744,0.10411179664489804
0.3008500931758903,0.10076201275743643
0.27661763778402737,0.09738629510552053
0.27798140818060524,0.09623656736611101
0.2937361971845357,0.09951115331418889
0.2947429722297019,0.09929129930283503
0.29741201007076956,0.10028188090421358
0.2769983503127278,0.0970641037190111
0.31900585185450586,0.10278097219188069
0.28881688401926875,0.09971622039683942
0.310183880632419,0.10255000804941136
0.30639239216417935,0.1004958618982559
0.30479439772874256,0.09984465521511152
0.32074710206092166,0.1023061638748125
0.3198048873472733,0.10204635882411085
0.29596311405208453,0.09893458865544885
0.32597462034681857,0.1021210676704388
0.2956797812649383,0.0996341790790174
0.2910882815063608,0.09850775274531043
0.28675667766653473,0.09762948728890647
0.3107138536017067,0.10202945015083173
0.2967370788768394,0.0992651585998355
0.27738355261396985,0.0967391646647683
0.27675876182046544,0.097266788910297
0.31072870193002206,0.10160195545839133
0.3007006207639461,0.09960086797052725
0.2983535891749208,0.10044217997369219
0.3012648362025068,0.09952817771319636
0.27687407770174466,0.09716933279892231
0.29346229316070227,0.09798838288952735
0.29130239226343685,0.09867326252903752
0.2768675637548976,0.09717476615903511
0.31043860792055467,0.10229893542452614
0.2767854339934983,0.0972442549140593
0.29417796786624834,0.09950366263293267
0.3187284394361324,0.10162110844445366
0.2965871310784187,0.10003355376464192
0.2775546169801486,0.0965951513746924
0.2571059490325146,0.09379138882228408
0.2767555767999846,0.09726940584179711
0.2944845591822099,0.09879320057647678
0.3256305268408334,0.10440836317209169
0.30456346534287404,0.09953450335279226
0.2791706601926506,0.09524391138229443
0.29917303638537995,0.10119806478998514
0.2860240857026666,0.09805187499115403
0.3174666573082062,0.10227343563580575
0.3005449967702564,0.09956298891142276
0.27705304505314254,0.09701796113288799
0.27710182137876627,0.09697684309863173
0.2959170458081103,0.09951244787859176
0.2943175294303246,0.10030090231030098
0.3014953840158633,0.09956814002462966
0.32263711704119574,0.10371836181498616
0.27673250633724966,0.09728904050433161
0.27694273079334486,0.09711124731536125
0.2891738220938458,0.09942141287677428
0.2773232184665767,0.09679000311721883
0.31149866363227224,0.10126505579964751
0.3219047386203031,0.10293710048673704
0.3116778750416963,0.10109072918034288
0.28969720553612655,0.09826802972782794
0.3107566495930667,0.101391637310558
0.3017164058919012,0.10074867777323832
0.2834281516354568,0.09890295711746652
0.3100528419487696,0.10207735234726643
0.3054759912146976,0.10027875053641336
0.32090243020734344,0.102687255562866
0.33662487130689434,0.104189068166569
0.3109706955732855,0.10118532270536224
0.30043020023122435,0.09952623578215576
0.32330835729943685,0.10385238659889463
0.27783194465962147,0.0963619823727027
0.31129747404410557,0.10145928724344067
0.29719727754420333,0.09946038070437158
0.27783598938352305,0.09635859016678922
0.3102594123568788,0.10187679707614034
0.27615199500941845,0.09778150604363256
0.2774955065854379,0.09664486790056336
0.29500068334890545,0.09912043551382871
0.31770950111092183,0.10362390001892993
0.3013257721348668,0.10033069807825354
0.3003352241398568,0.10071574554226706
0.27647745562616766,0.097505109175977
0.27598316501100173,0.09792510054275114
0.31041615259770106,0.10172258822874349
0.2968941074670211,0.10083699830651449
0.3225597279173126,0.10393665074114221
0.2918599017722081,0.0994084385931461
0.2957652494360593,0.0989679237865599
0.3113599952405045,0.10080764238555606
0.32350076670494476,0.10373661103074672
0.3107961689601889,0.10128831438265845
0.3023113610758731,0.09951753748636989
0.31173013642745423,0.10110810941569942
0.3112853815652633,0.10088109907452539
0.33599690197270415,0.1060512692233454
0.31169506185952545,0.1011420593718757
0.28918541086528043,0.09977381755635165
0.35012856483593247,0.10696324736963411
0.29172605875481283,0.09834028730371977
0.29400395685943675,0.10093470780715996
0.2895244757791108,0.09890008845426668
0.2950054193359708,0.09905319820385469
0.2972822055991109,0.09926081072973897
0.30493240563862933,0.10052918567674976
0.3418910209505659,0.10477072557703493
0.2779326976739923,0.09627741246146718
0.30832945151288443,0.1016658331626397
0.2938243236408551,0.10038057063849132
0.3112977154639571,0.10152771657950721
0.3238816138666295,0.10473295605165084
0.3025017254199396,0.0987787505961019
0.32492498186111995,0.10329492574749968
0.3159021855218169,0.10147996189974844
0.27739650263917126,0.0967280655385079
0.322012777004658,0.10292486676325159
0.27741360356185474,0.09671381662315659
0.31116537516645676,0.10158954101539115
0.310092260238392,0.10264153857554877
0.3218245533561497,0.10291775892191
0.29273607134205115,0.0990387514310056
0.31095323132523955,0.1012020325575003
0.27644501508536895,0.09753261356418969
0.27796292201246775,0.09625204879691862
0.29540377945468255,0.10072595497346948
0.3048544938186256,0.1005882718579586
0.2775368357433574,0.09661006887771553
0.2908463925515987,0.1000507569847922
0.2768828006121362,0.09716184321177396
0.290930519164731,0.09834707610125996
0.2774352633252838,0.09669556043579242
0.29563423796015975,0.09936460245435291
0.28835940110039116,0.09841313018231763
0.29646152262223746,0.10017614875473772
0.2997360898262971,0.10039902217673183
0.2658176101105604,0.09571945822685396
0.3037171109842003,0.10041691238926473
0.28734726637835856,0.09824216262945698
0.34228330154297965,0.10636525143273336
0.28889411935999937,0.09847861502891803
0.2882091057098846,0.09898454930105338
0.31084972374403513,0.10189811207940169
0.2768863021634564,0.0971588962307294
0.27643779850818695,0.09753882461131413
0.31913449073684086,0.10353411960069014
0.31986115322484243,0.10387113003818185
0.2916184204677491,0.09921132244778272
0.2927536413001486,0.09983744013420093
0.2771993598721558,0.09689442794255712
0.3436944303058651,0.10603309788528412
0.27681191679166306,0.09722181581561894
0.29785940382900833,0.09867061542728012
0.301074362313144,0.10080895570680994
0.29846424179179853,0.10079696224502345
0.2964908135167131,0.10040432485362268
0.30120022881460934,0.10044614753804822
0.31065028284051643,0.10149604001714942
0.3152624725669465,0.1022104250459713
0.2967283855710303,0.09933414411183182
0.29890075403339844,0.09966638656249768
0.29586044918477866,0.09977495547791294
0.2941146595594855,0.09880036981908882
0.31086190278679615,0.10188514974688531
0.28868157187090826,0.09889512239666295
0.31002411463164176,0.10210601750300403
0.33732961726746646,0.1052396742674358
0.27791858056838703,0.09628923702034892
0.31817416822241196,0.10366660839194344
0.31098758042374897,0.10176245711767387
0.29566740051751617,0.09929188879621151
0.3029529225488422,0.10052529622329487
0.2974430948254877,0.09962080779847923
0.3109167542307669,0.10183188754192532
0.29951044225985024,0.1012569834485127
0.2773124198105501,0.09679905133880265
0.3183301642026328,0.10210592370527041
0.30027840158609437,0.10048115125991078
0.3105235970197011,0.10221510494439287
0.2908997960273888,0.09854224652887256
0.30537887932508745,0.1007566089478573
0.2995873060275025,0.10073342407270483
0.30935951969359476,0.10275883249747045
0.3111297169915489,0.10102993523318501
0.293728136685673,0.0998017398516382
0.3190317969363149,0.10228072404788083
0.3246935170079187,0.10311269200614616
0.31495855921236643,0.10158391152665053
0.2770680817358251,0.09700519980528549
0.2778681729111099,0.0963315560393001
0.3105078614404575,0.10163237792570301
0.2937478096756188,0.0995152791039475
0.2989096685945819,0.10051375722406061
0.27855791444111444,0.09575409112278795
0.3110976516924161,0.10106264987977795
0.3240581504427548,0.10330155445639773
0.2901793932870369,0.09872152903372848
0.2927230457694866,0.09932186925457889
0.3198105708067307,0.10314786423742571
0.2995927967969294,0.09986109731370679
0.31112192267294453,0.10163216726600513
0.3030951688129593,0.10097433939132955
0.30608633238723837,0.10009244702824768
0.3198637974398625,0.10272742176832583
0.2910528091147304,0.09980520699689538
0.277571349732822,0.0965809624723746
0.2773984481132845,0.096726604032512
0.2862776518833403,0.09937150871609365
0.31111842643178894,0.10125925669160984
0.3204403064359913,0.10356538140212981
0.2770028427826388,0.097060362379465
0.27721825795243527,0.09687853875671243
0.26228042357394965,0.09473518641018569
0.31096425505003356,0.1011911368228469
0.3064334657125348,0.10028943647035078
0.3104731845591245,0.10166752960258807
0.3108671499113439,0.10128517504583893
0.302278879283705,0.09978730756984995
0.310809362172515,0.10133999619916972
0.31097684275470083,0.10117896644532856
0.32712523989708975,0.10318076900844142
0.32179652817784016,0.10242660014484674
0.2981890077082988,0.09995243459595672
0.3181186604867474,0.10264752030488933
0.3249310854054269,0.10440291553117415
0.31800368610915836,0.10280200183899672
0.2765481837330126,0.09744518679554441
0.31633206226373467,0.10245756951052615
0.30822549158387225,0.10046010539863236
0.3019139536858695,0.10062673721252693
0.2775952999420317,0.09656087256714603
0.2771049296119159,0.09697421327926237
0.31081639380691617,0.10174688244285676
0.30490400102541726,0.10172447221917758
0.2972590608846011,0.1001648716112811
0.3019736746131173,0.1004657878401046
0.27634208198393073,0.0976199679943151
0.3001410146126854,0.10028300190309394
0.31181704469979277,0.1009560620594814
0.31122306040951553,0.10153383311747594
0.3098868015683588,0.10224237834162073
0.3110731126123121,0.10174663293266478
0.2999575028666389,0.10127037454433777
0.3093763459912498,0.10295891185533107
0.2764755924652055,0.09750676643469347
0.3002984659093202,0.1003509430386496
0.27594551320118305,0.09795709516236903
0.31063561456226985,0.10210678995287238
0.3175805257838117,0.10233943269007209
0.27760829367528195,0.09654989157216665
0.3398187403116986,0.1065711848695658
0.2774992548836668,0.09664170929208556
0.28721469035226865,0.09847193770315585
0.32517745453268665,0.10259168670558
0.27693857829958607,0.09711468912587765
0.30390371782992315,0.10117128066898284
0.29465460656591336,0.0995323494833671
0.2909387718832343,0.09932153103546444
0.3112340355372796,0.10152128348171781
0.30175680800449034,0.10057521106996228
0.2908664034058769,0.09761800601871404
0.27692478959006983,0.09712634777556894
0.28760905122816394,0.09883581101617711
0.2991602864936356,0.10002877761970705
0.303054484848939,0.10038701071189367
0.2948858682065285,0.09954495681649228
0.3105218755670923,0.10180101513435355
0.3275744803139783,0.10463063368220951
0.3311801256307553,0.10446877424791974
0.29684957670563183,0.10051726288865376
0.30388669734563034,0.09948985638665996
0.3022385500787691,0.10016503401996968
0.32217487621996677,0.10368951310254647
0.30495633117997367,0.10049202343727695
0.27765633962306224,0.09650960012457385
0.29521442024305844,0.10003211053975428
0.3353229727105224,0.10408999027164435
0.27746351456530477,0.09667176691915781
0.29560103984911423,0.09888449266759261
0.2770516349907741,0.09701916465208284
0.32799532130373316,0.10369866220286977
0.27743257253410925,0.09669782859099425
0.2762231654567391,0.0977209599944453
0.3335424178578142,0.10578694730223732
0.27768156588634335,0.09648829495872871
0.3193408811485028,0.10254609506486381
0.3211651276787405,0.1040635582914988
0.2941191815093016,0.09973372342765402
0.2830373579744421,0.0987589412645084
0.2764886575893198,0.09749566254059225
0.31006949358086056,0.10199574541347167
0.27620969588975747,0.09773245738047553
0.30304880140483126,0.10025393220470658
0.3142481180706601,0.10087487872477047
0.32789841734794534,0.10370225268459671
0.32786208750918155,0.1036637621405544
0.3105399518027573,0.10198537596373333
0.3283552707396256,0.10442814859227897
0.3218218009356044,0.1024315676694664
0.29204077987847377,0.09964191374785025
0.29597379108419436,0.09928492752317394
0.28887170494081515,0.09845111714459218
0.3159261183030296,0.10296577022030395
0.2766267531217248,0.0973784685959398
0.27706145159021217,0.09701091456948613
0.27721732254647624,0.09687924830606298
0.27696801080279054,0.09708980767864503
0.29029792794192394,0.09940374398118626
0.2992678960607444,0.10043648656487854
0.288901397969183,0.09960752584401494
0.27761096287404985,0.09654772287489874
0.31134519491558443,0.10148156770526161
0.31059216739979234,0.10214427983711515
0.29540719572123386,0.09971315220804
0.2762942399807665,0.09766057675743904
0.27747015053879065,0.09666620323487897
0.31062295545131574,0.10193324843507351
0.2759426930625126,0.09795947205075052
0.295013953850223,0.09987312692031095
0.29917379913902253,0.10067434619327699
0.31940575756915157,0.10233004788245213
0.3106936171166209,0.1014512174611378
0.30058331669759597,0.10117465207061768
0.27687209470191,0.09717095149395234
0.2767633756421144,0.09726287293127434
0.29843011520143115,0.10152596587012405
0.32365359328207155,0.10232121175255948
0.2878573572645241,0.09920980638427325
0.2768473396404984,0.09719186410837327
0.31005625190625274,0.10207637433603234
0.3109182153188945,0.10141766631853126
0.31101571991305155,0.10132312475032537
0.27833718354354536,0.09593858889088822
0.3476162643185466,0.10632487649841788
0.3205685810507459,0.10259901875113081
0.32900591988483674,0.10429958510265482
0.31037760027940675,0.10217357123448086
0.29329199454741084,0.09991456529555762
0.303909483462385,0.09955682377147662
0.2771360947435515,0.09694779736459447
0.32138583112055197,0.10304712503749905
0.2776024663288451,0.09655486431670898
0.2985917931706887,0.09920891320466857
0.3107994607984936,0.10176083595654559
0.2953042468858315,0.09910244118850249
0.3019383120623989,0.10045296100301776
0.28919427579039647,0.09779345495300117
0.277613206225718,0.09654576950775395
0.29419389453432,0.09966794329233292
0.30075441251181,0.10002066521678835
0.2993554837402188,0.09986339629232718
0.2984139020634107,0.10020199848444655
0.2772873014676115,0.09682022873586268
0.2985536066174208,0.09967920803739552
0.2893421038770134,0.0981296129876471
0.2776277260385979,0.09653356636038504
0.3109108298132422,0.1012423629611516
0.2772740196684057,0.09683148531010843
0.2968567277274049,0.09924905321025382
0.3105947802853615,0.10214689048613056
0.2771516643401792,0.09693468720704639
0.31477835985275143,0.1021484035891595
0.2765195550106122,0.09746942659022326
0.30111570651739206,0.10050664339218017
0.3009040907386372,0.09930728533491916
0.3010740737890951,0.10090852020892409
0.29087975634827357,0.09979841420007461
0.31058516494718524,0.10193569636515883
0.3174363386669178,0.10326834221160888
0.3100790630005956,0.10205290360011407
0.278575509587761,0.09573945776895988
0.3264029149035406,0.10249607273615988
0.2777217535106704,0.09645458519224638
0.3179900054647989,0.10237935844115084
0.276543073783216,0.09744949885657712
0.2996298363095272,0.1003833444313125
0.29919179902094967,0.10004673166655659
0.3115141946171416,0.10131734388528663
0.27703375837515476,0.09703420618794525
0.3281191010524117,0.10302372802009306
0.27644288952544893,0.0975344589467211
0.27655350690794883,0.09744064772752564
0.2920772821221444,0.09897075204339198
0.29932053148491755,0.10138962978164878
0.2774559371583065,0.09667818506857678
0.29531877172675824,0.09928824320425295
0.29363806112323776,0.09857155758902464
0.3223293521264655,0.10312854418876884
0.27660826049708387,0.09739422967487052
0.27652214138494335,0.09746731932449623
0.2978214931746852,0.09940411408407837
0.286001142482752,0.09924670430584162
0.3031218984815483,0.1005675367043856
0.27714940962168805,0.09693661062831922
0.3265367005452299,0.10318923617407345
0.321719627439205,0.10354086681441041
0.2899890984487161,0.0979682047821693
0.29053695421026504,0.10001013736052311
0.2773230186626445,0.09679021111822497
0.28928430878460604,0.09946864237105427
0.27627003361788716,0.09768120961000266
0.2779346911239757,0.09627578005181424
0.3113829983641231,0.10137796211433402
0.2991369115665001,0.09994840797266627
0.32655105043337906,0.10304404676284543
0.34532639283749117,0.10585725446895573
0.30201778199598756,0.10033716506321588
0.2764233661544703,0.09755103796058956
0.2942190108814008,0.09932045535251804
0.2764546917296533,0.09752447493816854
0.29927235833583243,0.09995449912335101
0.2776492360355979,0.09651549081754679
0.2957652538860081,0.10008533923054755
0.31459878427154897,0.1034597406447717
0.2929707031544412,0.09839265039009643
0.2919583310394337,0.09921723342472505
0.31024318839831877,0.10189279642161884
0.27655319790130994,0.0974408765843745
0.3108481314922256,0.10130294251680522
0.2773731838884226,0.09674788789872324
0.2771900616801982,0.09690231067733414
0.3009545412297908,0.10009088304894684
0.28481003141478245,0.09719747663240637
0.3235352830713012,0.10360463327309155
0.29176203312330395,0.09994396753856855
0.29203492169459744,0.09906595035380253
0.3285975258960328,0.10440347906692965
0.29846736442481225,0.09864276078561898
0.2895693212855308,0.09894817792029366
0.2855272959737342,0.09947726465367415
0.27715726964326987,0.09692988336440836
0.29490189109503295,0.09944901968211459
0.31957313640223073,0.10343013014836028
0.3191747823803062,0.10325348607358242
0.2771435990884733,0.09694146348328966
0.3053258786319241,0.1013540982291167
0.31154405381317357,0.10056720286494086
0.2762342484595929,0.09771162537403855
0.298243464957751,0.10022892914208456
0.289001624339418,0.0981707174938978
0.3103438449440586,0.10172782563496528
0.2938910479604495,0.09939448552739787
0.32372955322947333,0.10438751557229847
0.3023919660947946,0.0997972670043577
0.3290420531374718,0.1040200518903325
0.27652216486027514,0.09746715113982679
0.31030442685342685,0.10250058698551284
0.3002504931710326,0.09911484289817106
0.3108881368120454,0.10126550638335881
0.27689596955245166,0.09715074435968314
0.277457911545582,0.09667656326856822
0.2974009868093835,0.09956596783177638
0.2938913551905917,0.09947152872631852
0.2766848056862412,0.09732940805000759
0.3231566902691696,0.10363603601544577
0.3030114269178066,0.10007860255888096
0.276479227985057,0.09750365542405855
0.29915028349518913,0.10015839794730261
0.2777326452791518,0.09644536389968193
0.3028207245278672,0.10029813516076336
0.28516819975300844,0.09758864883262644
0.310129324065791,0.10241744752675987
0.2911932011630046,0.09840947510387
0.29322416165208876,0.09891906967245942
0.2770130614556373,0.0970517809862013
0.29693040370879853,0.09881711648648761
0.3143507591206083,0.10379716410448095
0.2947278140519083,0.09816317085892956
0.3033013966945877,0.09998528333560319
0.2962906131309171,0.09954908525348381
0.33558495947068623,0.10436383506678887
0.32033196367573363,0.10312458565532706
0.3180099806739205,0.10388030021586125
0.294872888818833,0.0990531536210399
0.2784115336062623,0.09587640631662668
0.2768870731755312,0.0971582764146398
0.3019723652522637,0.10047449387996941
0.32428291554482236,0.10259218505523579
0.29047208223776205,0.09794559500986152
0.2978176451702991,0.09929880219024959
0.2891034315522697,0.09907547386362184
0.2767712219262317,0.09725627783622715
0.2937963449540152,0.09959916790255013
0.2860610914025629,0.0985748218478071
0.30058857144705836,0.10057540106367807
0.30967333790201135,0.10238411207943611
0.2775792315279727,0.09657438774538912
0.27686138508620206,0.09718003553742116
0.2851784235920438,0.09845553934140547
0.3223359769811808,0.10290504696802565
0.31014071515902236,0.10259456478673654
0.277407614940688,0.09671886260167134
0.3308799424937936,0.10457140116009264
0.27530724146440644,0.09850158373816134
0.300362594788945,0.1004560688797689
0.32178918416314484,0.10352170296084882
0.27723563284906205,0.09686387023423201
0.2778086440961688,0.09638153218527845
0.31155400844676845,0.10121085507955366
0.2913594872240304,0.09863400467752859
0.3285421209174649,0.10359893783749408
0.2776213934767056,0.09653894830424796
0.2957443596361379,0.09893829575579369
0.3241601180318266,0.10435374637760145
0.3288178945387278,0.10309683713370676
0.2776365370325296,0.09652615672771314
0.2792467247540771,0.09518072479772582
0.31086576115690534,0.10128843559299308
0.30026847667835244,0.10035000367617547
0.27776507140732576,0.09641812882774634
0.296871780263797,0.09906484992836831
0.31014543696288,0.10258977959959965
0.27776750811752793,0.09641603591136835
0.2992621032868581,0.10057379627457257
0.2938540288680188,0.09871433128853094
0.3052363813257362,0.10016900574585039
0.2774546103832005,0.09667925679550918
0.2916082967793798,0.0991363736663656
0.24374827500950874,0.09215107735785791
0.27750676403104413,0.0966353339053504
0.29408117531640154,0.10003147668233303
0.3015046714274716,0.0997939361065363
0.3148549780472469,0.10323586710799354
0.30157196852651,0.0992244537047615
0.27634787717378934,0.09761514194038201
0.3122273270370547,0.100562773202964
0.27699539383068705,0.09706670148254937
0.3003276566202167,0.10092891440079112
0.29764096516269545,0.09988083371854223
0.3049803014381927,0.10055007721248452
0.2774609912026551,0.09667394889268671
0.3041985090830938,0.10023207025321242
0.277666753404643,0.09650075207766612
0.29422606563681686,0.09892661141037014
0.31901730196349454,0.10237194123085566
0.2757608093041727,0.09811445090067011
0.27792808168152583,0.09628134965546564
0.27758343889376497,0.0965708942895919
0.32526660455161677,0.1036017480616087
0.2765014425827832,0.09748482940587873
0.3261887879263257,0.10409320398949068
0.31752336078124527,0.10335815448257396
0.3182957852099519,0.10307148650256363
0.3110367445451291,0.10112205949419212
0.30349963825966353,0.10068692358060466
0.2772901742031977,0.09681790194170549
0.31114636371594906,0.10160843051186003
0.2772783815399027,0.0968277962201273
0.2773735636926437,0.09674745703155062
0.30151477202119936,0.09999717203033312
0.31090908374853365,0.10165653550030185
0.28537476859860667,0.09700768123685333
0.3253885358437828,0.10373700530119451
0.3239871654996658,0.10390129844364522
0.3263032543649017,0.10429947905108827
0.3044898921189975,0.10083785387139488
0.31151594223427403,0.10131569243038349
0.30182977360940566,0.10021068941419431
0.29580991524768685,0.09901853045240216
0.3209191681586567,0.10252768867315129
0.31978074893968333,0.1023897708099989
0.289943771591804,0.09903864187785252
0.2909154544791125,0.09750192170023475
0.30037959003197184,0.10018944049789379
0.2832222842439696,0.09827094379485442
0.30015033591694973,0.09919920011545183
0.30451350947316164,0.10097223693078315
0.30001498045924824,0.10007092995517917
0.295799774887503,0.10046466990844538
0.2766413962028438,0.09736600018343002
0.3114491570151362,0.10131282272670919
0.29315011983870937,0.09974437016060633
0.3262828328905162,0.10436055904337846
0.2941379700458644,0.09996657544292234
0.29453525234611594,0.09939451214344247
0.2781924228896492,0.09605968983531649
0.28309211091709274,0.09844290246872815
0.29255163126443307,0.09930685086335789
0.29892121985176046,0.09973743291758394
0.3116795103014629,0.1010904320246292
0.3370365749859816,0.10578893754085697
0.30219484029927113,0.10007038752472405
0.2990719689917064,0.09898894832340585
0.310515808300272,0.10200893005385273
0.31640885591407647,0.10352171122238038
0.30115481827074114,0.10099531194004725
0.2765925202487074,0.09740758536688218
0.30228079509507527,0.1002736328533733
0.2900333466928231,0.09845597963275594
0.29735908633713914,0.10019900353859752
0.2903592241327948,0.09959377862744617
0.2770487981398853,0.09702152812471021
0.29493486489888676,0.0986382264596946
0.2766666528188651,0.09734475499922512
0.2990874346484252,0.10010779600463651
0.31478853728091694,0.10266012748090128
0.3239772775854398,0.10331750457079564
0.29813214685977896,0.09907777372041793
0.2766816468934973,0.09733213630896044
0.29868311595575564,0.0994639142334551
0.2980892515804677,0.09993859456366601
0.27591126312176495,0.09798629567160619
0.30395477972687723,0.10050110660695549
0.3105484007227979,0.10219241106410534
0.30487366591336096,0.10101740093077972
0.3115467475404615,0.1012159047461434
0.3245456116222581,0.10351841861402884
0.29146533706127087,0.09993208308907281
0.27781714582193967,0.09637439105892012
0.2978730374578395,0.1003503558650975
0.3113431800797418,0.10082683780284801
0.3311439489378072,0.10522444317174501
0.3094601080663867,0.1026602671992092
0.2901408603330322,0.09898049142063571
0.2774487733282122,0.09668421879106792
0.33924862061922945,0.10458910126857328
0.3206873869303814,0.10239266491456046
0.27839835746862474,0.09588742407597872
0.301134148324229,0.09963201354426285
0.29412612491471823,0.09796300310256922
0.30156454439169605,0.10082034353641953
0.29890525725028605,0.10150679841102664
0.29275598322732066,0.09980671554459619
0.2949919257699448,0.09947234725977352
0.27693563022984946,0.097117197383391
0.3513182994195543,0.1075092945839417
0.2777975331519793,0.09639084807651131
0.2994484484744011,0.10061342990071387
0.30957324102345946,0.10254940086091455
0.3259313355876359,0.1035506130872225
0.32074820233498136,0.10307947814815874
0.2766410729017673,0.09736643746327484
0.2764204684919785,0.09755343595573543
0.27768334308827414,0.09648690688336024
0.3238838314724354,0.10306001447301111
0.31102497889809166,0.10113267961019021
0.329921922368291,0.10354512249257855
0.2777348414133032,0.0964435620137504
0.2772020815399061,0.09689215829408601
0.3109797900407843,0.10176876257347567
0.3010913312662164,0.09980146585259192
0.3318613684636721,0.10408160446077716
0.2766118941155523,0.09739119801119901
0.2998802965512518,0.10041977269745969
0.29361777953873097,0.09950265991352625
0.31015142294296466,0.1021659420007072
0.2767865621797022,0.09724328658997063
0.27837039113365825,0.0959106308746559
0.2857493653652167,0.09868670198950771
0.3106953525547641,0.1014522055889811
0.3103635481360092,0.10177459481881553
0.2909206265824833,0.09984119588399673
0.30087984632283127,0.09978408059047753
0.31528044012315737,0.10249697821518125
0.29123898187977193,0.09937158405400459
0.3182479278381316,0.10318995955885298
0.2931558757551612,0.09963636622192362
0.275978928991644,0.09792865730931677
0.27686804161067646,0.0971743163721415
0.2777156308969605,0.09645969999183412
0.3105031384880218,0.10163857450389165
0.27789909496042914,0.096305647745048
0.27695522069064615,0.09710061047516333
0.3387874615916703,0.10558217260814715
0.2771132086959115,0.09696717363605342
0.2955120374158289,0.099897098441113
0.27621493858947305,0.09772797718640795
0.27625676887069983,0.09769239897112772
0.2775004111110324,0.09664073995122607
0.2762277853821907,0.09771705434759612
0.2933208450252117,0.0993697109277695
0.3122510270110893,0.10054006691270748
0.2773302685777759,0.09678408784132378
0.2767446904942255,0.09727865878317016
0.29794299920513245,0.09971630971198417
0.3107851325420774,0.10136394091563154
0.3113249473014712,0.1008430805058366
0.3047069170844961,0.09957796329303353
0.29298497388184724,0.0991653639959292
0.2761786600341425,0.09775887725558696
0.2767975517782198,0.09723393716607431
0.3106720277951063,0.10147778605631934
0.32221014520183167,0.10195162779967626
0.3099342946014746,0.10279805891444901
0.3103585714496513,0.10238056254370978
0.31075682177923636,0.10198697744603649
0.2982710435049152,0.0996374470205956
0.27779494493254125,0.09639301237961859
0.2774543757400367,0.09667950364303216
0.277981191278233,0.09623672968045036
0.3102458581905861,0.10189102103976527
0.3106997675156413,0.10185813836970277
0.2767117129269391,0.09730661219807352
0.30182334432112207,0.10145551816811853
0.2771718095923686,0.09691766564742463
0.31125333219145945,0.10150376240765135
0.27756365335418165,0.09658750152542621
0.316019554473595,0.10242193901848483
0.27763987265928125,0.09652337103170405
0.29951824239280433,0.09982314455258687
0.31790048023097006,0.10242292901995578
0.27778627718029725,0.09640028133623456
0.2928745063826822,0.0994038559266831
0.30169775508753144,0.10035679529783621
0.31004764415317476,0.10208249035023367
0.29669240324574037,0.09903341344839389
0.27687242278628943,0.09717061131189031
0.29896266179325875,0.09974329168132012
0.2957637408997943,0.10011636300213812
0.3106986665600399,0.10144907942209866
0.27756261598766774,0.09658836608903576
0.29696372748271227,0.09905253244833939
0.3110983031437361,0.10127170878401513
0.3171858822609838,0.1030302937508884
0.3272741267680858,0.10303262838187305
0.28565696653641964,0.09773374928515272
0.3102793794794366,0.10207491896019383
0.27713026291270526,0.09695285154521899
0.2780481592521692,0.09618063802132147
0.2769431050294018,0.09711090216523119
0.27706492328478177,0.09700790909043291
0.30612727450119054,0.10142862193525824
0.28815243184888445,0.09754136373320707
0.27639699751485347,0.09757340659658327
0.2982861598322794,0.09814354073419643
0.3222300718944429,0.10329724866445557
0.3114676737556079,0.10070359192165286
0.31058017693455986,0.10174665124714544
0.2773172763300176,0.09679500518847992
0.3023505509078023,0.09901002156205996
0.3213806646588536,0.10341785504943385
0.30397872298602313,0.10004123778889794
0.2775751808560906,0.09657784035177515
0.27651319368677757,0.09747485958499003
0.2993256114207,0.0992845340406083
0.33544900488718016,0.10439164060803098
0.30471462408247985,0.10150546843524243
0.29367687650793656,0.09947790201327572
0.27708060269117757,0.09699477644764595
0.27738016346126637,0.09674197948786031
0.31574693015848804,0.10206808286030858
0.2970648410278173,0.09969696969398283
0.32458694510616304,0.10305688713232752
0.3292441933541673,0.10440157228269406
0.29972452732139343,0.10093342604879162
0.31858205561356023,0.10383484640564442
0.28929637951470166,0.09849886606894415
0.32592803526936465,0.10483110645622505
0.3013618665110694,0.10027567680767674
0.309916498650048,0.10239653502664559
0.3106713315144094,0.10147440615135384
0.29986573746751144,0.09968350179503477
0.3262786822698329,0.10426324364039403
0.28979470258414897,0.0984584578697198
0.2913944970341984,0.09802000934279351
0.29243999609429283,0.09958602109585596
0.2945150124104731,0.09947935268796382
0.276880664850652,0.09716370584987684
0.3106549328531032,0.10208698581621764
0.2762974728537629,0.09765797152269175
0.3115642768145698,0.10082144357160994
0.2982292091281255,0.10162342600646115
0.30984935776842115,0.10246268821441828
0.2775434657260665,0.09660445946636996
0.277219494636164,0.09687749633009379
0.3518762409003922,0.10796448014502236
0.3105340704837844,0.10160636339626504
0.2940754691326193,0.09862479403086197
0.28958526601802187,0.09931475113241604
0.2997979195162291,0.09920789672418022
0.31943101001388696,0.1026339284600227
0.27589510665017947,0.09800003222484827
0.28621382704988996,0.09719397573212077
0.27747529610109006,0.09666183662986086
0.285967307866104,0.0984345705042591
0.3113409851868557,0.10123418871203743
0.3023819802910535,0.1011670106641962
0.2985329836234076,0.10017964066951558
0.30243174667971173,0.1002930652934816
0.30980245714255505,0.10232360378422262
0.3111973919737126,0.10118283017478641
0.27691863324876437,0.09713155046308686
0.27719485277595424,0.09689831201407878
0.3009008238234263,0.10143496781175862
0.2886229860924813,0.0980991806727535
0.29210952553922165,0.09850559795959085
0.30159437975137593,0.10002302188246867
0.27679517868385617,0.09723601665275297
0.2929567468704928,0.09890009416360258
0.2777040182707595,0.09646941490701669
0.27765548234680293,0.09651027193947996
0.33736239874951923,0.10639388893853097
0.3104544751852145,0.10168507213472341
0.3106901028891087,0.10205434516689256
0.3114933045798861,0.10068091181144376
0.27712244180601164,0.09695935644438435
0.29721985546086094,0.09860335916696097
0.33678520103129905,0.10525631025505802
0.2765464391150913,0.09744667872836517
0.2889112933173694,0.09913988902006021
0.299673096378848,0.0999022494161972
0.29974951084882473,0.09975349214380955
0.2982680287686381,0.1000114406831082
0.2934686761490459,0.09953508438836253
0.27655416293005664,0.09744006357634402
0.31036550101917415,0.10170680421686508
0.29315763947477436,0.09882272461293504
0.3024330631684404,0.09947412683753695
0.2778595365208746,0.0963388417048959
0.30313573832687263,0.10081586267379469
0.3311889788261601,0.10356810894342801
0.2778381012505755,0.09635680984456167
0.2847309975175234,0.09701740855363897
0.2767080080321777,0.09730958328391366
0.3265488030227375,0.10476974665041813
0.3012310236970971,0.09934228821293159
0.32168863476774523,0.10324014306556176
0.27666690728072874,0.09734462200052807
0.30000236560126525,0.10003521784902057
0.30546673307200456,0.10098226936584977
0.2769214460467295,0.09712915990134258
0.27718249654669525,0.09690868610637968
0.29458410810945557,0.09896091609549995
0.3220659636360565,0.10375042375760178
0.29520238469390414,0.09938594175158194
0.33653832790668836,0.10554447804810282
0.30198094684096716,0.09967107905034685
0.3009883352445743,0.09893019888969176
0.27798649218199023,0.09623235007012335
0.27731150065659504,0.09679971298038312
0.277040581393204,0.09702849284416745
0.29298680252742504,0.09863237944460007
0.3035508200927536,0.10081508043313633
0.3033968360169571,0.10105494942246793
0.31828707415352464,0.10131551834823749
0.3105865835535953,0.10149165627745435
0.32484354813217653,0.10373356553334032
0.31137909361571525,0.10072563233892057
0.3220110544315232,0.10398569781015334
0.2982436535431454,0.0995163641572509
0.27786593961863815,0.09633348987113798
0.3249716991654886,0.10367416178300948
0.27687813592442817,0.09716583453834998
0.2769729832369108,0.09708555816664777
0.31038315895985596,0.10168963300391559
0.2782244627145737,0.09603295460386904
0.2767950073130998,0.09723616198254201
0.2771603590160492,0.09692735023392154
0.29921022241380135,0.10013457730368253
0.304004926997681,0.10024647618735114
0.2913367985619524,0.09721905454333339
0.32890988871597593,0.10430281552775947
0.2765531651809482,0.09744089909818035
0.3039085907254676,0.10082714699003345
0.32244446942010124,0.10268268621878211
0.2764529317733282,0.0975259588210772
0.3100215634275849,0.10232249402099117
0.3320409144067237,0.10484139157992264
0.2778340938029864,0.09636017200504005
0.32363188110451235,0.10188313708189156
0.2987724072429846,0.10013347708465128
0.2998410853702048,0.0999511905569318
0.29545117836317336,0.09847384693504982
0.2769220897332697,0.09712861025654584
0.3100754336861943,0.10205700961400799
0.29182984727181116,0.10006326934144084
0.27699465211315033,0.09706728814463551
0.31950399108569216,0.10279373504879989
0.2998856655059001,0.09956012685414585
0.31096409491707616,0.10137056744471931
0.29497576842414613,0.10000905326011164
0.3159776373671565,0.10210967348639699
0.3113716633910355,0.10079659075179254
0.31043307498522843,0.10170761927904556
0.28963935604260443,0.09900195841453824
0.3000774726559593,0.10132983462682751
0.342409647372798,0.10582810850761566
0.27701153379682064,0.09705300225161669
0.324945314169126,0.10243498171110157
0.27759640558409093,0.09655994371777767
0.32888738332363116,0.10458932789459308
0.2915226494292566,0.09918732779755468
0.3205672671001011,0.10389553772590408
0.277539354002882,0.09660789907394635
0.3206608078574935,0.10252892689315024
0.2917809745961777,0.09922214317182038
0.3100030623621194,0.10272947146687286
0.3154710858648746,0.10236585270635755
0.28957304140148243,0.09853637705084603
0.27617685320378665,0.09776031458510955
0.2953291695968481,0.09913630243412613
0.29969388950458453,0.10045593939907513
0.29852921060877685,0.09985950581444597
0.27635354242916094,0.09761025260805616
0.2986402532165929,0.10149951465278328
0.27716208954107113,0.09692573727953621
0.29254693573158075,0.09865623520619676
0.27671134182851326,0.09730688958908162
0.31940169595862977,0.1042223308368598
0.2952507995832889,0.10028389868327615
0.31035140908776865,0.10197008293055317
0.30356210836759656,0.10066163418580157
0.3119172410335972,0.10085954670270278
0.2928503298942323,0.0993880554654973
0.30583475794984394,0.10073324620112661
0.286479491885168,0.09810857367399023
0.29263058512369766,0.09962949905830522
0.3012540688164772,0.10016772363501539
0.3209999077580232,0.10282263354514792
0.27723000957690436,0.09686864264455858
0.2908082732930063,0.09915137540731046
0.27722556760108197,0.09687230784599193
0.28717260214473594,0.09831751433334261
0.32389858679022954,0.1039164250154471
0.2966884659775589,0.09902873275005915
0.31752516580780143,0.10208832346294545
0.2773297603187431,0.09678446662697447
0.31070173266298184,0.10144719028956356
0.2945439886788364,0.09869234599259902
0.2774667552091369,0.09666902282640072
0.27682106510452065,0.09721407084049949
0.2870819393367332,0.09764450791397561
0.3274066462154793,0.10463038186599893
0.2893399041545268,0.09908446315962191
0.2969468749348194,0.09948468772368824
0.31208994551175234,0.10069463201104845
0.27696893065334166,0.09708895843984812
0.3023937565903704,0.10063624419534879
0.29766115224309064,0.09901810073917722
0.28748042982958555,0.09893563775047864
0.27690530183682505,0.09714280566142765
0.3182167239622813,0.1038383591363764
0.27665171891431894,0.09735750099318476
0.3022480469671698,0.10094144062195248
0.2938920854827316,0.0988314613029402
0.2766294738477068,0.09737626728576515
0.26627183564683554,0.09528589176930016
0.3034956257200189,0.10073300397909667
0.28853754555121813,0.09807695064399533
0.31192926966114876,0.10084780953773381
0.29886521379546854,0.10044179135011361
0.31072249349808356,0.1020194493363675
0.27699916997483387,0.09706347750028876
0.2919245263954164,0.09879128424018299
0.2939014031653826,0.0987591601398359
0.28668775953444126,0.09800811456785512
0.30471402678354753,0.10024496578242399
0.2950143765527127,0.0993129707335925
0.31038155747554813,0.1021332523699507
0.29683136413031164,0.09983146044479754
0.276340374082992,0.09762145297856215
0.2923962610940418,0.0982787308498408
0.3109316183499239,0.1012208448389218
0.29591324633965954,0.10016825436340607
0.3026568629841206,0.10037865453935411
0.3067562221107812,0.10042089173720645
0.2964867894902878,0.10004570345144959
0.2975322494366043,0.09974714138301816
0.31036300600640865,0.10177422372717757
0.27699497364531217,0.09706706213944659
0.2768877785357403,0.09715741478130002
0.30360616060589024,0.10018057009664615
0.27675088743365134,0.09727340351944246
0.3059629733571045,0.100371597383479
0.2895923456752024,0.09929230601039962
0.29227422016939286,0.09901893478466256
0.277038555848476,0.09703018085043116
0.2950134834428663,0.10111742229182556
0.31135560544179375,0.10081487335558732
0.3103926320016877,0.10174474411379605
0.3109141466398102,0.10183213393334914
0.2898981380194225,0.09833662914573019
0.27728912769284547,0.0968186994028112
0.2991751944138945,0.09926239466815785
0.3047284544252085,0.10041845605923953
0.3215684530500595,0.10419884586608719
0.2993807001412001,0.10071424632008485
0.3004735623392779,0.10054122991099006
0.27789213261580287,0.0963114992871299
0.3318121855607006,0.10402999146963363
0.2774818455988607,0.09665635510415299
0.2861107271745241,0.09757135744464338
0.2895622245254262,0.098449761098235
0.2998609110545053,0.10201496722225514
0.32541740172525585,0.10411706769961258
0.29957892029210004,0.10032905805397166
0.3105581670755658,0.10158413401864932
0.2766500904899113,0.09735878738293119
0.2973141316273802,0.10230517737411038
0.2776231880049973,0.09653744941710032
0.29125358254984085,0.09986742969554731
0.2991649445447254,0.10055297115495612
0.27639089575379105,0.0975784749678417
0.3161637076302157,0.1026538595144603
0.3010272677763343,0.10010593813299093
0.2773348691388118,0.09678014479851074
0.29769405603874166,0.09993143424913392
0.27733494529916575,0.09678008682510512
0.276207601375234,0.0977342014105815
0.2764600036150744,0.09751995747846
0.2926232742808835,0.09862630111832335
0.33096926060242204,0.10381774631514139
0.3009131186604248,0.10034628285968059
0.29655711463212653,0.09915014599868552
0.30516584665677704,0.10002332222432342
0.28801082384072696,0.09878351673472786
0.29929612179358855,0.10092064449964148
0.2998841855838291,0.1008673082160278
0.32594521125887016,0.10419573965001688
0.2970811532465528,0.09932503055244796
0.27724378334230915,0.09685695972599019
0.32039832692887754,0.10361795708373134
0.3040987344656558,0.10064128630218919
0.29523952151713295,0.09886331921072034
0.31738826976624396,0.10227497910446177
0.2766336912803027,0.09737269808160058
0.33328135056138863,0.10546252541904065
0.2942211644038602,0.09900381808888495
0.3212108307321727,0.10237565621634068
0.31087650119889537,0.101869050169172
0.3005535632201965,0.09911427410093687
0.3023540111740818,0.0995550859473194
0.2767413823712631,0.0972815688606013
0.31166269552884207,0.10110601082650811
0.3180661372327794,0.102147355339169
0.277291273843467,0.09681695248960502
0.31068228287157434,0.10206212389992513
0.31098657265990287,0.10183119807031954
0.2772819539482676,0.09682475416821891
0.2772343799030629,0.09686494185513633
0.28793213167033316,0.09863897072735048
0.31142127909237827,0.10133964835382309
0.2912076348867853,0.09750041081464071
0.2771187220192892,0.09696251289372601
0.2904110434763724,0.0995536876573205
0.28948052416553566,0.09757011520708217
0.3108074823444785,0.10193810717285645
0.2998785096443545,0.1013509916591482
0.2967593800811873,0.10022166289960155
0.29522976317628646,0.1002475232292076
0.30287659480644935,0.10029744244192693
0.27794503629591455,0.09626697376955139
0.3096609774515027,0.10246281128497256
0.27686681941656416,0.09717535593369975
0.2765542767183998,0.09744008696927631
0.32241815547006614,0.10218724169861029
0.2771680542895817,0.09692091391839963
0.2869318251066374,0.09784139540220033
0.31940921118999904,0.10370953302189631
0.310454054691512,0.10228476464611419
0.32271251039069837,0.10330534149159638
0.2959384018867175,0.09977179961053918
0.2759015865154215,0.09799452258809596
0.31111000833109925,0.10164309248081621
0.31824364436633024,0.10244772406751249
0.2954718257066312,0.09959094147424531
0.29919700561500795,0.09986305315441577
0.3046019493889881,0.10094785349470425
0.29144026464622574,0.09909307644683046
0.2967081579550255,0.09873896446086794
0.27715029618140974,0.0969357774239102
0.3294430438672844,0.10447554026345031
0.27734409851608477,0.09677240423485442
0.2949342820615193,0.0991639174017833
0.2962288691842164,0.09934558681260064
0.3119053100735347,0.10087232727329715
0.2939129766503513,0.09975274397745967
0.2779804205566183,0.0962373939318667
0.27662527313142227,0.09737981133817877
0.32137695521908843,0.10346952447532115
0.2974991513621834,0.0992508327068185
0.27672245627298686,0.09729752497381222
0.31201196858596525,0.10076841799840394
0.2783273718748497,0.09594681849309261
0.2908306500147084,0.09904628023685244
0.30071626496106396,0.0999508008822144
0.3102376341100847,0.10189568812329604
0.2779601031628987,0.09625438907105247
0.31192981437275524,0.10084781071938154
0.30996557699079663,0.10216309691388628
0.278136862284069,0.0961062230820339
0.29017627540257235,0.09828927493403097
0.31170182384135525,0.10113542518234743
0.3101358742383608,0.10199740074570089
0.3109449509911278,0.10180275447346465
0.30164716010976944,0.10030846497638496
0.27670301947200715,0.09731399047704425
0.27754802501890313,0.09660065148780422
0.2782636929254089,0.09600005293993868
0.30450506647141706,0.10086634892905331
0.31089316846065995,0.10185447331397285
0.2882577535426921,0.09938053768331459
0.3035788576490055,0.1000386323982531
0.27664756020353054,0.09736092337633209
0.29491442576503457,0.09882119737930523
0.28800989566229396,0.09831681877705097
0.27575919673147475,0.09811585812108439
0.29421740358323867,0.09857759673064576
0.2557814802759917,0.09381947476198813
0.2762528525627313,0.09769582688316589
0.3268491351335379,0.10487999496044652
0.2968811744507011,0.09938885243933349
0.3103274842740387,0.10180905124825207
0.3122916425226733,0.10029081134380405
0.32329319305189064,0.1025882827295164
0.27669715467985156,0.09731895718128804
0.27660723552120164,0.09739512127992081
0.3248446067829965,0.10413577050088615
0.2767175202476543,0.09730173729625108
0.3121295976681126,0.10295181091999506
0.31180889860278005,0.10096227872802957
0.2951742300181919,0.09918288271383435
0.31092128169674865,0.10123135987564037
0.2765007424869569,0.09748547849407853
0.3119871590607932,0.10079189016452077
0.3004929650084406,0.10035649949290007
0.3118493122824538,0.10092489412379371
0.2916645409902106,0.09936593333702695
0.31880514678735733,0.10237550825594764
0.27634236503314324,0.09761973317099462
0.33043503282603937,0.10486625742794162
0.2767321966234526,0.09728928814134535
0.29827949021602296,0.10096147563462565
0.3108610681306514,0.10170338953529813
0.31158510617805546,0.10080141889149727
0.32960643256656336,0.10388324215668243
0.2972724220937113,0.09999210565549771
0.31138656442826984,0.10078676344665857
0.3043690499989296,0.1011249739383395
0.27608203811677245,0.09784083953889343
0.277766398221524,0.09641703888525353
0.2907026885718899,0.09918211917075166
0.3254613219259185,0.10339024896144976
0.28814170857134697,0.09782030015425171
0.29510633665521024,0.09961205640662928
0.30359295854550106,0.10009398316284553
0.3113234408112301,0.10143433583485634
0.2872022870573003,0.0979381154517737
0.31811029241392164,0.10422611451212055
0.3366195953263044,0.10452385968363587
0.27699273188251505,0.09706892885736157
0.2918689085547647,0.09864176716900099
0.31051336303151067,0.10162737618059528
0.2762884451579078,0.09766556625220787
0.3244358901985178,0.10356315894845149
0.27600763094126635,0.09790430629329742
0.31994248430710515,0.10324559928090868
0.2773786095436392,0.09674329348318539
0.3103252090207266,0.10241132875338738
0.3184450899182164,0.10317081721239933
0.31032926697398416,0.10174208445047708
0.29599435665852125,0.10063973218268107
0.2975358484912345,0.09996194738975549
0.3295970701094629,0.10351624893925686
0.32193742447244356,0.1032898970949763
0.27627536402965935,0.09767668098573926
0.33714499809251125,0.10485783691570034
0.27822529891845305,0.0960321624683376
0.3293691840769178,0.10327413791965237
0.30288517508577095,0.09985020662773197
0.27796877218005106,0.0962471736257497
0.3112878975044717,0.10087907535290352
0.28548024673132244,0.09781108577800074
0.31105510417509863,0.10169422220983512
0.3187570013281308,0.10312802634792334
0.2947696200536376,0.09893298207583534
0.318976087942387,0.10335203268958972
0.3106882898456299,0.10145842337047312
0.2768192972144965,0.09721556394604262
0.29037664104933436,0.09873712850757241
0.2887023303498595,0.09981544576641085
0.31080843587092755,0.10193651580604954
0.2769454562747363,0.09710885667862387
0.3033945771359121,0.10036948844093893
0.34459070491997434,0.10464666783521459
0.296130096054044,0.09966559665709619
0.30940492102684347,0.10271471841918854
0.2889961230405593,0.09991701837388284
0.29969850144495225,0.1006914580871631
0.2781490293097528,0.09609603958534563
0.2769113233722556,0.09713771592071498
0.3196523155416787,0.10210481845274748
0.29284859092555965,0.09965261057736347
0.3090468134716128,0.10329311047138688
0.3048967752504297,0.10122629148420151
0.3188008650954918,0.1030349475513096
0.27710272499654576,0.09697604169119445
0.2764717435221702,0.0975100523786108
0.2773719968267336,0.09674890453383342
0.2771604206476247,0.09692729486933813
0.2972351527772246,0.09894980026208497
0.31962547237548355,0.10321830943544988
0.31788511249217744,0.1028563652061288
0.3224653292874992,0.10412842379379149
0.34340363143767116,0.10652206760963773
0.3117645425907094,0.10100601486051576
0.2773261044241824,0.0967876191690985
0.30409424356361825,0.0991574995720477
0.29890271780255073,0.09931319531915789
0.2763891334366291,0.09758009486259953
0.3046721196710535,0.10084310602316057
0.32056975463918935,0.10331113628656396
0.3285457514794268,0.10433348170823742
0.29576399071835824,0.09931375430102488
0.3005038310475143,0.10049003336209476
0.277597351634536,0.09655915869840537
0.3102030558482014,0.10193161793635241
0.3111070066915532,0.10105272004835864
0.2770824723663029,0.09699311903490479
0.27687272083358855,0.09717039789792514
0.31120607940565165,0.101548056902007
0.33713997535484297,0.10480304548436455
0.27814647860183284,0.09609817160049233
0.2907214339974211,0.09865648721029462
0.31937849241007815,0.10339952318749387
0.2983230076681319,0.10121432079264436
0.30274360784435667,0.09956185339367601
0.2768223077418479,0.0972129964219951
0.302627026261872,0.10075136973895166
0.3231551689190626,0.10323851845550022
0.3194374049111932,0.10185508899237958
0.2768136096467158,0.09722037301901454
0.2909664546030525,0.09808808294257546
0.31057412480459123,0.10216502260380264
0.2764738860025354,0.09750818551145624
0.2774344792985509,0.09669624296839074
0.2764394370292622,0.09753736787803113
0.29146776578854017,0.10027018631109794
0.2895034645969406,0.09750190440264189
0.277538145542101,0.09660897587175855
0.29152400316030075,0.09771748528433971
0.32168888537121876,0.10368858526350969
0.2968821075099522,0.09988262504570207
0.31019353210142664,0.10194139623445106
0.2976090586990716,0.09957629570582364
0.32146168062519676,0.10251202667713781
0.32628010257822865,0.10417800812731945
0.31014736177341423,0.10198514245288441
0.29592351350377377,0.10018885806720873
0.3038637355271069,0.09994542829655714
0.3088691410586285,0.10324512304407524
0.31139186236208566,0.10077789958882516
0.28726741806950157,0.0979957257230815
0.3252329140320511,0.1041833489221188
0.3011735418037623,0.10008902956947105
0.2934040281181478,0.09908045557756809
0.3328983837023328,0.10470114805186707
0.2773220527889543,0.09679102248012521
0.31084599992549017,0.10130453100862977
0.3097445230429508,0.10238038199571994
0.29177931971155374,0.09916848797971178
0.27736168474236295,0.09675756290727752
0.28980757328177054,0.09941858036924427
0.3060264231796363,0.10076642148785574
0.27758494344234214,0.09656958463746637
0.3011665512610561,0.10033486612281547
0.32967158899801063,0.10395313209542564
0.2781249889943058,0.09611615024559308
0.27751524960088997,0.09662825841980609
0.2769105606124026,0.09713836885977864
0.2942325428202519,0.09903281407412318
0.27583947654051477,0.09804739372120233
0.2771526589483847,0.09693389120452973
0.2876125260312825,0.09835088691103813
0.2993720711758308,0.10067459291932634
0.2764314582166362,0.09754419185883537
0.27565443290764446,0.09820514152293502
0.30063988376427914,0.09997142229745833
0.31072090813524134,0.10142640508895617
0.31133898010763494,0.1014201537049726
0.2917991183061628,0.09927840353295894
0.29840979427338954,0.09981513202640056
0.29883759772440854,0.09955484978912169
0.310344533871026,0.10246110699804081
0.2854273265724065,0.09813818599730631
0.2953682700161581,0.09936111921093771
0.2768870588346104,0.0971582531600386
0.2767877784242431,0.09724225115350797
0.2773811076034627,0.09674122959289606
0.24756120556510414,0.09240625673325373
0.27685694605222705,0.09718373922750624
0.27767611128700054,0.09649287941588446
0.2777076655243792,0.09646630682910268
0.3052535044648245,0.10043677167767026
0.31063659652089043,0.10150835432359556
0.2898358864036661,0.09955282898606235
0.2766636617817901,0.09734737617555883
0.29452989394707774,0.0988251403891876
0.2778220326479862,0.09637035351940276
0.3249293841517269,0.10394196176217506
0.31140973456876603,0.10076200907077423
0.2776308521495503,0.09653096182072805
0.3295990117131575,0.10310667006393436
0.32137107098523265,0.10263233028954921
0.2833649088381742,0.09798921415750841
0.3293646950588536,0.10477673540692545
0.29530139876865824,0.1001440347135956
0.27599358313439576,0.09791624317314235
0.2973959865980067,0.09971374422630849
0.2782775778624639,0.09598840861529308
0.3015618545714133,0.10098775572767194
0.3101020026797252,0.10202922656770122
0.2760026611795896,0.09790841548334206
0.3103299517008192,0.1020254548490896
0.29266870246936205,0.09850026106332199
0.27668646246571427,0.09732802691447373
0.2760061008783947,0.09790551113321977
0.2886213002973446,0.09755073621028207
0.3182305866357839,0.10300842922022752
0.29071127802570906,0.09904991459202825
0.3211074798306002,0.10353391500458695
0.27680411111452946,0.09722841000685714
0.31099335291709096,0.10182449884308965
0.27657178015018535,0.0974252130970411
0.299146316387226,0.10043091149133136
0.2966155545803762,0.10063930352487555
0.31165890208138364,0.10110965340708987
0.3140705928504558,0.10238229461110344
0.31774394941122386,0.10182951833239262
0.2997118430197734,0.09956030804002085
0.27676198426461385,0.09726408947282206
0.2985736914074537,0.10070579500851928
0.27795726522702846,0.09625675912215603
0.2926222568918875,0.09934909551628407
0.27672672047834324,0.09729396410159458
0.29965545620224066,0.10038294055417724
0.31156591009573054,0.10082511031766098
0.2770656090884021,0.09700734961583249
0.2774317416082271,0.09669847656229208
0.2947129919600084,0.09903355749627993
0.27732989197047575,0.09678437851634378
0.27644275156688924,0.09753458185647737
0.2774230442778505,0.09670579081733334
0.301652794662297,0.10000566591547233
0.3118605369976718,0.1009134597789251
0.31716037031547856,0.10275057662258394
0.27637232801318473,0.0975943480628774
0.27796149732033726,0.09625325910077859
0.31087604234530847,0.10121097254582363
0.27789675215462817,0.096307547254641
0.2778339718487481,0.09636026671421863
0.2873145919340205,0.09849720067521758
0.3219873694595438,0.10399779116775987
0.2763558544058127,0.09760830081943854
0.276140687822232,0.09779111252174927
0.319653841722748,0.10310671231904628
0.301806874143399,0.10044980663601935
0.29784732414007264,0.09977518045197045
0.30469479782679554,0.10122932373698416
0.27796255302444495,0.09625237729153419
0.29840979296977094,0.10100788536244085
0.31172315924516686,0.10104705681873366
0.3105494079593968,0.10219156510014177
0.3044186516841791,0.10007723956341982
0.302407950629921,0.09990480981424452
0.318075433085241,0.10258978261560431
0.3044680354182858,0.101420742793664
0.2997647400154475,0.10003929198532348
0.3288259211581823,0.10577137004976642
0.2913069392763997,0.09839433964319225
0.31141769302573424,0.10141100675434062
0.3045115638537843,0.10008838727919113
0.3105069891702483,0.10163517300179369
0.2924952768875837,0.1001463628288973
0.2909410703562259,0.09848654754073996
0.28885094494447733,0.0989575992568849
0.3111002691246392,0.1010593045237787
0.27713485940193383,0.0969488692399181
0.2773211355290746,0.09679181115632235
0.31019023562800563,0.10194276037527211
0.3108784197289315,0.10149225127277647
0.29925157369384614,0.10003048516503248
0.3182431442316799,0.10138127824646882
0.2764174916258346,0.09755599898134082
0.27798814300501395,0.09623088852197298
0.30362876803886196,0.10165625721422064
0.2769493666336144,0.09710559595819551
0.2775388035397314,0.09660841649359649
0.3033926598590593,0.10070803523122204
0.276490009519469,0.09749447712594546
0.3105422715973266,0.101600830050948
0.2992711496732848,0.10031342381395802
0.2775050103263364,0.09663685257624324
0.27746034963879496,0.09667421137538199
0.3111821118099335,0.10097860760102448
0.29869977684923804,0.09855886447768678
0.31037484075441635,0.10236474513545249
0.31057640546295084,0.10156821873594174
0.32182020152652524,0.10413567967479596
0.2946668153702626,0.09884106485894352
0.32032774751218374,0.10394082896615031
0.3245237512557968,0.10305354848611965
0.2762564122045156,0.09769277287774113
0.31139194133758424,0.10136771645602516
0.2987207740442099,0.10007490538352512
0.31856847821502077,0.10354946743804008
0.31963612935705144,0.1037425932502103
0.2896013011438615,0.09942578088663803
0.31083850805275637,0.10131337299867124
0.31696668237195247,0.10179742764083337
0.27651719770707184,0.0974713990467902
0.2897783476784628,0.09853997182730699
0.2751463394117177,0.0986392346366747
0.29145399198410576,0.0995754115674147
0.2950252263387007,0.09913928568456375
0.2977372646024481,0.09902688084689962
0.2872541310830071,0.09875904472045698
0.29909440522859765,0.09931708177445228
0.300153944077339,0.09984780739569793
0.30103106971009347,0.10017061880828744
0.311368138297897,0.10120793584062623
0.30986375177209663,0.10286681090920743
0.31011863887278646,0.1020121834861571
0.3286662955362465,0.10404615569188373
0.31926433196208526,0.10220488669738242
0.31032308773501033,0.10181468548878489
0.27676471787172696,0.09726173923057624
0.3170868747894012,0.1028882989054013
0.2779383063105011,0.09627271810101265
0.2965851108617533,0.09880757739108348
0.2770902255231804,0.09698634724978333
0.31144952589840535,0.10131288372170626
0.2971132871990733,0.10112784063469812
0.27706933034165593,0.0970042205486458
0.3104249031439141,0.10238196868145759
0.2989328533542499,0.1003818633315702
0.29133804537497054,0.09863268032512791
0.32299529507113345,0.10329037448881742
0.32914780913692787,0.10398416263371783
0.27715213944101497,0.09693431388005297
0.3050891138855956,0.10130868072705826
0.2974451965551712,0.10085860009397718
0.31926690508038447,0.10332340622875533
0.3155523887038846,0.1031990803052611
0.2940540433022221,0.09971810568152925
0.28833606389100785,0.09785848579557291
0.2867341553513585,0.09900356466414047
0.28308868598904935,0.0981911584396122
0.27730527604162936,0.09680508887652295
0.3117215984760307,0.10067010915721802
0.29079970804038513,0.0985689183991466
0.33552295218800826,0.10468271820032331
0.2954036630366126,0.1001433963763228
0.29757779614433194,0.09924483341333638
0.3233136522964281,0.10366876202822586
0.3011444696199176,0.09984306661820577
0.31034794605816474,0.10238927840194319
0.2765378814713972,0.0974538642923175
0.3118610025458816,0.10091369361486326
0.29326852276296733,0.10053121613473728
0.3006093644007902,0.10010816355540211
0.2974321843956811,0.10057739440408493
0.2764339792511039,0.09754201041926885
0.2899035978531005,0.09802913008134521
0.29740537905384257,0.09911324938898343
0.2807258658489024,0.09836294477083507
0.300593259837882,0.10035277828694553
0.2999511145428991,0.09979932471402422
0.2976669578742128,0.09925352201861648
0.29874758099868104,0.10016251791647066
0.31690752857873294,0.10277422949428427
0.29743407848293263,0.09944594216601985
0.27833760425815524,0.09593820859978752
0.29195213568119865,0.09990980032506191
0.27647886223226537,0.0975039435741486
0.2975555523155235,0.09969912097630997
0.3003337663969156,0.09976555001898307
0.2889110995807495,0.09856266762971977
0.2773582616747807,0.0967604768803193
0.29348140519576726,0.0986477942367279
0.3165395709553963,0.10240856327424874
0.29419825368340746,0.09972133877621539
0.2777994209670344,0.09638928515760209
0.2985300104715573,0.09937968276408923
0.3090681258948963,0.10298105397055597
0.2773712896632033,0.09674943598669944
0.2881353507855963,0.09830264478335282
0.27640182280296,0.09756934289790038
0.31146183008234307,0.10111979230551918
0.2944190193354723,0.1007046278007893
0.28730392986643954,0.09812143747700948
0.29676235061558087,0.10027946315335295
0.3240937164296423,0.10330983343580744
0.3194939031030237,0.10290090639202167
0.31048440762496715,0.10165615936862729
0.2907028146785833,0.09905726405085877
0.2774927775487525,0.09664718530487265
0.29267776004500556,0.09875935286349516
0.3107759447970291,0.10159186709271684
0.2995842208040256,0.10048442172931307
0.28961155566205404,0.09899556502561238
0.2772710390490166,0.09683395610485004
0.2766465379170056,0.09736178880078666
0.2770439299219868,0.09702561817126336
0.27740048669240847,0.09672489267200371
0.3018021503960545,0.09933667917129177
0.31090637657106807,0.10183795689185768
0.2864338491497744,0.09858425066510604
0.29311987905991377,0.09955662824863806
0.2769522218237256,0.09710317116337758
0.276681226998667,0.09733243431872643
0.27671910619506546,0.09730041148414392
0.3367942425017696,0.10571139066584859
0.3109678358868008,0.10184944444574626
0.27752293475400724,0.09662158354269895
0.2766741204107871,0.09733847902644088
0.2927620967520671,0.09838462566534548
0.32074573182190913,0.10240051028950323
0.29336981841857324,0.09880276329659028
0.2967105034186681,0.09955803348661238
0.2770472660007741,0.0970228434637336
0.2878905343449253,0.09812190875714936
0.2758797091833355,0.09801317046517868
0.31028362990477043,0.10245185689606393
0.2993342363214889,0.10050888590382251
0.31188859731279917,0.10030171924432973
0.27781846720247105,0.09637333812773849
0.2990706926193142,0.09964749549648733
0.27747345344371366,0.09666338126720528
0.2919392474554603,0.09954939884269842
0.2765209479187529,0.09746826707635865
0.3102633661404753,0.10180638693714747
0.29214157230358206,0.09946390928119771
0.2769877601230983,0.09707310142178886
0.3194938169941952,0.10265186927296854
0.29546409125324735,0.09994058809711165
0.3274635888597036,0.10352283558688652
0.28886940411321393,0.09863680414383921
0.2988082707320517,0.10022548384711467
0.2912452150652751,0.10028200017209596
0.2924414712245793,0.0997141133917683
0.30878496935357647,0.10375379351359656
0.31073476917504306,0.10159604324718269
0.32818689404043244,0.10434358335832752
0.3003281753252442,0.10102648439059453
0.32011666973228836,0.1015423912876037
0.31044686934531407,0.10169469456833866
0.2773385643922276,0.09677706587811069
0.31889549154868424,0.10296452768413411
0.2968367888418767,0.10035259209404535
0.330971099053749,0.10393533725000383
0.2764206078384354,0.09755338174533265
0.3210334029381432,0.1035191609682349
0.27676766006962095,0.097259281026772
0.27688306997776146,0.09716160737027324
0.31795255728971294,0.10279144459515616
0.34137561390858356,0.10516269100345804
0.31063431007250764,0.1021761217116132
0.33198584284518273,0.10489767779559941
0.27707099817010594,0.09700277525471665
0.2841757047180321,0.09831108915230868
0.32728102375818824,0.10328533633823833
0.29656167279090784,0.09913960496982889
0.27703889947164284,0.09702992128038385
0.29284931574002465,0.09961704456813676
0.31150515736201817,0.10125965443878762
0.28439373856672856,0.09784628983273297
0.3170032259652527,0.10281218756059433
0.31776018143834744,0.10223527859997084
0.3001365380965603,0.09991249977193799
0.2882254082702611,0.09901695092401669
0.2958357967883777,0.09974637185990406
0.27776276799568134,0.09642006284211285
0.29897130431579183,0.09849313868198332
0.3202307660785572,0.10270034524957793
0.27790974970625604,0.09629674936879559
0.2777316183073544,0.09644623845919859
0.29122932316287947,0.09859026479856721
0.2769573698381228,0.09709879655679833
0.27628450140253175,0.09766891067328429
0.2898662522966753,0.09935816370446299
0.2765128636680095,0.09747510830109682
0.2983894628605467,0.10081663115300638
0.3018089014268486,0.10001428888226863
0.3167987370603431,0.10323475312957668
0.2776416567457717,0.0965218544342565
0.31095014053220743,0.10138408941251867
0.30148368219852617,0.09986596301273715
0.2962041615350861,0.09864948460894696
0.2954984857976667,0.09919918304981072
0.31236849373723413,0.10042593454899479
0.29262862718895016,0.09903969028618595
0.29614366691799215,0.09950905051159417
0.2952273963609813,0.10006444778253121
0.30939803456634574,0.10290805495546888
0.30981002980927774,0.10298926396081075
0.31978931795841176,0.10208616801005407
0.31072910487357785,0.10141837987832636
0.3101139446673954,0.10201906323007942
0.30479975042950036,0.10121266868101218
0.27743625615331535,0.09669476813768929
0.2776830398668362,0.09648711805918878
0.29927228401741496,0.10130547661955455
0.31170386894747826,0.10106659681385215
0.2767843691692027,0.09724509913622408
0.2764358785051663,0.0975404519488577
0.2766734939779115,0.09733900802042375
0.31696924465193216,0.10218098001810891
0.287363741706803,0.09924277722621344
0.2968125883794279,0.09989999915688116
0.2762342544737194,0.09771160260097225
0.29438200344740184,0.10027783896243109
0.30625843097110644,0.10171605036126934
0.27758411143632694,0.09657034334153561
0.32006113423770194,0.10309230493962604
0.30018776088506316,0.09975827693151523
0.2762190461079025,0.09772449521454327
0.28858542461251685,0.09818291499463538
0.29649772318070755,0.09868414484805114
0.27654668049588255,0.097446502152749
0.276859269418124,0.09718179567214827
0.29486590905100996,0.10055011299362357
0.31077933144200215,0.10196573539502315
0.3005330841694152,0.10104605023994767
0.34875485928466854,0.10651905109768334
0.30192835014869324,0.09992151668033454
0.2767488795950999,0.09727513862329128
0.29475276101638537,0.09874630965901027
0.2906480921709591,0.09858973909473366
0.2774882253112666,0.09665101714979288
0.2938117935362915,0.0992403482052164
0.27654992550737406,0.09744366884540169
0.27636815633314127,0.0975978848479003
0.27658914264545,0.09741045314188493
0.310753982094244,0.10139437653407228
0.3103996267265694,0.10195189993538774
0.324627664045175,0.10274450705218426
0.2763264673070648,0.09763322530397364
0.2773030753386506,0.09680701964533925
0.29665828251831666,0.0986057926365552
0.2768297159997777,0.0972067702487068
0.27711210728204727,0.09696806798555486
0.29595982601255855,0.0994520831150911
0.3237237488614222,0.10389270882768856
0.2781896375911736,0.09606204138651687
0.29963375276409193,0.09960484224115082
0.3099594198490363,0.10217042944809171
0.27649235054093824,0.0974924766948671
0.31957934389855025,0.103079862491256
0.2771690653432223,0.09692003842555812
0.29901654706012193,0.10130588135810181
0.29220464740738517,0.10044089855645309
0.2904391182173436,0.09809713138035264
0.3118325584113484,0.10094343694833582
0.3108798730190436,0.10127223758410275
0.29578817547970837,0.0991757483507229
0.3012472884948651,0.09944806684533078
0.28848304187622775,0.09876087041600976
0.3265797088207205,0.10373620968099631
0.27722810376927953,0.09687001005659868
0.27741297327277176,0.09671442122828616
0.3003615455204516,0.10127257603443986
0.3105179083529831,0.10155842296169848
0.3211501850976631,0.10383528746872842
0.2959199259183734,0.09935415629113567
0.3299803198129524,0.10447236262432483
0.29737370025193066,0.10017708418929906
0.2780129282910412,0.0962100621989243
0.3046165374841206,0.09996026116265204
0.31064563845493987,0.10209637562629276
0.29371031911827417,0.09911311927284808
0.2777753349192712,0.09640949537904947
0.31074156810050396,0.10200146478620278
0.29916785572563265,0.09950459266127158
0.28832586439781754,0.09838393179175406
0.27675298687923944,0.09727167461221133
0.27775427818959947,0.09642722734033173
0.2770166319168886,0.09704864595923171
0.2842545950435448,0.09832276870168691
0.2760739033657782,0.0978478804227671
0.33110325678815855,0.10523445158879148
0.2767746717568842,0.09725336300266663
0.2952021537451256,0.0994109344963895
0.28728155307807296,0.09783088989462486
0.2952753645528046,0.09940875338522293
0.29239101035276904,0.09896716461629954
0.27735892309322013,0.096759864111598
0.29627428644630144,0.09966607912793292
0.32287239182342575,0.10367259332500828
0.31036621528439773,0.10195561324679975
0.275631105204199,0.0982249859724632
0.3098949848882562,0.1022327999916039
0.32508182397142155,0.10513587835184993
0.3110303834682972,0.10172061858635001
0.3229050073458518,0.10337680765372315
0.30319595029828583,0.09984321390108075
0.29664341269452077,0.09866984426054465
0.27816585122521675,0.09608190396346947
0.27605978766906347,0.09785975041105256
0.29706368634791414,0.09986315908263871
0.31074810128007785,0.10199377001105753
0.31456636678013583,0.10193387702400097
0.3111207347625764,0.10163278160711081
0.30960150836853667,0.10252175318142487
0.2773221088598061,0.09679092027665115
0.2953098908175802,0.09919839268221999
0.29430260705986905,0.10010822683163428
0.2887754774559149,0.09844536209528251
0.27679679468366575,0.09723461976173271
0.29485567959684467,0.09795936931968438
0.30425216613946443,0.10069706026332242
0.29338549467944053,0.0992001454812921
0.2771723796866701,0.09691726718406043
0.3115238485786853,0.10123982086435357
0.3266109038677345,0.10414589098919519
0.2992822177709173,0.09986671331502733
0.3108064586024092,0.10127838827268437
0.27800325802438963,0.09621826353415064
0.2777589554881799,0.09642326826572836
0.2948586602487159,0.09854702093573361
0.27761971652395684,0.09654007719430609
0.2998475378584451,0.09875073693773447
0.30134199833085995,0.10098538166786604
0.305917527288769,0.10176589518504056
0.29634828632309357,0.09859249243982549
0.2963627771255587,0.09912115268444194
0.2769114189549937,0.09713767357773745
0.27671084775583277,0.09730731814174871
0.27740722514808935,0.09671917923829676
0.31692973778493483,0.10258514521084922
0.31139139692978923,0.101370240487762
0.30188322451696603,0.10051302501573406
0.29517373669657143,0.09962609035385367
0.30015600100055295,0.09948069854294439
0.3105364905821061,0.10220375446594432
0.30622985674177466,0.09994333498173416
0.2988925131853469,0.10113351294484052
0.28642017878416015,0.09717410138728294
0.27840915064310046,0.0958784151437323
0.29716323197067884,0.09957713616992057
0.3265841897665638,0.10307050925024568
0.3243306537305308,0.102548159755164
0.2771343107178481,0.09694931898204939
0.2767168329867169,0.09730228294783783
0.28696539040775787,0.09813366491155957
0.30251767243197003,0.09972997058169703
0.31117204218822636,0.10158231709320287
0.2772409511782753,0.09685933537225452
0.31160541967364774,0.10122887195541222
0.31109598530006877,0.10127391016907444
0.3108361951810513,0.10191029382375141
0.31174259641165947,0.10102684174305396
0.3026576710804422,0.09912794640626416
0.2847497413275962,0.09837920877096187
0.3100133342880671,0.10253176149162381
0.30317889186857927,0.10120316073721364
0.2966002931355123,0.09909016316793659
0.3106532812539343,0.10149157680461393
0.3105480437441016,0.10159516025921812
0.2902361914083849,0.0985861429153209
0.2946822887823728,0.0998675468486494
0.36168918817959944,0.10850958708072292
0.29624111584624013,0.10001818013149316
0.277598374224439,0.0965583117965242
0.30093048528130084,0.09994381801975585
0.2773628813902317,0.09675654726778335
0.29814270217237093,0.09938775565347134
0.31195464120191246,0.1008236635174933
0.2772803060892703,0.09682619993566349
0.27624100881662894,0.09770589644646688
0.31088119292702976,0.10186653581389415
0.2952700893037411,0.09912279204436503
0.27658663307138565,0.0974125850812376
0.33135428051032007,0.10368882196676621
0.2908633596496853,0.09833178740334618
0.32556657145424905,0.10454854167916483
0.3158605133402729,0.10270820835187941
0.2769283450018144,0.09712330951378845
0.29903094250737117,0.09867594221215681
0.27767640063320476,0.09649265002905845
0.3198939270389519,0.10251505134924752
0.2989811565490058,0.09934292156372851
0.2955534750333167,0.09953228117092039
0.29370403083192653,0.09898134202815702
0.2970606902818731,0.10010678621163073
0.2941997493300565,0.09850339334812186
0.33417642375422063,0.10469797957070767
0.31521937177171455,0.1019033229209518
0.3321637319905835,0.10448306587811668
0.27779214164490046,0.09639540821570236
0.28612872600954764,0.09860243699174978
0.27649183419639395,0.09749291602939877
0.2993206759524891,0.100975478493609
0.3109567881266573,0.10119780653236105
0.30008382195894673,0.09923521279786007
0.30300317861041703,0.10129719670087778
0.3032905345845649,0.10090622572026717
0.27702323944038365,0.09704316766621557
0.2762205892016112,0.09772317436742578
0.29960293492462675,0.10079519823933578
0.27655277096656505,0.0974412784608048
0.27785553270559493,0.09634215726288037
0.30998678295272486,0.1021423648862613
0.3038488239028935,0.09997838220678085
0.31977081389211415,0.10305846470748141
0.29762704703862647,0.10061777844373175
0.3109182717467733,0.10123467372376294
0.2940424833304639,0.0988412031500555
0.310763703850334,0.1019816862649414
0.2767327287918966,0.09728885841971899
0.3031637022221905,0.10049521241866982
0.2971603518469229,0.09918915827242039
0.2991120588020253,0.09994883928691141
0.2969267408352082,0.09982750482027124
0.3108388372736689,0.10131065826274661
0.27711521380055193,0.09696550448844299
0.2932974869201942,0.09989834444657603
0.2987623111447569,0.10032027431092086
0.3308615431790293,0.10512419289368805
0.29950890540025477,0.09992050754703463
0.27721297637398834,0.09688291014849196
0.2769549728553378,0.09710081863086216
0.2981716634350125,0.10013915196424475
0.29687450377142227,0.10036399125706415
0.2773712851347005,0.09674948993629696
0.28893869401342265,0.09854558649587897
0.29698674766218713,0.09901524982329145
0.27702184208087993,0.0970442673976046
0.27687278948236255,0.09717029432920528
0.2991992995374302,0.09957472503473593
0.3236328886248679,0.10352125011199856
0.31541265212785674,0.10266627099877595
0.3302595017247576,0.10540659740944666
0.28759538626230396,0.09775429633992236
0.31015209015024275,0.1019810409461715
0.27707829223672237,0.09699666170963106
0.2892082686677553,0.09896396817458968
0.2771381560965249,0.0969460439108897
0.31102190781919514,0.10113467928251976
0.3181844191245705,0.10162964911404801
0.30830419838126977,0.10169018718716155
0.2971418651020483,0.09939547822552655
0.29445134122654726,0.09906141799690094
0.3434978391878494,0.10600783070178096
0.27736798640602545,0.09675220111215141
0.29126909066410356,0.09885888764055042
0.302540031552124,0.10050989569543126
0.31960289884267123,0.10174861493527784
0.27711498310999294,0.09696571306980928
0.29451631221138674,0.09892743493824155
0.3216813061703106,0.10286235446419381
0.29398219640857337,0.09870514175494347
0.29463973542621263,0.09844497857670537
0.277658528800055,0.09650768141498849
0.27781637771977585,0.09637503395556019
0.27755743245342546,0.09659270777384499
0.29386802286368363,0.09955673522929442
0.29846087827264073,0.10085655947018449
0.27663322323046435,0.09737312773274462
0.31190231802598617,0.10087376591260303
0.30190145189875484,0.10041430713704082
0.3211699694992595,0.1023266214063428
0.2993889460598461,0.09874615796107182
0.33027927617733766,0.10491067893082981
0.3238311663186997,0.10343445035606488
0.3101389234710589,0.10199452346534985
0.31028787959274046,0.10184860100218518
0.3230304722613533,0.10322609711164754
0.3142997251063258,0.10217462235444179
0.3115744375909115,0.10101094714931166
0.318206649040892,0.10252424020772412
0.2932781474907116,0.09920783766680737
0.296750944136611,0.10041854525401145
0.27759641454123973,0.09655998796084163
0.2774008621847526,0.09672457160203904
0.3110927051332564,0.10165944274729488
0.3101764118613878,0.10262682374119284
0.3109713984042352,0.1017790376733684
0.2887303641273238,0.0984567367696205
0.27746732570942534,0.09666861930137022
0.3114347690957263,0.10132684163467834
0.30190887857210974,0.10093368720443557
0.330628608201233,0.1045189265118036
0.27743305999665313,0.09669743254955854
0.32126033426494993,0.10272395611186819
0.29785185871520053,0.09968625748339423
0.3104355025773689,0.10208220638517759
0.29756656352134914,0.09990487628029242
0.2970003607317357,0.10084174923987411
0.3123803941987432,0.10041481546050438
0.3102654389119246,0.10208853258705239
0.30449806611291763,0.10046214748426262
0.2872909616520517,0.09898106907766666
0.29197017659511704,0.09881871502390094
0.3076427423140463,0.1000393557280023
0.2767783577987407,0.09725022454675675
0.2959983966195705,0.09847767424841361
0.2990878802685377,0.10005018789792355
0.3300162778707157,0.10379785410999033
0.300023411006861,0.09952937432728835
0.2765780650122501,0.0974197876879345
0.3188437491960022,0.10339636463169159
0.2895607396496829,0.09832810865735868
0.2906665956189084,0.10002584448139926
0.3270771337591464,0.10387802137379444
0.2920117817252278,0.09983173734485214
0.27634897615829357,0.09761414469778917
0.2767395465320457,0.09728307901282235
0.31006793264320787,0.10206387264175212
0.2772170437321284,0.09687958399568794
0.3119960940904825,0.10078430301984084
0.28729352880556425,0.09885318396857434
0.29299105275283266,0.0989775472108695
0.3253707165456359,0.1041240364755392
0.3116229949115049,0.1011429403980588
0.2769170406723933,0.09713290615318437
0.311470270714552,0.10129327328297932
0.30011873018923185,0.1005115791163508
0.29916960042882157,0.10073849551210318
0.2924376712265486,0.09867619443929201
0.2774348365472519,0.09669595821923876
0.29330663861723566,0.09955456038736663
0.31094395329869123,0.10121144115324698
0.3007195181804707,0.10054726300946602
0.3001309107477527,0.10068532695846794
0.3037676010221882,0.09880253978943222
0.278074130959678,0.09615879830939827
0.2913789735497521,0.09854251139368243
0.3215905238666707,0.10352111331096636
0.31123248460601716,0.10093337601435692
0.32145165288071276,0.10256167436597002
0.29351091381488437,0.09898262947578636
0.29819136591194306,0.10000859158578228
0.27662135975092506,0.09738320309933896
0.2935515893621117,0.098665840481958
0.3111931648548101,0.10162954121524484
0.31190234660010724,0.10066371513287578
0.29935169781268256,0.09997728264640829
0.32683074429870607,0.10327324398627064
0.27658705241513415,0.09741226360638541
0.30965711329937806,0.10246541352832286
0.3328836097943181,0.10445624090501182
0.2768676162130742,0.09717477899312524
0.27722218595873527,0.09687515678030155
0.3109733218188123,0.10177808922786974
0.29620194614388984,0.09882612950087796
0.32284914734045256,0.10365206528866033
0.311195235625612,0.1015598602319116
0.3004846284136106,0.1006645585384651
0.29932763530169726,0.09983562324900057
0.2977996608468243,0.09983582988634743
0.27808599324656896,0.09614883746793748
0.2773820015355356,0.09674046195860384
0.3098880016847136,0.10224103175892711
0.30991915015307714,0.10281220701715495
0.3198839916424324,0.10297933015506613
0.30033133141005725,0.0997099240271207
0.27787098925197784,0.096329233139544
0.2769977379747387,0.09706457638002644
0.27591744117151895,0.09798101317990358
0.3032069696046954,0.09946454604631061
0.27826104720170586,0.09600225617683171
0.27656848629990854,0.09742800902448191
0.2991842942842742,0.10017205332999402
0.3100830566003112,0.10204897472092747
0.29081548024256115,0.09912262930655984
0.2983979854997949,0.10104277311050772
0.30448864877925313,0.10092198427279661
0.32413217518785553,0.10299529493935602
0.29659653629262084,0.09809599556288431
0.2904089513935556,0.09993632130744809
0.2878809713872575,0.10005836908439728
0.2778277491821708,0.09636545615355799
0.2999756811596649,0.10021959106855659
0.27750477276109314,0.09663708767659339
0.2893914397770585,0.0976356517531266
0.2758911317019631,0.09800343788197774
0.3110453057972491,0.1012943783115263
0.3181254961628486,0.10170962379409079
0.2983611804561815,0.10129460248064254
0.30580048706449636,0.10007902739982005
0.2782342793050241,0.09602464563458968
0.31165818611109375,0.10117772566759049
0.29962899768894097,0.10065595318311202
0.27706970330473923,0.09700389486418709
0.2768249102692943,0.09721076221627212
0.2861146555016858,0.09804748873395631
0.27794465220365216,0.09626736570116745
0.2986606030487762,0.1005455776488354
0.3005182717855322,0.10090242818023853
0.27909941815091016,0.09530308774079556
0.3103833581667572,0.10213876932972143
0.29381105216096237,0.09884100455895578
0.3233803161982518,0.10223463260437186
0.28353239013751735,0.09839788412213185
0.3224580572935214,0.10269720392103437
0.3205460995656425,0.10237289449331351
0.29583347865133913,0.09902843674043389
0.28541283432508724,0.09868126630828025
0.27748057546310184,0.09665744567953066
0.3036735184151951,0.1006114494302136
0.2872522125886917,0.09771512991693859
0.27675203221408046,0.09727248035480086
0.2886627273817527,0.09870534077225876
0.31690891508793817,0.10300520886909004
0.2977549246324368,0.1005173559449656
0.3097015536771959,0.10302660968139987
0.27730686704229957,0.09680379912299836
0.3034830296434962,0.10131037512974726
0.3272893524602549,0.10338188049874851
0.2763632695940966,0.09760207515566015
0.30404333879875284,0.10096950902987818
0.27641862587647065,0.09755507629473907
0.3111484167993722,0.10160426772761634
0.2959529452503742,0.09995756704327757
0.3119774084048919,0.10043157468164599
0.3206936400480832,0.10317168720001071
0.28904286602986407,0.09894220272033713
0.28934192021190064,0.09859244441150342
0.27764137366237684,0.09652199912972077
0.3103619390380773,0.10177714716652714
0.27559389451926625,0.09825687252524967
0.2767888831197741,0.0972412385888435
0.29467071121255095,0.09913002596797207
0.2781364623836322,0.09610661163422382
0.29939974974994477,0.10075461988887645
0.2760998719499958,0.09782576096172893
0.2989998285445664,0.09987179944398483
0.2983269358964832,0.09887457267692448
0.27692139220755985,0.09712915811471624
0.2989432743067981,0.10074835185023746
0.27816763250755105,0.09608046447674248
0.306425873235863,0.10072164709317755
0.2949915953112658,0.0996030086254287
0.2890905571642433,0.09835687828088395
0.27684738595123126,0.09719181775098666
0.2895871661858835,0.09977344757653195
0.2945406923596869,0.09927229498764877
0.2995413020270614,0.09995709920811227
0.3381231318522653,0.1052333595405989
0.3110426459201931,0.10170872873510634
0.3227572704048951,0.10322303508342923
0.27781225350099586,0.09637847396328805
0.2765496239433839,0.09744398502830462
0.27639364263785715,0.0975763139871824
0.3107502554258894,0.1020623711847708
0.296347249640162,0.1002248916047706
0.3102278788159385,0.10190868605632537
0.2777172528760656,0.09645834182899071
0.27711074055948404,0.09696925211055216
0.2960529372784508,0.09954312159323991
0.31119654632496696,0.10096695361523529
0.31082106538474596,0.10132844959633801
0.27674942027963534,0.09727475050943568
0.3103456494502536,0.10220761156984041
0.2881675172373363,0.09963850747508186
0.27631818672685937,0.09764029569922726
0.3020023418539069,0.09906596083462108
0.31006601348385976,0.10199920005139747
0.2936794395789992,0.0992861679503777
0.3238427837593933,0.10297247555430238
0.323503615324783,0.10313046552262405
0.3176556997211522,0.10167402214953436
0.2979248166754104,0.09969336479204616
0.32228125614259817,0.10327182657837214
0.29972163641365046,0.10078905458928872
0.29756865545041417,0.10060217413324976
0.30573981633519787,0.1001779420238425
0.29453023793108624,0.09817528319389118
0.3100658671348854,0.1020673038647416
0.3095027674230237,0.10255186242638423
0.3005305607536128,0.1000224233726422
0.28911630917391634,0.0989234597836825
0.3112470772280476,0.10150943353622505
0.3107526484918053,0.1013961057600892
0.2767449017103679,0.09727855698927085
0.2889646646829939,0.09858520978045653
0.31041089214485396,0.1017285716976456
0.2776322737437127,0.09652975636698931
0.2775421420074502,0.0966055438128442
0.2773074801834443,0.09680323819069653
0.3067035456681012,0.10046439872831697
0.2887724795411716,0.09881500141140329
0.3023456185290945,0.10116248695563271
0.2952950821989514,0.09912935335934148
0.32646936134448545,0.10323400118411066
0.2772647703164488,0.09683927519498878
0.29024700215133326,0.09820962852788892
0.30527753810658703,0.09982739793505092
0.27732074677679075,0.09679204237558887
0.33230601295071416,0.10489061761996903
0.2769166683004798,0.09713317344055805
0.2922909096062052,0.0991041750596919
0.33053070193826717,0.10511483409483591
0.2959952202381191,0.10015728758997615
0.2924060062668607,0.09966372378683094
0.32642025305043976,0.10384337191202073
0.3100209106912371,0.10229142906451669
0.31914084670572906,0.10189407582728001
0.2755671805566203,0.09827958809134321
0.3224083585296791,0.10301134305405571
0.2759654143724535,0.0979402084446325
0.2993759773071256,0.10034477284911038
0.29780803324539307,0.09889262958683305
0.29962003721082286,0.10046744955453044
0.28518639946321045,0.09878073118676939
0.3043517149173518,0.10048107877463199
0.3110323726478257,0.10171774678060996
0.2771965937826276,0.09689678645447744
0.3108383323044995,0.10131274382425626
0.2984692598073795,0.09974879929660124
0.2772440432106974,0.09685677209781716
0.3182842974580969,0.10366179021935829
0.2852958642505168,0.09793115928413063
0.29216632004556065,0.09916815188658476
0.32381901493070236,0.10286921635848338
0.3097314032602561,0.10239417223153989
0.31212198506205,0.10066212686830617
0.29944355486364826,0.1000641285295361
0.2853470199879108,0.09827517457346897
0.3113832303593629,0.10119322921833473
0.27625784237652995,0.09769154886713911
0.3028838573834626,0.10009703105112305
0.30002391725840794,0.10116394407404888
0.29509976113569714,0.1001359403667463
0.27591689784928575,0.09798151072376982
0.2890011651905958,0.09872676350385562
0.2990465996049921,0.09946981633785432
0.29089088922890505,0.09904232663743368
0.2777581154128813,0.09642401776273471
0.27874441821765295,0.09559854685808548
0.32798250557023856,0.1029464619975933
0.3098138126285191,0.10231210276780274
0.2771937870342004,0.09689915957738957
0.3109513339537868,0.10120405677091616
0.3119001338611157,0.10029249951880251
0.2766609919500419,0.09734956799184354
0.27693250497890887,0.09711980243492133
0.2786546552118485,0.09567340841666395
0.31112899465851895,0.10162386978022679
0.2969899604928543,0.09874434556161023
0.3109695887586118,0.10112041728150631
0.3023768764549099,0.10124810515029825
0.3107764298450534,0.10174707974589456
0.32178111607621473,0.10228544156853385
0.3103138220374355,0.1024226224138992
0.2914350108338528,0.09864265647303927
0.27645097286112574,0.09752763576711015
0.333753348203954,0.10411993959955018
0.29518397702102905,0.0992576505201154
0.3102884315332135,0.10184758869576212
0.31682098842607687,0.10125128050224
0.3327707754135316,0.10493375649416227
0.310172831138043,0.10196089418785564
0.3007351991548692,0.09893177049236966
0.3002994570696017,0.10073874185312266
0.27726813373375664,0.0968364669187087
0.31126108410894915,0.1014954023761352
0.3039228630030918,0.10058538955154969
0.2978911527157704,0.09948070441373989
0.30111721410062864,0.10073030387705821
0.2943921118017529,0.1006837144499911
0.2983917976541268,0.0990291725980361
0.31020800812464155,0.10192737856668524
0.3006317931245668,0.10000905598425103
0.3114566859974506,0.1013066733744251
0.3117436746786354,0.10102816414793181
0.30980600614246423,0.10254179175144691
0.2991276272392126,0.1000289225029369
0.3163048027964294,0.1025643982029095
0.3106363401559883,0.10210609483916833
0.278054724108696,0.0961750795754374
0.31689388149679454,0.10387468110861106
0.2759076297138112,0.09798937300455042
0.2767628750094958,0.097263346125644
0.31071057899639665,0.1014378521807559
0.3099582275426959,0.10277444773083184
0.32511328711260173,0.10494103679692046
0.2769872113742345,0.09707358459540846
0.3322458053075343,0.10497883165348271
0.2767708741567743,0.09725654411133611
0.2876999150181725,0.09761860398959268
0.341434260717021,0.10594029302660758
0.2765442192085721,0.09744854627301569
0.3099048262723307,0.10222277992109903
0.3106570066929885,0.10208560662821314
0.2775625621691873,0.0965883754847984
0.3029869950115103,0.09923887607983323
0.2777438191383364,0.09643600389244159
0.278066834051209,0.09616495410643983
0.3104248918809013,0.10238196893728266
0.2775520544109663,0.09659727487293951
0.32302952239056815,0.10222498417754582
0.2765274267841,0.09746280952462827
0.32113088687859326,0.10233803570308528
0.2921752301727787,0.09867456263672633
0.28762181522808405,0.09816848099722461
0.27677071827973276,0.09725668341639218
0.32386570641015056,0.1046192608512111
0.2769233594536117,0.09712751127570471
0.27800356765209855,0.0962179222733661
0.2952064804299364,0.09985657996803132
0.29114879101026037,0.09901085953119365
0.2894490367717728,0.09857080747942444
0.32478217088610906,0.10419423358572236
0.2768555288867357,0.09718493885301088
0.27677596165800955,0.09725228971154976
0.27787053198743294,0.09632956922277355
0.29842627485865914,0.10075123249521621
0.27775920075964133,0.09642308432867308
0.27788932584423565,0.09631380789303583
0.2909468467218606,0.0990199761661125
0.29255265810694875,0.09962061911236429
0.3114396796391513,0.1007325406560469
0.3001718020499981,0.10045808881516252
0.2955399313164469,0.09947107782828252
0.2906330435008896,0.09965378867971246
0.3106238104762368,0.10218644171659551
0.3313112399196565,0.10444610056669937
0.3017251573390767,0.09994018102330847
0.31165889111946266,0.10052284851274623
0.3112337543815646,0.10092972014520209
0.29637691594907106,0.09973606692599166
0.26329298043628674,0.0964584787269363
0.30141763860112447,0.09997553724925953
0.27685037238022425,0.0971892747233071
0.31127639533076645,0.10089017512339465
0.27716570704843957,0.0969228434821283
0.2955781698086776,0.09938676379089856
0.30155403523050783,0.09972994562134525
0.31063904896059646,0.10217145892021917
0.3105675023880869,0.10151018424217462
0.27803038307782313,0.09619546926085204
0.2775314716530708,0.09661442823778377
0.27681767527226,0.09721698707606952
0.33100079234692426,0.10424820577738615
0.2893251571515745,0.09845844810470836
0.2857560071071039,0.09767007126188078
0.32663826961710274,0.10283340058830856
0.301215718245545,0.100357057333823
0.31034830500173893,0.10238895178064987
0.29271526439723194,0.09930381544366616
0.2772403239239201,0.09685985365207989
0.276253489290501,0.09769519818784156
0.29360538576572187,0.09921960805298163
0.2756780141033679,0.0981850919154711
0.30214584348751683,0.10021489423312535
0.2982586280314326,0.09999650727752481
0.3123015679150602,0.10278100983669872
0.2770580365134916,0.09701369016211277
0.28527855100968846,0.09798161181548082
0.2975588254786701,0.10070912291590736
0.315297859565534,0.10293093299138102
0.2982197883522767,0.09990779051238774
0.31839742919342084,0.1028787996053091
0.31062460260546265,0.10211571432662264
0.2889159291343984,0.09808301180741927
0.29753950818782504,0.10046182260862929
0.2774281964349051,0.09670157369174007
0.29700578595420174,0.10069292897940323
0.29717833243493974,0.1010493043139919
0.29564471985671337,0.10051608634884673
0.2971935953087144,0.0985239142065433
0.3102097616834054,0.1021450086285457
0.29858693500778455,0.10030189531700369
0.2916031280550472,0.09870731838177106
0.28947044798683597,0.10003402753015261
0.3194226418202436,0.10182997407222624
0.28457555504777565,0.09685839097258431
0.2774788579347376,0.09665888362753712
0.3112142345506316,0.10095059306337592
0.2768596510201766,0.0971812675882389
0.31109227538055084,0.10100193400288798
0.3217234697914232,0.10371680499008663
0.2954529526958334,0.100023777055553
0.29483368880451244,0.09983779667195812
0.289022395905717,0.09924487912017114
0.3502213516859566,0.10744767975158237
0.2778637599632159,0.0963352243834123
0.3311763031882226,0.10494568716491302
0.33071324185986184,0.10447022773686337
0.31140235703470553,0.10135880979936755
0.29137211944797503,0.10025131928298334
0.28924861321595197,0.09969953161514485
0.29937986290975366,0.09958229422080908
0.2771098439910504,0.09697000429634836
0.276836695026008,0.09720085408511969
0.3008149634094483,0.10029026011010808
0.2861437082501357,0.09891395834834857
0.2772542501263804,0.09684811083491082
0.3103000329663316,0.10183648935952042
0.300950993109166,0.10047730562765991
0.31561749839133424,0.10259843120340717
0.29020001128222506,0.09917792980529797
0.317287683574974,0.10270078742802455
0.2775804186049229,0.0965733758669117
0.32029293498857314,0.10249978330086451
0.3019988866440527,0.1010030313301491
0.30022008814003004,0.10150843810862922
0.2913564332695293,0.09874109245640394
0.2767834227223294,0.09724593991159067
0.2763099810042276,0.09764729613741932
0.3108049177684741,0.10193835542881942
0.3180629436944873,0.10304239703711919
0.2932594564779613,0.10013430747306044
0.2601065210644207,0.0942834033025177
0.2931893244817154,0.09973939612217528
0.2776455947731541,0.09651862464547786
0.30985418959131383,0.1022717241838493
0.3014223448996804,0.10044231237109641
0.2774079158368993,0.09671862220705175
0.3202411629705007,0.10337476002023707
0.2784284157767438,0.09586227467710264
0.29356268236069605,0.099489925196277
0.3110921571618751,0.10166029420539964
0.32255965928965563,0.10361636407123882
0.2965058580822802,0.09827726665225071
0.27731615562853906,0.09679596894437986
0.28710470007874306,0.09805073125956695
0.29166762537350227,0.09862684565694871
0.29815189330180203,0.10003576287231414
0.30289108065443754,0.09964541090204218
0.2945246547568211,0.09986801355797129
0.3280430098970305,0.10323778383662742
0.29249429260426296,0.09977452917410981
0.31017075923639503,0.1025647808134513
0.31088623314250946,0.10186028472592903
0.29373320999656877,0.09871719741589899
0.276640672072087,0.09736678232310197
0.28832803303193605,0.09787533638406398
0.29421283610208504,0.09881609625110285
0.29847573678447564,0.10038613176137014
0.29379892089570003,0.0993897587565269
0.28977831640675,0.09796402650473796
0.30150196907053123,0.10150474337951576
0.3201761305568246,0.1028141695193493
0.3104801554843274,0.10166026319718874
0.27653693209520386,0.09745473732831009
0.33155715738198016,0.10536137323796244
0.27600088197165784,0.0979099517850369
0.2975056262068215,0.09925765740072855
0.3175675760042401,0.10321465964856855
0.31127560468068494,0.10148063252424959
0.29606021729483367,0.09994172835168069
0.3115225527342688,0.10102974495977811
0.3163944897726381,0.10235664231865654
0.31579226306635766,0.10218952101485462
0.2930445042333725,0.1004695046092258
0.3221272640438772,0.10258957867355767
0.2768267202714756,0.0972092419945506
0.2992700955153289,0.1005975392671837
0.2779383715267504,0.09627260234105059
0.3379514067294372,0.10520574200393983
0.31117438019395716,0.10098758134637212
0.2767569064089901,0.0972683393265396
0.27805234582398847,0.09617704469504411
0.3096699438509405,0.10263945266433672
0.3168299520373069,0.10281835481051868
0.2955940186483093,0.09939898488084027
0.29313564199248016,0.0985126102638671
0.27744138407648117,0.09669044589198941
0.2757117120052517,0.09815631971587029
0.32214363306399235,0.1040668730315862
0.3319592128242278,0.10459435307908675
0.2768104534490526,0.09722304966043513
0.28381018578743955,0.097792080529813
0.2932192053396578,0.09870597323095684
0.32328509307109604,0.10462602947981604
0.2923753749454689,0.09895982911828696
0.3013940822966802,0.09923525144867282
0.27696112764087,0.0970955722879342
0.27807044249918744,0.09616187830489761
0.29396469877125,0.09964773012561248
0.3193190995042407,0.10250798680923934
0.29463198598634366,0.09887508737625095
0.28921168084980486,0.0978204175640959
0.28986014793554615,0.09839936374543698
0.2778359395683125,0.0963586507970855
0.31121991928196147,0.10153381954618043
0.31787989926543303,0.10239494737881755
0.28840412823524453,0.10017844161970607
0.3117113935038095,0.10047125452492014
0.2760787014884881,0.09784376874992917
0.3005236834779324,0.10006059272944529
0.2768565713475575,0.09718404600606133
0.3107836085847325,0.10136604603662835
0.2765762444618737,0.09742146423219478
0.3024430311565838,0.09918886985193728
0.3123193830615344,0.10029231731402469
0.2976061941202461,0.0999741144269071
0.2773120948998775,0.09679931118542162
0.3111515419269034,0.1010093593669534
0.3207897287239613,0.10310164735745697
0.3020506908932189,0.09937631439150724
0.30971713227402164,0.10301219328440506
0.27690064667200076,0.09714680521612909
0.29963589459238404,0.10048778087367992
0.27695207905607555,0.09710325357549704
0.29506202931213343,0.09864648815588216
0.276976961322014,0.09708224678803391
0.2776735216241568,0.0964950906953786
0.3070455201055003,0.10168486509224128
0.314889099575332,0.10283340584661661
0.2764366750745342,0.09753976567766401
0.2763134327698482,0.09764437184093838
0.27614722455287094,0.0977855922880973
0.2770789826603697,0.09699614428246447
0.2991389004298351,0.10018912914060853
0.30933900184056107,0.10278168063844725
0.3109486985164924,0.10158076179831235
0.33916018111281165,0.10559748846600173
0.3048902295291353,0.10012412716688592
0.33275162604518616,0.10340706474249989
0.31108267959816926,0.10107613590211705
0.3010554134938147,0.10060517979611706
0.27617717940095865,0.09776008039612591
0.27800292756857126,0.0962184964926689
0.2765910867048877,0.09740882629117525
0.3168162875492383,0.1032460204241506
0.29354132972677754,0.10000845803928993
0.30191776564952544,0.10191146834668127
0.2934922796301822,0.09976516744192011
0.3266288645617701,0.10256766914690973
0.27667076321291617,0.09734125937794169
0.29817254454368336,0.09965051277772724
0.27801006311784193,0.09621252878250514
0.3052061903956408,0.09962205954179805
0.287802446977908,0.09849976184507758
0.2756859379943643,0.09817831846969617
0.31855431307961074,0.1026757145510661
0.30969914730586434,0.1024262036412255
0.29560024511385596,0.09793933188913492
0.2890253628271381,0.09822703515662354
0.27845019452650943,0.09584407710895967
0.3024341988532081,0.09946384757928378
0.29110935517926295,0.09967761501322925
0.3109666527015072,0.10178175047665936
0.297940216852848,0.09919369346155542
0.27732176236031747,0.09679120885768652
0.27749228310445195,0.09664753014992357
0.31007168772370286,0.10205969547269077
0.30373560801214605,0.09997638380832337
0.3118858497647926,0.10070814702321075
0.3109075770006654,0.1018406460953825
0.2775241252795983,0.09662075943918172
0.27645457119878464,0.0975245367531791
0.3107487263088977,0.10133435082050768
0.2913344110155357,0.09732142958736482
0.29137902107099,0.10030864024595132
0.29181150639753706,0.09925593242943773
0.3028050604287541,0.10074049673609475
0.2765920118999715,0.09740799906777795
0.30920914314401626,0.10290852994482398
0.2762339141734563,0.09771188624176771
0.2774131901635716,0.09671414788331359
0.3111588983198596,0.10166289559716096
0.29004020752944804,0.09951145115255461
0.31111774261971825,0.1016350278473705
0.3374329991368593,0.10530930194771199
0.3046121431393286,0.10124571545928206
0.31140346550211273,0.10076713158304068
0.2882070377492952,0.09823441105742857
0.316451897626853,0.10273817868179762
0.29695890966424127,0.09910157966219975
0.2838448063655824,0.0995208990365101
0.3113019971915262,0.10145582922549251
0.3103088369699811,0.10182766804010757
0.27699591188469497,0.09706631388391125
0.27678288241772914,0.09724638105667943
0.2987351135727072,0.10130971381249951
0.31138282539470935,0.10100165685400281
0.3247101242921211,0.10257695696804195
0.3222415960254751,0.10405028541491934
0.29369570301208636,0.1000670841642245
0.3115210745976433,0.10065467627154015
0.2932861435473233,0.09951698303210205
0.31610303930002526,0.1026192628044003
0.28483836865306716,0.09802777765721371
0.3207308085296097,0.10319625095478484
0.3112529541460939,0.10091364635415576
0.2855787797521371,0.09821452448491161
0.28560284346526643,0.09783464181602405
0.3203914655994142,0.10213975684045974
0.275567977748436,0.09827887649993436
0.2974396773163428,0.1000801902022639
0.27720811669941564,0.09688707508147751
0.29459006812303035,0.0997313994337342
0.3043098558087779,0.10019219520007312
0.304059115027183,0.10079822471877406
0.311287631718438,0.10147001963383898
0.3192479901492167,0.10280169328120295
0.30433133021851144,0.10058738294379506
0.3020386983428893,0.09922485068505414
0.27754493156181603,0.0966032647505849
0.285859835696191,0.09746060156081468
0.3105728164805355,0.10216842140723757
0.2766728258855188,0.09733955988401677
0.30954384289115794,0.10257673658380019
0.29195135011745976,0.099638306580322
0.2966319993552959,0.10019172032727819
0.2777597959581066,0.09642262670367849
0.3207747090751175,0.10192849098608847
0.27691543398709195,0.09713424839087345
0.27706486768639005,0.09700795930655873
0.29934035761487665,0.10084809127526215
0.2766561442943517,0.09735370809326652
0.29628510440887845,0.09878077949849724
0.27683865122045015,0.09719922478440261
0.3116647234166826,0.10092113160486882
0.31973550616336355,0.10339906290171305
0.2884548930973804,0.09772491442284048
0.2948806325815888,0.09993362986227561
0.294068327985563,0.10027019204269691
0.3114296728847865,0.10074179620617445
0.277429993753238,0.09669999984558611
0.3107417540282401,0.10140525707791859
0.31177690577632816,0.10099752852456505
0.2767651435212256,0.09726141063493587
0.30081466304124405,0.09954220864932398
0.29501372771404577,0.09931492712590699
0.3174047266965462,0.1031974880272545
0.27669638271014185,0.09731955643963222
0.3103932500934,0.10192661346818124
0.2968726620491424,0.09910631812347379
0.27664780599357564,0.09736081066685777
0.3104970924934688,0.10164440382840258
0.3118368187273236,0.10072666968174354
0.2932638027654373,0.10000780563434368
0.27780695261024646,0.09638297238795379
0.2776177417910842,0.09654203532062408
0.31074087587027244,0.10200243298120738
0.2953110747088202,0.09936522700855727
0.2996441766472653,0.10026857649483342
0.27752726608947054,0.09661809983359665
0.30393567324552706,0.10159194683206976
0.29895823117451026,0.10048798771630164
0.31130290795573123,0.10152271652366086
0.29238255131259355,0.09874711932068653
0.2766423651629196,0.09736534306788822
0.2872991397268887,0.09917482290417963
0.3358282766809958,0.10639498815556457
0.31114215591027294,0.10101765839579713
0.3111411124686283,0.1016104010418781
0.3248759437881572,0.10364869727723672
0.31067332588526253,0.10147207142648318
0.3231690200338935,0.10394039895351058
0.29832259312757714,0.10031450625966776
0.300166941578883,0.10056200073526592
0.29229165570308074,0.09879520716930909
0.2757357106599383,0.09813581536297766
0.27805569206582953,0.09617426262613765
0.27697648075241743,0.09708266222637019
0.2768051966516982,0.09722745569743367
0.2774507482057317,0.09668256990141032
0.29113087669119114,0.09836137175495466
0.2983442416051213,0.10112379276731062
0.29378922319878636,0.09886200763544373
0.28816383399592926,0.09899318643927951
0.30361026623270704,0.1000130635526966
0.33079473980050506,0.10501568412338945
0.2771531433093526,0.0969334600442853
0.30251776765597915,0.09951043468711795
0.2997379759805935,0.10113678498292156
0.2797114745424396,0.09812941369958955
0.3338083636700083,0.10447727470756034
0.29410980963313366,0.09794851162416425
0.2762686439757097,0.0976810196924115
0.2772962040508271,0.09681275196950287
0.31350783370040836,0.10289516332167373
0.2924289454422657,0.09939444139192294
0.29289201955975164,0.09883768621918451
0.27668338391479025,0.09733054044305255
0.3008367114802109,0.10011604497683112
0.29061079873761697,0.09884915073980852
0.2949297315426706,0.10052205535034218
0.2971228746930018,0.09899573907433404
0.29335444557163404,0.09976218734287712
0.27636837421723837,0.0975977141676079
0.27737445262122706,0.09674680537049665
0.3046729293309556,0.10020402406474689
0.34041820313577253,0.10572837733673969
0.27704777451660956,0.09702239882042071
0.30157868506205115,0.10110661653619138
0.3187038994595965,0.10315531567528922
0.32277450980902067,0.10380773929925483
0.30210101118679533,0.10028098041876854
0.30077500923658684,0.10156202356887474
0.27703946320464523,0.09702949515690687
0.32644541933487314,0.10335882270804254
0.31027968472989115,0.10252490873253231
0.31048295923117875,0.10165905340729291
0.27728056774796805,0.09682587328304212
0.31931225734338964,0.10259761926929906
0.29618139843578506,0.09984033628949877
0.3237577864412704,0.10331709844938611
0.30607477729313903,0.10073574543634356
0.29247547373870153,0.09886330523796134
0.30352541456170845,0.10010734583444107
0.3215770036254355,0.10409555675988665
0.3034980638283975,0.1011270750516865
0.27782896266405155,0.09636447491086217
0.3322818091685381,0.10401436761608164
0.330913361410671,0.10245481121791841
0.29398782727468403,0.09886629006324982
0.2939610110711709,0.09971294620054257
0.31157592850491794,0.10097815490527806
0.33352525675833145,0.10416339817960663
0.28939073731728615,0.09833450268477739
0.2928807727003039,0.09995282668300343
0.27736306534821,0.09675644194568228
0.2780053887994564,0.09621641185333868
0.3111850097313913,0.1009766580099974
0.2772039626913661,0.0968905574151383
0.3017122600472048,0.10043836262860692
0.293220946034176,0.09954642537604817
0.295447717261659,0.09981945631719821
0.3246448499629897,0.10286328662630576
0.32972838170988517,0.10527185585627966
0.2843025465081934,0.09925819098189674
0.3100046128072496,0.102126071591608
0.3051080617256062,0.10144205703287652
0.31070449942090905,0.10144204924662288
0.29758892307219614,0.10052519348417152
0.2775104653783935,0.096632229881922
0.288791802720792,0.09794611116637195
0.27790136775130125,0.09630372600852825
0.3109399288617247,0.10180814584334087
0.31038737157994134,0.10175106652500793
0.27585014237593214,0.09803836415499653
0.2934615892741161,0.09873954850144256
0.29419434826666174,0.099886698594508
0.28769061810254193,0.09829674108075116
0.2921286341100447,0.09918536622682186
0.27741475756900486,0.09671288068078362
0.3025777001065715,0.10085195430516439
0.27692509337612226,0.09712608853652846
0.27707380391968073,0.09700047186390373
0.30349632034817997,0.10044758525810914
0.3012927349941442,0.10068114391406363
0.27633884083422683,0.09762284808358453
0.2959843648408804,0.09914977824370401
0.2964546907047424,0.10074253628252702
0.2771039589620232,0.09697497741710853
0.3094790232455379,0.10324756863747014
0.29696691013353654,0.09942388034035854
0.27655599661542457,0.09743845424300095
0.31188320755644444,0.10089079383429872
0.31895995912708613,0.10275077860685473
0.2774908679362626,0.0966486098278102
0.3014198483199444,0.10088869623350594
0.2779425171625275,0.09626914581583398
0.2893283424753539,0.09778679454539842
0.291834162108095,0.1003317674821737
0.3119025445224454,0.10087558855169747
0.2759372313985137,0.0979642280055002
0.31066840996754935,0.10141219414216432
0.2971587321980459,0.10011392278851802
0.27663928994311415,0.09736801180776097
0.2759511769672168,0.09795232877993063
0.3004750939188745,0.099753455218616
0.27842407201702857,0.09586592993111315
0.3111148219801637,0.10163810253096348
0.27700514810754606,0.09705845977427795
0.2949149200857938,0.10016438276183376
0.31656678244746017,0.10385762490020731
0.31983776453094315,0.10374841503470872
0.30253959068884917,0.1002684751758829
0.31082401435797047,0.10173689094933723
0.31655253678317913,0.10204182378527278
0.3029144897088884,0.10020040486343726
0.289509341528585,0.09950528898162347
