κ_m,κ_2
0.3219725209117372,0.10091030898295107
0.31272324003977037,0.1006662805167654
0.3122833031293275,0.10067725478568208
0.33782047262460646,0.10471347962078104
0.30539893374992944,0.09970647342737816
0.34206115277671023,0.105079259171589
0.37910478472978915,0.11057962098061061
0.4052134051517682,0.10990340982876999
0.40942293439296795,0.11040187589174794
0.3395065123565887,0.10535126125606867
0.3395065123565887,0.10535126125606867
0.3144201391424567,0.10068159736066391
0.3852134265765094,0.11212203459730254
0.38608697566019684,0.10972424575078848
0.3502590940103175,0.1064025511105827
0.3662553098623699,0.10929703800943587
0.3576145971134316,0.11045212881077743
0.34147416760491534,0.10469373230096789
0.3406831563574494,0.10735547482145265
0.2736665189855778,0.09763578016792171
0.2769712901808197,0.0953782376241758
0.27816439756758604,0.09340236226806278
0.2739030612505247,0.09737635926338153
0.27025150057351865,0.09938443475324873
0.2902403267927324,0.09410521849434869
0.27734881188767946,0.0955853498797507
0.3380948912863604,0.1050655215720501
0.34554465409798246,0.10203735634792864
0.2966126453484672,0.10325870350298906
0.36894219218283486,0.1073157332657611
0.3663787730214372,0.10670273252958748
0.35521844224773114,0.10923202025095749
0.2910544398625282,0.09947534550775997
0.30409647463871425,0.0999409100045354
0.307704418423963,0.1010625260809776
0.3207369169199001,0.10298214004941371
0.35401201561047463,0.10742859462548586
0.3508109885874761,0.10399095876009253
0.2742650476110531,0.09234303410392165
0.2747125910825173,0.09369320434212992
0.2715446174989683,0.09388243524935758
0.26333688641733394,0.09404041622746986
0.37497508834212057,0.10854593747866731
0.3705483441669484,0.10870237287333806
0.29151718108058094,0.09683820589019147
0.30537855468798525,0.09532270822309791
0.34864509679198863,0.10242137843987852
0.3384458502605606,0.11102871171508953
0.37431634550864396,0.11091158029255464
0.3188988656947175,0.1032142897187804
0.28444739021308885,0.09873224680441091
0.25027667329644887,0.08885587904851325
0.2670800172447435,0.09497859297257429
0.26844744622777295,0.09593774967381727
0.2610439955189747,0.09147321504268432
0.2592990669821713,0.09156667008011717
0.27125397048391847,0.096144467539685
0.30742917107578493,0.10203431465754617
0.27449886730503714,0.09470030799429292
0.27537242857120575,0.09501702838325894
0.31160586301208587,0.09988873946254694
0.29849590499543466,0.10257348486885426
0.32137777673107476,0.10553412076329029
0.33560744255820857,0.10369432653505666
0.3565441049893061,0.1077592851665537
0.3692468089886469,0.10838781735251118
0.35025417901607686,0.10961587064132304
0.3173366340936951,0.10520915774991856
0.34372251722803615,0.10245079815220397
0.34372251722803615,0.10245079815220397
0.35020939450245564,0.10499866368102564
0.3836704026273249,0.11119814467033652
0.38569899178854283,0.11079853664635994
0.37596089001620886,0.1088690470461197
0.3715754690092327,0.10718599136607632
0.26654587263257656,0.09205299501706649
0.32451473654420687,0.10584040146474435
0.29280220482871916,0.09685805752529443
0.26326444949649225,0.092498321467631
0.3042008097401555,0.09994408181053048
0.32414906454190634,0.09786068346315142
0.2900725641176316,0.09785408037788434
0.2729739298505381,0.09555320401983187
0.3317086024003209,0.10402052583206585
0.3591015791134276,0.1080445062147341
0.3600873374476482,0.10904222462681962
0.35263482284169356,0.10422406367735246
0.3522141070482085,0.10688725173507173
0.334678823012031,0.1033943642855126
0.31137498834473676,0.09974599154219366
0.321130380165391,0.09885078661334586
0.321130380165391,0.09885078661334586
0.33672172724489513,0.10465408839618805
0.3049528843415113,0.0980834044875347
0.3428214304551197,0.1041062440842087
0.3281529606045486,0.1004608400888906
0.3185241862089068,0.10208581726718947
0.34004712698748474,0.10712599125064204
0.38729878654776584,0.11397760392799858
0.37304389382882375,0.10898213535789592
0.36611311614183256,0.10975874968801648
0.33233922824319156,0.10384554486838735
0.33233922824319156,0.10384554486838735
0.335558238146069,0.10262921553438174
0.3336680088053995,0.10526916624755601
0.2764139461980219,0.09580872989062093
0.278801497576696,0.0956501031037554
0.3612109423513449,0.1078732194720056
0.3438347656012807,0.1070438631464293
0.32069547258040193,0.1035209684951947
0.31389817418081,0.10166397496254423
0.3134267825927592,0.10310674089266604
0.3129312300258881,0.09983202426889479
0.3259098770341545,0.10116512709605728
0.3259098770341545,0.10116512709605728
0.334246961516464,0.10080024657784689
0.334246961516464,0.10080024657784689
0.30970118036758576,0.10593984266860827
0.35628196360503583,0.10772027567759682
0.2736462890836883,0.09495110580218194
0.32713592047421175,0.10388918402288555
0.34879822072106453,0.10748818376640924
0.3492999366136585,0.10247271658990753
0.3003654408121882,0.0963812374397678
0.35101707238508617,0.10400798058933618
0.28551508274134973,0.09503085412355128
0.28551508274134973,0.09503085412355128
0.30679262694495246,0.0975804219848356
0.3463826506402519,0.10859428501554634
0.25557358808612535,0.09609289396935726
0.2822711751554481,0.09457374290563798
0.27974463077999334,0.09320293583086063
0.3419725158642087,0.10284246864523287
0.33527283062293506,0.10810765992112183
0.3440349106604944,0.10754487436242365
0.32150971386283733,0.09942088250080136
0.367602803865094,0.10772635686351267
0.38932344630055266,0.11375619289526188
0.38790122951621836,0.11147051412232267
0.33026672163961185,0.10703105877156166
0.36507903336678577,0.10625614344414823
0.3770589695189137,0.10506680042081393
0.3719209989928445,0.10576547151437093
0.28614193603452187,0.09453504316138057
0.25756725082457954,0.09498261235053117
0.25198457013107284,0.09371573539565613
0.24869062869405273,0.09549119298608644
0.29985929207951,0.09675113799040023
0.2592032936375067,0.09623501611861782
0.28294908679395425,0.09175191747224712
0.2504358500544344,0.09536379187755871
0.25338073489680274,0.09546496273956503
0.25374073139112874,0.09109336834875825
0.26073466379618127,0.09225428686303432
0.3155699236310983,0.10247030774346214
0.30325700437712644,0.09927844879113884
0.36249366009765455,0.10716240644764925
0.3191858536873976,0.10110794104094187
0.33255199180147044,0.10349599740722662
0.34662495207734434,0.10378612179026453
0.3450894411655679,0.10567049424912536
0.2989716250507958,0.10085376433550336
0.2989716250507958,0.10085376433550336
0.29161521520401107,0.09843431915411438
0.29725351016407714,0.09941056883661482
0.29725351016407714,0.09941056883661482
0.30837926806203103,0.10017080612943642
0.3193767162444417,0.09870037842295028
0.3294625407114171,0.10585093014571426
0.3419512521777103,0.10834127355821073
0.3447386665494109,0.10654376393317758
0.3406637954059631,0.10471064889102265
0.3276384953916353,0.10184089026299464
0.32442672375095916,0.09963705254554935
0.31645470569584,0.1002334417814946
0.2979414003517563,0.10093990304446543
0.3352363248945237,0.1061579773068478
0.3245844204281778,0.10824843691809546
0.34037164694893857,0.10818188168314245
0.3307175290921925,0.10598292307634243
0.3316476225001905,0.10337949695305283
0.2680817318393132,0.09862317088570674
0.31265890379108185,0.0973318985362745
0.28159571096075675,0.09988263256403677
0.2659708917498811,0.10062335885350002
0.26620044197871456,0.09808477625091544
0.26980488094803345,0.09720078313769545
0.24475927106819684,0.0917054919616124
0.2542343863415115,0.09180974520673917
0.22066561506357546,0.08799286040673986
0.21716271224414613,0.08802157175883259
0.21657169781663832,0.0874453078626409
0.2174298543716671,0.08704081047604528
0.30000249843828,0.10024030135030605
0.3076891073618392,0.10086801894079608
0.293599040031642,0.09982261661818059
0.3210675568217043,0.10102260960796106
0.3193942317464162,0.10073417675722281
0.3003520086217688,0.09819121573376371
0.3082254332007485,0.09763232112352677
0.3036811850271731,0.0971894413890472
0.31032389129613075,0.0974779158706725
0.2816762559968473,0.09874673660463396
0.2905307504186292,0.09777221303050396
0.3418085913207207,0.10530272874813056
0.29305655137421,0.09798623495725133
0.3099717250797378,0.09869835227378895
0.25890238456985437,0.09687877665154833
0.2968247911557625,0.09503849319043052
0.2822809855461062,0.10197268890784646
0.28431496154921043,0.10044318459305115
0.33209393468745496,0.10688326547193067
0.33369278556541565,0.10625490493080676
0.26225068723984113,0.09490599141199822
0.272713948984774,0.09528562070410193
0.2734295778884147,0.09653598003175379
0.26410036233778067,0.09342273701936255
0.2589103859274085,0.09229445522005023
0.2151758314163965,0.08717874834921983
0.22037458368067392,0.08713825093554964
0.235579636590898,0.09052415792597723
0.23202490298620254,0.0902391389673382
0.26220512576612875,0.091815713769521
0.2559643700065993,0.09093717363157726
0.35086743765622863,0.1090725836654684
0.31491551089926323,0.10286843348665124
0.30190283025128034,0.10003050592410172
0.3002186992617033,0.09708632072383233
0.31358475900940175,0.1006225375640266
0.2698213940022039,0.09524626076217872
0.29843062416514143,0.10299736420096797
0.30410391205433857,0.1019264140552441
0.3367438348841925,0.1044938673383302
0.37387868073658864,0.10894207038946523
0.3782370813692877,0.10893028887478216
0.3478549590642022,0.10775446330279324
0.30503334451313135,0.10139261854987924
0.2853846129192417,0.09619736383233189
0.28130877707660673,0.10021239053166046
0.3246991346474682,0.10162883897381413
0.33446913210835394,0.10068127588423972
0.33172682702797146,0.10077763029347502
0.25414710789795625,0.09034512491424543
0.2658352829165571,0.09459065264758926
0.2688413504928165,0.09528214941675439
0.2818553257052872,0.09239826953178382
0.3534632697518824,0.10810670914200621
0.4070476769890686,0.11565546388989244
0.4020414156197152,0.11251786775997204
0.3519826261383666,0.10770376472690793
0.3470632124070057,0.10631537814764007
0.3709546672205268,0.109087271902085
0.37597697797728735,0.11052093850360303
0.29358449663478603,0.10178010545053201
0.34246159782762375,0.10357512643526956
0.38083487987484665,0.10994940505361465
0.37130090534056953,0.1090548008935372
0.2876607320506389,0.09743176883013571
0.26973028927304793,0.09555743292071915
0.2623955220854311,0.09465675552794935
0.2740969400099525,0.09450757221569454
0.2593736761366806,0.0941301880755133
0.307050250735568,0.09904902966530847
0.3074725654224884,0.1004533272467656
0.3402314173464025,0.10401083726356314
0.35011587913802633,0.10811263266517697
0.3983721859647025,0.11177715434849723
0.3272016506654844,0.10519324080432203
0.36187142181503196,0.10802758472127773
0.3526021104780242,0.10761377392456654
0.3751470004490146,0.10788949977046537
0.31312400161678455,0.10066562848609042
0.29700366627397407,0.10046390222933084
0.28762800835749125,0.10270443229221557
0.293941619698155,0.09898954656788328
0.36296544737225156,0.1044281105607313
0.36298745843596086,0.11130268668395672
0.35617309386790286,0.11241886230757749
0.37683862053511064,0.11085775638185995
0.35019909723521475,0.10584985684465065
0.34348357876527413,0.1053375178737582
0.35690298290478384,0.10942854142187144
0.39186187229216624,0.11453558992441738
0.3426398304374904,0.10538019014656717
0.29222627094529846,0.09748926222379893
0.30047684590532314,0.1009912253332241
0.32413541504448157,0.10385080846555687
0.3075916087219596,0.10324504928090532
0.281301680161842,0.09658068054785014
0.281301680161842,0.09658068054785014
0.28441551063712095,0.09816628505989804
0.2869492724422799,0.09848947344030988
0.3145606601775068,0.10119405752721224
0.345289514752744,0.10621951871528948
0.23296980925439953,0.08952710985095472
0.23275159025319642,0.08937385929559115
0.2277254793576392,0.09068878385516713
0.3332597446055983,0.10206710989126393
0.36563974988126874,0.11273403132832067
0.3975957605236891,0.11192036033083463
0.38220603142155896,0.10863869768407543
0.3016979466935631,0.10358050026632813
0.3117725312668156,0.1027509554401985
0.310887651865715,0.10286569792206965
0.30591604749788437,0.10162493314091167
0.30591604749788437,0.10162493314091167
0.3031090719905084,0.09695291364824492
0.29082695016453003,0.09839544500704593
0.25108578580445795,0.09060524826652866
0.26667617322777576,0.09627795958107026
0.3705623757889831,0.11026712867027254
0.30829932765268586,0.09631894605346127
0.2727195154656367,0.09999569935864874
0.271846340675051,0.09822707641539209
0.3474443491196425,0.1048382448862548
0.3174001956282697,0.09972029499972032
0.3253455256875867,0.0994758929632208
0.312501735436348,0.1007581333287281
0.3174060164266536,0.10280879310843377
0.3265411669596676,0.10369092558385368
0.30725816689652635,0.10066273719952293
0.3014776387905075,0.10137240607960227
0.34422423077394715,0.10647156575554673
0.3636611378609146,0.10915945060957685
0.321158085433651,0.10397204431286242
0.3482494290526317,0.10269121411003106
0.3386471144016767,0.10362731199112474
0.32395559002828483,0.10252902816140494
0.2990224043980475,0.0990162933802099
0.2650540737402647,0.0938796615322211
0.2747747243998989,0.09545152824987532
0.4547242188416003,0.12133432390061445
0.46610878945027717,0.12224348223448146
0.3804553574754251,0.1063885460343663
0.19769791295041922,0.08495924722194843
0.20100926681567827,0.0833680434482835
0.20153205793519857,0.08337245456859059
0.21671082970185845,0.08447900914539837
0.21311212439207294,0.08786663558314105
0.23884991470147682,0.08825840198272919
0.21641040137519182,0.08676552014371108
0.21122056026221775,0.08749309394669023
0.21122056026221775,0.08749309394669023
0.24763673196851305,0.08957765477782487
0.25573724047963114,0.09244710401043535
0.29486031473853663,0.09948527806110026
0.2853152880529867,0.09693181831092686
0.30236502561283374,0.10003318298314323
0.3013888968072999,0.09592977348912185
0.3010906151590021,0.10193644605421547
0.30715544460029837,0.10215746725318352
0.33365636856214115,0.10223022793878263
0.3553363944112833,0.10671763626025663
0.2974870245690462,0.0996065679429816
0.33646227499077475,0.10571594781602117
0.3425254235353321,0.1062742330665247
0.275103385454654,0.09472940975056905
0.2799988122119696,0.09485384046533012
0.3154220306221652,0.09983150411559293
0.32813243899522415,0.1022547903234097
0.2706169428781636,0.0925548047816109
0.27024923408492163,0.09285697689268627
0.2498757593510466,0.09445595452266863
0.31842222899339434,0.1036088666451387
0.24956950361870894,0.09422560212403575
0.21800670336157724,0.08561009362591723
0.23156601051518316,0.08676873419429738
0.2647011035186653,0.09599024445276459
0.26769750289022937,0.09651355809107678
0.27154605923525055,0.09630874409347058
0.27154605923525055,0.09630874409347058
0.29902229601326064,0.0986187051745008
0.310028858360972,0.10094528451039184
0.4145592023287727,0.11465395509724359
0.38266851116491085,0.11160685173131943
0.3178849960351329,0.10190068361404553
0.3461932176794732,0.10779488121362943
0.3491078976775827,0.10755113807565671
0.296549191445267,0.09759449416420757
0.2958961187033865,0.09965467650282854
0.27112133206167893,0.09416535018186811
0.27722533409610417,0.0989101299862701
0.2644415090331705,0.09084618833784085
0.2632698769094336,0.0921350924163628
0.2716598982622238,0.09623729935504124
0.2551899778655108,0.09172645369743272
0.2652699647563336,0.09146750044385528
0.2614243920560165,0.09455745894017366
0.2968295447725924,0.09743460659751574
0.2968295447725924,0.09743460659751574
0.40826845562480574,0.11432017161905983
0.402303051280845,0.11164786252497622
0.4089413078884395,0.11169500686069209
0.4108870513970148,0.11159348579541523
0.41250128952186915,0.10740213442401272
0.33864420456522143,0.1067551894958232
0.3536354806942557,0.10730744580056775
0.3536354806942557,0.10730744580056775
0.36656525867721246,0.1056176853014423
0.4108332560690503,0.11873762705928202
0.43195978532169976,0.11495758675813879
0.4386405697219554,0.11511293297006828
0.43219489048076903,0.11526680495720883
0.38596933950556234,0.11439070629024195
0.4019109271653925,0.1136877987588632
0.40536561843470637,0.11581119748647557
0.38270569103184265,0.10881913869719105
0.286918033224773,0.09576724699047388
0.34200191799379875,0.10427131692129413
0.29760634784319456,0.0966082773469283
0.3155291724236029,0.09890280088102421
0.3108195391697922,0.10389351207087164
0.3413884791474189,0.10322024533497617
0.31165523629199876,0.09974882455112183
0.3166285455676147,0.09844787608050236
0.28393840161079525,0.1011109590732055
0.28549787049597725,0.09597166125405168
0.2652483248590765,0.09544056376188945
0.29465013898012804,0.09798793858471815
0.28916376408159017,0.10005525330091991
0.2898124317130265,0.09977480508842532
0.2873326995098993,0.10119738057812637
0.3371944410861557,0.10304104564512287
0.2988902592918483,0.10046228244234988
0.31880401113868284,0.1025210297326468
0.31880401113868284,0.1025210297326468
0.30037456829126685,0.1007291780226788
0.31645542331581483,0.10271720569066269
0.2711835686577201,0.09579710764831059
0.2944545790812354,0.09989642782855139
0.2575856016064093,0.09346385249503791
0.31707430481514,0.10511530323119667
0.32686650017416985,0.09872062680004251
0.3145525511104894,0.09995730790646473
0.39748160327583815,0.11153793471895382
0.2712427108581015,0.09746767857629805
0.30185042761574754,0.09610625721439287
0.34380429521427686,0.1007038624772857
0.34867913820316776,0.10304491879164536
0.31947074566471056,0.10357117518482407
0.3474622604736755,0.10547021177338026
0.36163603354408075,0.10290422092746286
0.33764698004187865,0.10354295592105288
0.35386415453412856,0.10813803437883247
0.24827107696370426,0.09224368785398605
0.24911725110962732,0.09311544428127488
0.3014899805229889,0.10163045535143467
0.30047857777175946,0.09602172071843539
0.3017573629210727,0.10024311109708263
0.2622449645089151,0.09644219272888098
0.2672816479331219,0.09369351451252175
0.29748801104656686,0.09984205857490831
0.34376936757909343,0.10643695755320917
0.33274408972477715,0.10394812866232737
0.3243154088447867,0.10300351505173738
0.3029185563837764,0.09980746866540324
0.3199487727837276,0.10410578117044958
0.280586862960968,0.09784358923276876
0.32301054385436057,0.10450008103289445
0.3342635486012791,0.10349348591687375
0.33969149451205227,0.10110368893017745
0.2641512642260934,0.09504618964312771
0.26397010537731525,0.09691718839109224
0.26015661896879466,0.09484080235576277
0.26965263179541116,0.09013650402113992
0.26046006970042923,0.09450323060459732
0.26669220589765763,0.09227685706825954
0.2743514664254292,0.09346438207868568
0.2751200473928088,0.0967487901583219
0.2568531653994794,0.09297067794275886
0.2568531653994794,0.09297067794275886
0.24654570526724895,0.09342402202997048
0.2625612775204591,0.0915211632978861
0.3032847982398638,0.09618078672271228
0.29599586888689644,0.09767193546929424
0.29599586888689644,0.09767193546929424
0.288872621240427,0.098979965620144
0.3256149478923153,0.10359726004852332
0.31714801276781174,0.10042638580741398
0.33923444707098654,0.10659088976693072
0.22493929632609536,0.08694389816008227
0.23230331622828698,0.08780425308610719
0.3305117031054383,0.10260369685968601
0.30364197306748275,0.10504008716544527
0.31257396289745765,0.10329734408274252
0.34281639816226206,0.10767658897030623
0.34062908912793627,0.1077392114917374
0.2762252193424732,0.09479942021525006
0.3266191302691144,0.10054394381525393
0.322913499114183,0.10489324855450122
0.3275166019529937,0.10189743710651461
0.31464218138548167,0.1025661276006908
0.31731865825106875,0.09832085094076294
0.296452287505204,0.09872792756883085
0.27843545908168665,0.0968243462513351
0.3646453269945684,0.10613941461544824
0.3379558744842287,0.10521987893324022
0.3387527395915097,0.10495212384669177
0.29600381975644907,0.09992531789455147
0.2729075940752974,0.0925264952381917
0.23815610798200576,0.09298779167300227
0.2445757297721397,0.09015291807134657
0.27038892907187406,0.09587639641205556
0.297614375152366,0.10042777769214464
0.3150229107546532,0.1010384112308129
0.2662383911972713,0.09441754173493393
0.2860089203985616,0.09598656267072912
0.3104288252105855,0.09913838366970269
0.29240355226089837,0.09790921262677468
0.2156667092803468,0.08576665237302171
0.2125714203248,0.08736957813583887
0.2523957540688903,0.0951822970626738
0.2828745718675452,0.09261011409987495
0.2518039519225551,0.09382688283874602
0.2973777446456989,0.0967528858394468
0.28550044145653103,0.09519028117839085
0.23404062463218106,0.09085612181209286
0.26595443527197044,0.09224482972419511
0.27520089540827103,0.09659890598108463
0.32089921483675504,0.10152612833824708
0.3014092098706158,0.0999160277686886
0.3038256939422844,0.10117613210108609
0.2904141793600193,0.0984937731541743
0.2852728976727813,0.09905128926177753
0.36419311512546293,0.11092825228760719
0.32362232128266993,0.09898756234907156
0.3055635615451208,0.09884707559941512
0.2774980179922515,0.09835307200642406
0.2821314686556287,0.09754243749275919
0.2850791495455839,0.09824939576057207
0.33088906054573536,0.10484082445436403
0.32858130461272056,0.10207723209458146
0.32672621627468085,0.10335863187566759
0.3234538671958864,0.10336958489978816
0.3392954259773333,0.10370826886261243
0.34332528369296256,0.10335560617190662
0.3419999877479237,0.10263567373615898
0.33938536973490085,0.1060817186725766
0.3432057304398311,0.10569822263257808
0.30407853392396383,0.10004673928501773
0.31225085811705316,0.10335515141936676
0.26638520802263904,0.09694438578957552
0.27798538557470853,0.09872339428575724
0.32069929279329934,0.10197831342065633
0.31860256246658447,0.10224191674843133
0.3170350823449298,0.10335338525610376
0.2657365674535974,0.09762841286321372
0.299592960898642,0.10306133106296844
0.3093690298197578,0.10270151767394649
0.3039715107908225,0.10204218542147113
0.2761127191359743,0.09811709353300614
0.27881635809579397,0.09732453617156193
0.26197263422960015,0.09209775236186554
0.2564320218043743,0.09430538984658658
0.2603624919799233,0.09333234557169892
0.3267037569896768,0.10264532043872876
0.32532952140331967,0.10333820906103688
0.32113184626894437,0.10086977334112927
0.2999733122647773,0.101810596156491
0.3090990511633305,0.10062375452097595
0.36294125551193546,0.10773476421722983
0.3740941060483127,0.11176012422998145
0.37664965416689866,0.11138036623344263
0.42055555512679943,0.11522941916852923
0.40464819628594323,0.11397842262981983
0.3610950922989765,0.10900146593502835
0.34807858375735296,0.10355322412223335
0.3460522410544476,0.10525058516445167
0.3460522410544476,0.10525058516445167
0.30391329212478674,0.09682613476003234
0.36930894096579536,0.11040867497531606
0.3811236957407351,0.10942671220077269
0.3842370863391329,0.10960153996993346
0.38933125828193266,0.11096005178104128
0.3841156886738273,0.11401433467952535
0.3970947959653861,0.1080065895841245
0.24227176656803998,0.0916689997840103
0.23883655351246832,0.0905534855671784
0.2787005049777531,0.09498598324580063
0.2945688723917179,0.09947329287203745
0.3008853881334038,0.09916680443613801
0.33442055673959437,0.10296920934903468
0.2952461968507683,0.10040383492157297
0.2608970934116958,0.09569160589543588
0.2659069834666571,0.09014939882832632
0.2573680223865776,0.08934266747409102
0.29380309442909314,0.09813106691528063
0.29380309442909314,0.09813106691528063
0.3260869245816401,0.10437040690193079
0.3132413627997545,0.10242349988057159
0.2936344054285216,0.0994536273979106
0.294602418730907,0.09849386310171748
0.31156860359923905,0.09802240341486657
0.30805098661085584,0.10317358033433437
0.32130614789009315,0.10186833630070483
0.3558366096429202,0.10528647011853601
0.32588661247951145,0.10453232731387774
0.3084934806326963,0.09746081596041031
0.284604081141824,0.10137334748485405
0.36406165087718856,0.11287653629241659
0.2982582832497452,0.10096990329766352
0.29935111395027997,0.10026757416521345
0.2867117677214216,0.09699158887879052
0.24680463124268057,0.0938692366395325
0.32697403001335873,0.10663066551161164
0.32155611035374526,0.10759986950237206
0.2838855747590497,0.10122168176408282
0.2903972174248475,0.09897206101657494
0.348260609866578,0.10650112755066604
0.3320813728787108,0.10246627674528609
0.2906650087716853,0.09858517992564825
0.29213648854788266,0.0983931798249083
0.3247337522035782,0.10159382517207181
0.3171546358371533,0.10260292347221635
0.29675955442232743,0.10031359243426465
0.31463826361642,0.10045703730820182
0.30414775307664255,0.10067182891889423
0.31084603493943075,0.10352621915326689
0.3476345586842704,0.10219443437984338
0.3193446175844169,0.09876886938279622
0.24217179102107778,0.09030658017909632
0.24913008400566536,0.09266251089123642
0.3028780599261278,0.10059675096120349
0.30672171479830046,0.10077980551978565
0.31007749784250704,0.09930420416680481
0.25628946758983673,0.09322529478460402
0.2965026145529285,0.09626596863105011
0.25452536098431866,0.0942919167045295
0.2616345667193678,0.09221921556226742
0.2650118328524241,0.09536897905431581
0.33780143993696593,0.10268055951043112
0.30626625087212045,0.09869304650984091
0.303510702407149,0.0987010464679892
0.3129598688177831,0.09960007533542502
0.2836047682030794,0.09669666701433084
0.29587311120303483,0.09822101665496583
0.3780125605412408,0.1092364476055687
0.37234245638059477,0.10805702686395759
0.37385268892844453,0.11174500637694068
0.3537943845799356,0.105234517747192
0.32938281617963605,0.10186802012345486
0.3453739565411864,0.10544280249777362
0.30430529129908235,0.10199584478635002
0.30859775507290454,0.10087981955839394
0.31426110123041184,0.10373979930912022
0.3232878721690843,0.10320941430010683
0.29811472523254917,0.10145422466071741
0.265094857644136,0.09282206075130722
0.25115330428205784,0.09459740691603882
0.2960215240997658,0.09685744373299744
0.2800657878805381,0.0964538006738888
0.3044429162003044,0.09789173910006504
0.30092868387741334,0.09786628679722127
0.34183353418006096,0.1045183674717009
0.35027760144136977,0.1064431890160133
0.32542982153423294,0.10397113277297082
0.3949790277876652,0.11389172446111966
0.2840131989793404,0.09684211401847076
0.28136722253015567,0.09493061752356986
0.24677082326425392,0.09126195921899642
0.2518946751560529,0.09365901888515456
0.2839530229486781,0.09403666561034356
0.25667487244607246,0.09477943200038724
0.2469529462434545,0.0905503354879083
0.24769200962379992,0.0903386878164871
0.36084118632378,0.1041505345281739
0.34668240910082343,0.10630780690079593
0.34962343143530555,0.10649886050465736
0.3521794913972351,0.10732514141301873
0.24518900688941497,0.09072079123155301
0.24421339057844255,0.09377738247543597
0.23734073649000223,0.09323741059444862
0.2350241538882088,0.0896070449625966
0.3328128002500637,0.10381465762465411
0.33777423185523753,0.10418722824192998
0.35995940446836744,0.10890059213862015
0.3147468619267346,0.0989106638769813
0.49338854287053246,0.12334411205915621
0.39634374357184665,0.1105138292627165
0.41329036096187427,0.1114572184447054
0.41329036096187427,0.1114572184447054
0.36443213816253417,0.10951824608911322
0.36511668921004603,0.11040392809548821
0.35706740566366446,0.10412443791806596
0.34440306211108185,0.10879981642405359
0.350589206262215,0.10450408278876312
0.36660027692360286,0.10912864927050815
0.35405298028132137,0.1102791791248246
0.36754969450485264,0.10717953763202696
0.36344375253686145,0.10742856412310246
0.3465421406134526,0.10562480155411604
0.3878692255229814,0.11023860718478909
0.2985173345706302,0.1022504148127252
0.3040083879796597,0.10119494091236544
0.3524416953706375,0.10572767307097095
0.35984099548016285,0.10649230818899431
0.2764620536088098,0.09578327528556049
0.23235649050714494,0.09004306817137742
0.26134911662586824,0.09162499907177142
0.23634029265653245,0.08828676919542232
0.215378500845679,0.08535083892657191
0.22180492595263335,0.09076005565031407
0.3031897591216471,0.10330268082647091
0.22232306193633852,0.08700962237545257
0.22473518405375187,0.0898473834916587
0.22431511388609338,0.08751692510245374
0.22402955148083709,0.08676162495399899
0.2620606412017951,0.09429569633042316
0.2620051365313269,0.09432812069831172
0.3141684504494383,0.10271595701692927
0.32799784339181176,0.10380183603786991
0.32983331227467705,0.10205885808114057
0.30917551069009286,0.10074153230052962
0.32020208417618073,0.10095217120286665
0.32020208417618073,0.10095217120286665
0.3208781273193061,0.10154764899552549
0.3560250655326511,0.1044352497874306
0.36804920787868606,0.1046932501503814
0.3340917479673976,0.10255414421893032
0.28959582549914054,0.09888935504597646
0.23746563574018847,0.09263769019055529
0.23746563574018847,0.09263769019055529
0.249710150556129,0.0930231457912227
0.2820907785709605,0.09604967852391481
0.28370691629586675,0.09732895583401907
0.3318149631672983,0.105379317469631
0.3538055123510408,0.10724584911369218
0.38530970132107273,0.11012025757423743
0.36379566802917557,0.11033636715381201
0.3480708870685343,0.10585810080201902
0.32246980307239026,0.10120218356127314
0.25469285650813506,0.09389269701173134
0.2766224280254005,0.09673862435817124
0.27590499790627643,0.0971106669060883
0.34772094256704883,0.10431572053070502
0.2672507358820441,0.0929726883561216
0.27529423917260487,0.09464879795894333
0.31810219413354013,0.10274096495012182
0.30275445397555084,0.09927762508019339
0.33504420057349377,0.10354802054178176
0.3120009711480192,0.10003674978384512
0.3120009711480192,0.10003674978384512
0.29470098686747687,0.09702844429934408
0.2853635508123357,0.09709535546723626
0.2792077615689286,0.09613911789657338
0.29315604096972303,0.09913476066936507
0.2875000697278624,0.09678182403869907
0.3181331535126011,0.10076740423581651
0.3588129868950913,0.1082375946277243
0.29260871429719665,0.099002676742688
0.3086072071987971,0.09913969535646477
0.3497617416021581,0.10490541735321995
0.35453880928247133,0.1054212989456073
0.3579740918417811,0.10743326766279844
0.33614752768486317,0.10452640431239847
0.30858410972655015,0.10119643991699728
0.291824632018886,0.09859595061905427
0.36777744951444724,0.10984037634088137
0.37048029903407353,0.11018683429260429
0.3815247155290734,0.11194874140619979
0.3558455471711586,0.10510956680328047
0.36087396620890455,0.10592373381204492
0.36312268158843086,0.1106184483355658
0.34314033624112017,0.10277771779520894
0.3013083360996984,0.10047289301206663
0.2628411525915585,0.09463620378614657
0.26675428561302067,0.09460953948740894
0.2735942879324326,0.0946386404995052
0.26578359770354343,0.09599218745751634
0.29706930512344504,0.09684382774767276
0.34670796442267127,0.10239055121432078
0.33928882078555583,0.10494095833657392
0.31789882649182066,0.09946235054278818
0.3178782509296289,0.10256680055463986
0.26514289775474925,0.09608350004868976
0.26123222294171855,0.0984731167209628
0.2748101106522878,0.0960808476013856
0.26960277627265355,0.09478002924141711
0.30758549315555195,0.10224828811830794
0.4347378431884238,0.1168210044844677
0.4384745218445467,0.1189107286209263
0.4567847455907621,0.1193070652032368
0.3136348564503292,0.09903053031714223
0.338231801992653,0.10362355489458935
0.47052747147377205,0.12181797700680426
0.47421188498468025,0.11864564676200949
0.48810150268301544,0.12287635027625325
0.48810150268301544,0.12287635027625325
0.4772279304671351,0.12668341240835684
0.42845521595377656,0.11611633665716853
0.46606366330851823,0.12662906644841973
0.3390598849192282,0.10675755360973167
0.33187380037740544,0.10351897063581583
0.3341124620421101,0.10429451800036336
0.4392431783345953,0.1166462769882794
0.41632016308157405,0.11697622196181906
0.4609969565133527,0.12529663075733652
0.48100185550351376,0.12237704914802078
0.48427180391057256,0.1250030699224472
0.4887195004488353,0.12495367079820602
0.47119167199616935,0.12494631412287759
0.4484108224480928,0.1213294355136753
0.4477681599709757,0.11995811814289009
0.43615165353411994,0.11920784963213459
0.4427084876449993,0.120323087643139
0.4111062893497681,0.11595129473754964
0.42772512988457795,0.11683284725724763
0.3152398790994374,0.10234862774475859
0.317795040496009,0.10264410836232273
0.33294022329929723,0.10137996886049287
0.3066952046718743,0.10035448612899432
0.3485229729803062,0.1062963707418518
0.3714774217880197,0.10889802452191757
0.36817949162727115,0.10553815717166655
0.3171883607395293,0.09860213371548071
0.30067424175677443,0.10291415418389527
0.23553373473556805,0.08998213396253098
0.24431292234503169,0.09264871505159394
0.24608633466424934,0.09026648467153724
0.24285861983923107,0.09156749318737767
0.24285861983923107,0.09156749318737767
0.23664427062306997,0.0899808572091856
0.3459406217159896,0.10568132786808257
0.39398960270768957,0.1091026287729356
0.34667806195632944,0.1105578243960546
0.37555468052438484,0.10869127040164568
0.31551368895950493,0.10044528240167837
0.30706095586785653,0.10053328647669053
0.2985445927295536,0.10300994455820503
0.25921827948967335,0.09512893009588066
0.25921827948967335,0.09512893009588066
0.2560126909562601,0.09415165811724248
0.253347767242819,0.09227838206592627
0.263758780716957,0.0933892152817398
0.3102982375309188,0.09706842969870427
0.385891568762544,0.11045605778259299
0.38435997647999476,0.10909309533413548
0.41462353254953743,0.11715827022168329
0.41575151764433904,0.11451679012082393
0.41405857840488036,0.11490917459746541
0.43733622905876424,0.11559208211516936
0.43277283344232664,0.11410485571047838
0.3976436771092461,0.11037304750848184
0.3619766942430547,0.10975665489307572
0.36132141353364794,0.10924382707691445
0.3793066419635765,0.10824520783805182
0.37535979669161157,0.10848648676337846
0.3408962707325666,0.1031992926903469
0.34682354058978254,0.10104952141065697
0.3346397058266666,0.10513708975774136
0.36563706833977894,0.10784691338740547
0.38205800221800756,0.10734612754808265
0.39374755224612296,0.11319120184603261
0.4296662917596326,0.11678822729678366
0.42747572638639797,0.11803292541570436
0.41892709445849263,0.11763043590428524
0.36268701319713853,0.10761022834591527
0.3838417033522098,0.1114003852554416
0.3593042888228555,0.10546295386110058
0.29995274251261705,0.09678064094632749
0.2943760232787019,0.09780992710678803
0.32521097844469526,0.10190234065789466
0.37683169530632254,0.10802671956337175
0.388123604520111,0.1105300392086457
0.3886757559371448,0.11058381034041831
0.38229821031477174,0.11010208921600698
0.36016633737932696,0.11147165807799826
0.4191182495813825,0.11140827191234194
0.3924116328194984,0.11320897266972815
0.38396826819806135,0.1144693959409735
0.39079108419218167,0.11516870533284088
0.40631488737879445,0.11351191920341001
0.3874849879956786,0.11761103711865423
0.4423977817395976,0.11216553917611576
0.438162755928359,0.11330266704855357
0.45487339104483504,0.11203874171772853
0.4374294326406263,0.1200278926347687
0.26117117635572507,0.09327532855136338
0.3161337575821045,0.10056624507052983
0.3180512096348226,0.10046502904712429
0.31500359871227945,0.10465368009069054
0.3242573984724094,0.09988928929836197
0.33579588023995766,0.10674291630281169
0.28806050735764027,0.0983644302152034
0.3222146670061382,0.1019039402199561
0.32904248073682796,0.09981103589033392
0.31259785015939257,0.10549869004914751
0.35335489241067736,0.10275268157175334
0.26468883445364166,0.09742546670520005
0.27934046766865195,0.09625819597573326
0.3327225364431249,0.09981396078631524
0.30665471286047696,0.10177009233419473
0.3036650497661926,0.10206672160763824
0.41028781234071676,0.11453615104605652
0.4473553577343585,0.12083794812948442
0.4451359861823253,0.12063851804463863
0.26639928668507307,0.09691457889035224
0.27098245991159386,0.09723847926000743
0.26786562609727294,0.09708163479111143
0.3372787736474889,0.1065846076368185
0.3405226564326208,0.10572838713753073
0.3048497983358925,0.10161443817076507
0.2651927825953322,0.09654225333764498
0.38491516817548577,0.11171593226087162
0.38426841759564384,0.11168245674297143
0.34882816514669285,0.10845472516077564
0.33726512759654226,0.10649168556816017
0.3103348338164856,0.10088577188960597
0.2990852249303506,0.09757815514850326
0.25168001691233455,0.08996759010704564
0.23979615517715908,0.09198957398915836
0.22948688150227817,0.09209513705411165
0.23405815799161114,0.08945334793169171
0.25528552028191326,0.09415009560087675
0.26911428767474765,0.09377306795877303
0.2385894174834581,0.0899986525157408
0.2713578192547466,0.0925263508384608
0.2819312029718248,0.09240927368895915
0.27046613085390636,0.09369436294507322
0.2948086923056729,0.09962131603723672
0.30083691353449216,0.10030395998685235
0.280931802316123,0.0938775205310445
0.2765158300392267,0.09637616850059084
0.3045317378087006,0.09951912410392785
0.2732738790242659,0.09463553458828594
0.30443399383269587,0.09896378308447072
0.3258574508901054,0.10527124905664599
0.3821760344640516,0.11130608398828898
0.39066893128050284,0.10757337740583685
0.3852773214163782,0.1073419984350557
0.38742914956727614,0.10616061336362076
0.38742914956727614,0.10616061336362076
0.36051698468172405,0.10844018965718728
0.3206749923012531,0.10293033105213512
0.3206749923012531,0.10293033105213512
0.2631438319875806,0.09338026231179732
0.28192819534372027,0.0972207234547304
0.2650929184954228,0.09345074138778767
0.26087977666623474,0.09591821914046444
0.2508793361259035,0.09058403481248183
0.25901040363167527,0.09268826641672623
0.20990009266171863,0.08715384051909521
0.22786230464680568,0.08873533057809538
0.20660094859217276,0.08826684874296958
0.3218023720398779,0.10128254711521037
0.30820679930854006,0.09893008896705473
0.31017318898377744,0.10189042555993079
0.29546111353847276,0.09842663384917177
0.2945784945206585,0.10060405903637269
0.3303536808640416,0.10644631342014826
0.3303536808640416,0.10644631342014826
0.3653915252797736,0.11168227996151525
0.3653915252797736,0.11168227996151525
0.3518253950202164,0.10458128718617553
0.3466475415705319,0.10454983575368425
0.3616933974717108,0.11131000128288313
0.3864040379605661,0.11122093492258615
0.39234905057659863,0.11217304728370461
0.31129727200422086,0.10152716199299508
0.34752561846205937,0.10663239842647125
0.38007062692384136,0.10857797179763966
0.3595456970454954,0.10665898988952845
0.3343611439503932,0.10529990062302008
0.25683311637299644,0.09232312650158256
0.3792660655492568,0.11137517150719588
0.32710634079440387,0.10259987878008746
0.3474608272336104,0.1054508715177701
0.3306133967393113,0.10385752828375126
0.33935283267980204,0.10639899346532578
0.33935283267980204,0.10639899346532578
0.2992124834657635,0.09852181404932009
0.31273982644192116,0.10162596969830616
0.20731513692348427,0.08639838606291873
0.21268579993314402,0.08437387755834515
0.30221650898233077,0.10471924457433132
0.30489394434729916,0.10435497750086944
0.30978755867788554,0.09834331167091326
0.29129324457215466,0.09472547688463633
0.33589881258641613,0.10377989845465983
0.3173819911617557,0.10383108114849922
0.3111349810135535,0.10211052529441075
0.33915796359467737,0.10005303638380808
0.3317330349259461,0.10022120355604203
0.29422908547348825,0.10231564329949061
0.29422908547348825,0.10231564329949061
0.3364527088805731,0.10012435454063232
0.40796400372607294,0.10971675129739594
0.3651789792951298,0.10863718566875208
0.30137543881010787,0.09979639064594333
0.35767161255666813,0.10662926603400394
0.34462848368023136,0.10525269717811757
0.3216475239517824,0.09935015080406795
0.3240535502257147,0.10415663107484094
0.3240535502257147,0.10415663107484094
0.2719290714900011,0.09663960886294962
0.36256232598928156,0.10736625196535322
0.35896914583004735,0.10786739710108881
0.3407929789747015,0.10526449845398247
0.2756827781546506,0.09566891117993491
0.27836597174889494,0.09336457675299688
0.2513921162949937,0.09043002415177562
0.2650384628222316,0.0912189913758523
0.26706484529509483,0.09049226318715502
0.2625978958289418,0.09196450611796782
0.2888807562721609,0.0976245119250003
0.29411847443324224,0.09839333840175565
0.31169777171398366,0.099646395870981
0.3348496734640825,0.10426017946175412
0.28347311552217425,0.09565708663831524
0.2757475226824533,0.09521694289609633
0.3212158448316788,0.10542846655436451
0.351313657697272,0.1046792588493476
0.33862046465801054,0.10423093954720665
0.3434656792084387,0.10366281058524356
0.35638865614220266,0.1085844678060174
0.3258135011871376,0.10414937934677831
0.3826200878044142,0.10689551182355296
0.39233538975820503,0.11391177804180765
0.2800276929681618,0.09749359217870102
0.27725737595020405,0.09425508167662139
0.26543745087174697,0.09370348550448168
0.2771233136155675,0.09336261320186165
0.28159898590756144,0.0943701633165115
0.33345650422595713,0.10294762017757188
0.37051530312430014,0.11119312558942931
0.3782854781284838,0.11213828353541742
0.3889445985845289,0.110237674575635
0.38606872539540754,0.11086887219385516
0.42310094448787766,0.11480246683329698
0.3801399068618874,0.11286791391881833
0.32145400688383685,0.10424786062889291
0.34538201540223606,0.10352743963750624
0.3280720614851853,0.10572889960204665
0.33129732069826173,0.10538005895007527
0.3675963591933113,0.10771894302969032
0.3772954559656147,0.11290184894932324
0.30150865735472854,0.10150628652595381
0.33310719201812106,0.10103071677672602
0.3351877259538656,0.10198697418058775
0.3351877259538656,0.10198697418058775
0.3271539615296528,0.10403918380870232
0.2958624132872352,0.09821720406436514
0.29933055399300906,0.0959058965396616
0.26952053804549136,0.0963354385704641
0.2976598011399813,0.09668367679723766
0.27712339903217675,0.09463077319472447
0.3498676653764313,0.10716603573557125
0.3543338259624474,0.10918686696970084
0.2940759300563366,0.1010477134301194
0.29824888908186264,0.10134539743791543
0.3005201642429464,0.10160122291188568
0.32317211601862833,0.10321083102932728
0.30887652256908793,0.10674296303606633
0.31827824072494604,0.09672529841523077
0.3255901018137491,0.10647313806711974
0.2728069755206956,0.09908664253736445
0.29194847486284015,0.09890882292817307
0.2675751442204321,0.09345847415078948
0.2521894618209311,0.09331510558338502
0.26214379375003094,0.09289127389410311
0.33213009304737207,0.10401044578301134
0.30869032327941115,0.100783067290664
0.3420855218466795,0.10512370199567025
0.31576203036650496,0.10201984253432567
0.29181758873746944,0.09744832178884574
0.33937766014690063,0.10532775825779957
0.2724579513998893,0.09818227816244869
0.27658782354126465,0.09836951984809943
0.29576495958822446,0.10066218456541286
0.3985630885635599,0.10996864578811766
0.4070866286821526,0.11333575068822757
0.40147919131357657,0.11589512735519006
0.3905093025605391,0.11449684362001894
0.3298319570004031,0.105573089433875
0.32640756685530214,0.10536376450235191
0.31010646352027993,0.09741859268968663
0.3216642953282379,0.09825935968126
0.3216642953282379,0.09825935968126
0.3380671242883716,0.10818028914384348
0.3836743664862876,0.1088052642084493
0.4114116584021776,0.10952353881954624
0.4081182007971075,0.11611350575372335
0.23163062146917912,0.08741255491540764
0.25918869834190583,0.09228740662123826
0.26564230068488637,0.09363544222356018
0.29817432527364374,0.09813676024241459
0.260447042155459,0.09362753018323981
0.260447042155459,0.09362753018323981
0.29905982804674536,0.09920300714487498
0.3051166106772865,0.10176569063598195
0.2837408147942724,0.09868066782857
0.2828757433004852,0.09716550581358036
0.28072359339457076,0.09671475492757321
0.2936540191904242,0.09871823133173138
0.30515854204670434,0.10065744081823387
0.3299862560242239,0.10196480544558886
0.32812159104612726,0.10551152127153349
0.32263176106961766,0.10614381135320936
0.3541370196432313,0.10311247518922656
0.3607121361513987,0.10212680978506285
0.33550868703317627,0.10561476781045968
0.3703461783429042,0.10474933153540492
0.30932324302998415,0.10149641371144838
0.4098563111509972,0.11405428118565782
0.37271091028519043,0.1104871334528166
0.3488134959133754,0.10686566870635181
0.2676774582003334,0.09505188357495513
0.4040487851740165,0.11187895622925369
0.3853357884257457,0.11193015483949463
0.36020307243681765,0.11067150662605398
0.33388977986421275,0.10525642328066868
0.31414294898982226,0.10156417651961795
0.28823604712660134,0.10024017620774942
0.32210894479819935,0.10280633902821674
0.39166135093101523,0.111703364050927
0.3985350330550431,0.11188918505434178
0.3755631415893209,0.11496942909926286
0.3813696240805177,0.11403005606789385
0.33949143532751086,0.10285285554272744
0.3324213716775463,0.09979052713725427
0.3239595312519643,0.10117423666153944
0.26544039793719126,0.09132552539683025
0.23829210559938946,0.09409625763247427
0.24620766163092017,0.09327663133588567
0.3306585802066449,0.10344805612498541
0.3064480462623699,0.10243682909664817
0.30003218370332047,0.09857919866251481
0.30003218370332047,0.09857919866251481
0.30003218370332047,0.09857919866251481
0.2934819079035478,0.0992633040009338
0.27676457334874793,0.09661670528727954
0.2895638189205677,0.09678743327040956
0.32271245366515583,0.10050054077046021
0.31658410713619645,0.10092442592225184
0.30412931062710497,0.10060376897771255
0.2940103361095403,0.09870054509998714
0.28144862481001826,0.09806448313644886
0.3692677260070962,0.1107548562190601
0.35689915963971586,0.1132574671038266
0.36522834047997105,0.11163922080886246
0.3625445718087267,0.11094898898499361
0.35122053089011196,0.10787575576473886
0.28495772314999446,0.09701755308411321
0.29611678010597675,0.09911837338124171
0.289869404818547,0.09735311715540375
0.26746981101939404,0.09602965703095613
0.2717383851261881,0.09645003103703104
0.3026953950623219,0.10082106006177045
0.29678425310797024,0.09581230619950068
0.36674092824865284,0.10564615269688243
0.3740231228771652,0.11373905455359315
0.3716775246873286,0.10431010265811042
0.3168120204320323,0.10317207539103503
0.3318720462454522,0.10503495607419676
0.2984207129122718,0.09596670258830348
0.3206225685830245,0.10303560502183322
0.2614609347583963,0.09522463316938247
0.24694568296545022,0.09066195048402158
0.33901492875026146,0.10469947898186369
0.35077959443717216,0.10780179404992145
0.3606827290952681,0.10891106026191381
0.386810777903043,0.11171153941139327
0.3922469271827065,0.1119781514205428
0.3722035221398391,0.10910267679093384
0.26611876005492546,0.09480944832386336
0.23504652516362706,0.08844598157665952
0.2922617627111002,0.09814615914229902
0.3540990742043974,0.10675563941130035
0.30307783104478137,0.10241023617207051
0.25008314211104865,0.08990209454482512
0.3412303498579036,0.10891537780855602
0.3505802691707797,0.10758479819242389
0.3448058175605557,0.10819749592495048
0.3812098470269447,0.10925870294804488
0.3593711113759083,0.1122104724569667
0.3792266461861147,0.10946680421033403
0.3683442310172073,0.10697225351641847
0.2677138015084745,0.09684296331029717
0.27290492286375906,0.09788187782393744
0.3185108504889419,0.10012400422110869
0.338239620032465,0.10506781468171622
0.3463810228821117,0.1046980319774808
0.3436629944584747,0.10839333869833517
0.32600756657826724,0.10304476461191885
0.2988448308336422,0.09736326468464285
0.33782572545612355,0.10298465763271235
0.3163225512842158,0.09872810772355559
0.3160548247221364,0.09945409923321864
0.3025147726018953,0.09866510193922079
0.3240260989908701,0.1022564947517218
0.342680855253861,0.10331308654058327
0.3036345433822357,0.09969070063451066
0.33602125575340835,0.10389122825151537
0.32154517147012246,0.10264715285485
0.31548150748953036,0.10027248614215399
0.28231960052096056,0.09801114322355518
0.32496388040793567,0.10131541218219599
0.2659271918212128,0.0921808455625806
0.26933578229978555,0.09565120053173336
0.2710397938552891,0.09483556838149396
0.3395832617282787,0.10274666722996025
0.3834151038959209,0.11230476263632587
0.39440874303783663,0.10949960658305725
0.3342893294415546,0.10800941935073242
0.3620187157668475,0.10797654159704431
0.4112073242496108,0.11583398038015592
0.41933770286614125,0.11232676516932218
0.41481992449645083,0.11523131489585577
0.3790628574124453,0.1116735182955462
0.3730118615490602,0.10752341032253031
0.32287783446684715,0.10488913184919257
0.3280287661742538,0.10302808075762694
0.3549715190870214,0.10692047319100556
0.3512218627023229,0.10612832112431282
0.3539334638360614,0.10669170451979462
0.33452047015388064,0.10175054966448666
0.2888600124767077,0.0961308894491897
0.27484933002970136,0.09758276129268126
0.3700543471866766,0.10892953215767728
0.32157147155913063,0.10197914239502044
0.2825510622797163,0.09526925291212214
0.3110686969387377,0.1010390310211461
0.3513477533558849,0.1075735101800956
0.32458225743667296,0.10437425198782242
0.32454824789663206,0.10479932854669552
0.3137536176882898,0.10110197866360986
0.3137536176882898,0.10110197866360986
0.3042428696441435,0.09824124298219908
0.3042428696441435,0.09824124298219908
0.3009602785363593,0.09980832567179128
0.304666335994802,0.10079719090618211
0.28215350040477044,0.09795241532662767
0.28204351394710825,0.0970518469144064
0.2588787742328948,0.09418398645361627
0.31886364341092843,0.09971449028498897
0.31105339411940425,0.10524710970957321
0.3107169255121711,0.101358322861849
0.3030522813760955,0.10008307044687333
0.2926757852010471,0.097338658029688
0.2893650391474265,0.10061046434492701
0.29040883823713604,0.09574326313973927
0.3883088367334795,0.10908107931039358
0.4102053927264901,0.11679540503351205
0.33039919988841715,0.10814547857498771
0.33039919988841715,0.10814547857498771
0.3066355927285417,0.10179484534889163
0.2464345815804217,0.09286519044169816
0.2439839846428563,0.09313903038191129
0.28190945440948484,0.09824666476801772
0.2835487789265183,0.0951562668918692
0.2562020235021869,0.09414905823284964
0.2767122764579098,0.09513720176519484
0.2505584768152821,0.09211598549663078
0.2268345018981499,0.08869000942645329
0.36824206680684757,0.10927843315554082
0.3577067076656394,0.10775039764636317
0.3588262174628536,0.10643386999934296
0.30959541327543955,0.10177964501404471
0.3522446428923134,0.10327565239602383
0.36148085157267623,0.10327135703137873
0.3719643780054932,0.11026636185388948
0.36509214182953004,0.10927927287053497
0.23573683267357876,0.08842488293531738
0.2423315009223732,0.08607948915063966
0.24328777479836605,0.08486136176864477
0.22420232481401325,0.08662741161237994
0.25029379551171144,0.09229669997021721
0.2528778905078324,0.09482574307813646
0.25484525843205297,0.09393052593163297
0.2516443470704698,0.09293564583430605
0.33154325958363373,0.10302363339206332
0.34275271085282977,0.10747080690154162
0.2487579117626605,0.09417624003828576
0.2487579117626605,0.09417624003828576
0.24708956822680583,0.0900241016812906
0.23102795599296722,0.09190221912666853
0.23829507175749712,0.0899608488714255
0.22576856391771105,0.087522050785357
0.2283523727773265,0.0864495716763125
0.31869477574136323,0.10447769269034861
0.3358230303579826,0.10562814547049744
0.3468773507150867,0.1067767757083116
0.3363751842315529,0.108361111985454
0.2460028440323163,0.09334836569322286
0.22015038563575612,0.08567719255355728
0.21035115258873982,0.08435154631692042
0.24058040473413284,0.09280815809298724
0.27066338939519374,0.09307376152164354
0.2766431847391147,0.09418275413137213
0.27746277561374444,0.09290987770890669
0.2893374721956785,0.09337250358346849
0.2947758945264938,0.09380004552029855
0.2851402068759946,0.09948557111003459
0.30973252367429993,0.09776749137574427
0.30661412762230644,0.09951577583109808
0.29104235016031627,0.09997469693881224
0.3510266973809731,0.10689999303682717
0.3956690903096981,0.11264638491896184
0.4133325653970465,0.1123108087387905
0.4180695320914787,0.11803020709112343
0.4193777345082149,0.11763922632737217
0.4134884541528088,0.11430729056070232
0.3757717567025486,0.10992920509754879
0.4223743199658185,0.11791246347205914
0.4267859630809049,0.1168449362092934
0.4351379220435397,0.11705575373673925
0.36311739383906466,0.10632341875720545
0.36364164834074586,0.1059406859404156
0.26943887310627734,0.09459840854765703
0.2654391591859685,0.09374117406218657
0.2629685214763205,0.09370710369743042
0.33879592449387685,0.10392186053271266
0.342190850056431,0.10220429363810503
0.33817296923984774,0.10379568665560868
0.34380054297872,0.10532576974035956
0.3527379286903838,0.10756454725708056
0.34200733849369347,0.10782657117705677
0.33857615471180913,0.10685404088862847
0.33440195767085734,0.10632376229451962
0.3285065138660175,0.0998877027274178
0.3251463031417964,0.10230170049348267
0.30561374695581645,0.09761650047059889
0.28334147052939884,0.09929996536214279
0.284570114112003,0.09648387122715105
0.34187910764891705,0.10349505590817751
0.34187910764891705,0.10349505590817751
0.300594276653424,0.0979363765838894
0.316030098790134,0.10352896104733032
0.32108626898805553,0.0983361353111233
0.2935777145700228,0.10402486536938613
0.2929752349006597,0.10269193336472131
0.3931689693539031,0.11042477087066017
0.4625828749731376,0.12098243743378312
0.42235366073511393,0.11783333127037605
0.42235366073511393,0.11783333127037605
0.43341231837982686,0.1182201685780735
0.4365866562001844,0.12051122210377431
0.3844164705863181,0.11176135153281273
0.27862667753105164,0.09653189872948714
0.2733445971320557,0.09445931727723066
0.2741341209826775,0.0952749590256027
0.34921958134019254,0.1059377383232953
0.3008488955096073,0.09592002549895436
0.2864050003638911,0.09884482379850124
0.32390712068551647,0.10153480882485257
0.24558180262028026,0.09186102464658885
0.281625053564304,0.09625754302474067
0.3041012720899976,0.09957798585267538
0.29255997426173175,0.10377200012545255
0.3100655235674852,0.09769775708675907
0.30269009053873813,0.09777034295266408
0.3203493704319127,0.10080269772135837
0.2978447797584032,0.09801673631281375
0.24906116505593617,0.09289673359978007
0.24200134914968646,0.08920862186409105
0.22503171678904854,0.08729750698141231
0.22377899662517203,0.08663535968193704
0.22540280219106665,0.08726499809320293
0.22764235089032506,0.08777493195797975
0.22838935401476118,0.08798320846381988
0.240987948672835,0.08896494742897129
0.2629851905531302,0.09516656929785541
0.3323119787342579,0.10505607873100485
0.32381434284024685,0.1054045841479213
0.2934373607271415,0.10103129411006521
0.34967526086699124,0.10371429410329791
0.28591385388643625,0.09920725983843688
0.30246562775514074,0.09753686577552477
0.28094707665746865,0.09768081901394385
0.3128541330540797,0.1035001893910424
0.2810605857119349,0.09619488441176054
0.30549617407608,0.09986791650207182
0.3330019974422805,0.1053732611361183
0.2685229077564762,0.09563898101486014
0.2644652794689319,0.094514262162933
0.24263318582202023,0.09212495308955285
0.2619000991703128,0.09214401192491604
0.25070647867368157,0.09369200328794904
0.3014420206945745,0.10020938230431685
0.3332193482061231,0.10518539266720578
0.3141609020102646,0.09959028435943215
0.36252031906020454,0.10759170860058939
0.35664274415619157,0.10543167481076861
0.3280527077667449,0.10693112579185757
0.2510257536016151,0.09400290176287521
0.3024240334806921,0.10230508966997741
0.3371358723126993,0.10287262516342795
0.3470211062594224,0.1049793226519418
0.2849155290540095,0.09712839755865808
0.3104375809714823,0.10073388326796913
0.2955242392955187,0.09794237907276283
0.2992862261949875,0.09934852386260663
0.32447311469319684,0.10036136887326638
0.3661769734737962,0.1094163281272851
0.3662945139778712,0.10949747926137525
0.3490247622677956,0.1090836983768332
0.34898402484543045,0.10439262664145572
0.35934894471312007,0.11218325054829088
0.33351806123428296,0.10583813794393218
0.2533837035966713,0.09105038575176239
0.2461605960447532,0.08964358594661219
0.28866547775233564,0.0982470868965737
0.28866547775233564,0.0982470868965737
0.29264862784360723,0.09919017023065402
0.29155855157164823,0.09992264156941047
0.3327274577650709,0.102879997980534
0.3327274577650709,0.102879997980534
0.3006992475552605,0.09633394479829294
0.3160293543829373,0.1003717790527751
0.3160293543829373,0.1003717790527751
0.29894596754495145,0.10062700477912477
0.38360503854077843,0.11216721932649701
0.3569885830638695,0.10999628995362487
0.35324124116314876,0.10926120981475602
0.35287860346688826,0.10850958646416538
0.39784874500195616,0.11370029395604891
0.30704744991856525,0.1028624795583144
0.3192403592811542,0.10221645085467501
0.3192403592811542,0.10221645085467501
0.3416074537631537,0.10518233828287646
0.30017285364607904,0.09761845295238082
0.2861969880824712,0.09736841968455351
0.3761595081046811,0.10545273478057282
0.34794846143067404,0.10953840999526575
0.35548390363187576,0.1040904702505201
0.2757823327886358,0.09325722872778176
0.2360232004340298,0.09130183315125352
0.3061281033182241,0.10143008030020331
0.29752438198371084,0.1026015217999418
0.29621435684193614,0.10054304754864783
0.328516829162912,0.1042674766023419
0.31868174407542754,0.10177360851167201
0.29371916744544996,0.0983056002332341
0.2911577662813168,0.09984989215912582
0.30962707159310576,0.10138128484299877
0.3285938214019146,0.1046991351456654
0.3683955954551347,0.10582162806676385
0.3282075233416841,0.10654901512771948
0.32999311593814257,0.10679918295345518
0.30133753560201876,0.09707584658961399
0.30221746458119464,0.10201957541497246
0.33309373214004323,0.09992693841618105
0.3138113291379904,0.10172275823855718
0.33524134284732854,0.1048445224985338
0.3457708610463032,0.10381007357084764
0.34236547532255834,0.10291478382333942
0.2928451935994772,0.09619094549286053
0.3009383294400857,0.10015256744453273
0.31406698005380523,0.09777868368333754
0.2804447775048581,0.0989880208864665
0.2705001227492593,0.09235159989417048
0.27020592833828627,0.09721158729834875
0.2726664212040085,0.09567279301078427
0.2544876788765212,0.09007489941043288
0.32296126905605754,0.10098226796819129
0.2923559151271268,0.09936938242510349
0.311959423485351,0.10273730124967356
0.31819989817458283,0.09866274510542523
0.3383652547717005,0.10650659526859824
0.3608429573349462,0.1055045658111035
0.34879663987502824,0.10743307424217503
0.4280742657245743,0.1194471340927006
0.4131838643480543,0.11404105824691481
0.3957223553793235,0.11150210334607251
0.39257279612434554,0.11157688667963929
0.3909326886923386,0.11461627088929055
0.3872566601761748,0.11508184064145908
0.41512739441637997,0.11465153654836212
0.3359391245266247,0.10361073956487886
0.3737666905703846,0.10968869037948681
0.34253601881082607,0.10708340195340842
0.31473631713904243,0.10098185542731071
0.29147394399722437,0.10020913637027819
0.26114076644145723,0.0907291743791385
0.23639329087827438,0.09429153926899174
0.22523269346538244,0.08554231202893028
0.2149847532696364,0.08673778739365305
0.2030461075175701,0.08342028210380287
0.2075164037310811,0.08642052296144782
0.45707840443910214,0.12228339475420781
0.3101045446983159,0.09953538434259641
0.2672585331619492,0.09508109939945783
0.34317287137184893,0.10441887832062233
0.32025632433886875,0.10053018771789396
0.24414246197961592,0.09240493920971939
0.2812908791300921,0.09624049225710918
0.2610913547631597,0.09751808564370022
0.24578345322022793,0.08860698671950787
0.2488718020641119,0.0893234664777988
0.2881807673135328,0.09802374704486484
0.27881858145571775,0.09526356207454649
0.2640071601472825,0.09190031950237894
0.2622835658983572,0.09123632851107666
0.2498734325091556,0.09229760924659484
0.29514758767175037,0.09836012470188979
0.28083261697278095,0.09962018763741644
0.28027211166442895,0.09937428508416755
0.289256406356133,0.09815290873506981
0.28408126567067105,0.0978804053385702
0.307182433842141,0.10041968694758388
0.31855723465103836,0.09753462655019456
0.2867615092943879,0.09940570567760805
0.27725886950892764,0.09710640201980357
0.31042508260888435,0.09903188925874691
0.33840083540701127,0.10517385631216628
0.3035498383857517,0.10074252701816816
0.3512740770813172,0.10738800415585276
0.32549550449795994,0.10240054336448043
0.3330573774195292,0.10443389216932476
0.2346218505598841,0.09016299034740376
0.22701575381843558,0.08728974628980679
0.334163457677063,0.10226944299692767
0.37890305242451794,0.10975655502043823
0.3724131771054892,0.10881849294336399
0.3757757200608568,0.10858156503302856
0.4123839305081367,0.12112443223216508
0.32882341316990404,0.10190454212976187
0.32556606118573544,0.10335835175637614
0.3492104513250043,0.10480052483030118
0.32212270243010777,0.1027276214152951
0.3109407522939712,0.10277068925583653
0.3544998236975457,0.10444580553568526
0.28407653052310006,0.09837627349729312
0.28053644790062116,0.0990593604254944
0.28744482820176886,0.0955169438159293
0.25307563119862775,0.09261166461336576
0.308642959962964,0.10141751104047197
0.3028865993985047,0.1006692125325269
0.30039070323089,0.10039803062688371
0.3417757112722607,0.10592706027320346
0.3094043541723274,0.098835933019438
0.2745773533574922,0.09342612036407387
0.30067757810683116,0.09777466707490076
0.31209624292508836,0.10023690418176709
0.312725723344683,0.10185688001489031
0.3069498162407026,0.1023963393157515
0.31290371805629247,0.10252708029111438
0.39028594431070235,0.11441517242213374
0.3883190763112754,0.10908331461165627
0.39183068339101246,0.11119393468466732
0.39611278741532363,0.11332759288377327
0.3979923756728124,0.11100123548032251
0.39843376212584214,0.11600928498867902
0.41349060525967124,0.11423668588214286
0.46268165821827684,0.12197035045817871
0.3628984385489914,0.10842381896812593
0.33301263826818656,0.10384083112056973
0.3110005818985455,0.10071979548354001
0.30572524295067016,0.10127126916928296
0.37189093564763714,0.11127050985547937
0.37108584983963433,0.11075196449840334
0.3788912172722515,0.111713349250011
0.3432527165110069,0.10754376406969175
0.2762414963763723,0.09362767465983607
0.32283123047311046,0.10128045243134916
0.3176777020761587,0.1008599790488267
0.3176777020761587,0.1008599790488267
0.3342911446322979,0.10398989285293662
0.3007232148840648,0.09808920142958749
0.2770951550250518,0.09604985026836566
0.3328135750823086,0.10290683628008435
0.42399956028921737,0.11587026526404555
0.4141493473518437,0.11700995739015542
0.4569426816680459,0.12084177862380634
0.3756561794116759,0.11020170422252075
0.4129074946380742,0.11493099474757651
0.39894758991978757,0.11524784387181115
0.4285569042954914,0.11541721573153498
0.40407116776042934,0.11565285479828019
0.4177719267327209,0.11495289326171747
0.36882616454962325,0.10887830318320967
0.41654045991716215,0.11555507570687423
0.33186391474443355,0.10340080567996883
0.3127342858389719,0.10266497989601947
0.28483509092043763,0.09898827879679589
0.28822147020603167,0.09835052635320159
0.26738144814853765,0.0953320944570347
0.27586357862265176,0.09508177274506233
0.2954745799265527,0.09845181095149605
0.2984147913679233,0.10208315615450786
0.2920166728530893,0.10037220278181191
0.3204819385724579,0.1010827981395358
0.3157941894154165,0.10185736202276105
0.2941989611003125,0.09833984306214368
0.3301749575750461,0.10389070803024891
0.3073932326137591,0.10234253117081228
0.32682371951861217,0.10151717734370307
0.3247012566834713,0.10044984236108054
0.293405164054784,0.10002951139778024
0.2944208853408271,0.09902757458139201
0.22537313163369752,0.08991996360375151
0.26777499802482546,0.09238832933969118
0.27218321164998294,0.09287212203251305
0.2795149004660133,0.09513159746174311
0.2692141967888342,0.0945492817168809
0.2749958643318279,0.09380727320370362
0.3111709191879094,0.10091989777441923
0.305428983627982,0.10155135469595683
0.26116408728685747,0.09523503926663812
0.33203493030482495,0.1053213278506638
0.31999366257115125,0.10127382744854632
0.2735345130518942,0.0961949225859171
0.2736930896124401,0.09360504350576293
0.2819489040276214,0.09917691690286715
0.2900459262036192,0.09784152653890976
0.268667704514152,0.09609455631872393
0.3247523347301944,0.10334378464707386
0.3779132580079868,0.1089543676114075
0.36694484379387504,0.11066032452000299
0.37168137168023846,0.10842236357970342
0.3539124661434948,0.11030416671262727
0.36785877388265836,0.11042747843709605
0.3560544933352431,0.106434732831408
0.3519370320037708,0.10469780042087276
0.3507720151330563,0.10434527636336467
0.321738318037098,0.10327582996197884
0.3447739405472407,0.10716598706748127
0.3447891282514138,0.10775421888256326
0.3472977675469244,0.10469147093384695
0.34471488129798233,0.10222501571468018
0.33440946119018855,0.10538052086310805
0.33944102627772904,0.10622564616746256
0.3803980196159205,0.1109033371945027
0.3847495471848967,0.11244095177220113
0.3807020194676471,0.10685629155185257
0.3055802008549496,0.0960962169184846
0.28112107540108433,0.10258865259476396
0.23437605900167002,0.09036098499916169
0.2754097721541139,0.09545570517386572
0.27171946558473986,0.0942474447196776
0.2685397605673493,0.09253961292976765
0.2868985677144623,0.09891203373468171
0.25158284572309303,0.09336179370148588
0.25402034057482775,0.09409543822417833
0.31976396495150644,0.10233201849190725
0.2958629134880975,0.09938060557636161
0.34207017092886705,0.10623630233473318
0.3404639355769025,0.10690441575981421
0.3838253188552894,0.11046009014034973
0.3989305001074147,0.11091784047896484
0.3131781815322585,0.1038669456402562
0.31179881697177503,0.10528458833826106
0.3093479069014287,0.0984551603637299
0.308054134814059,0.09794053249849766
0.27706503363505386,0.09508004802665812
0.3359640173165639,0.1037394745597985
0.37150823737146077,0.11176424521311609
0.41424907534224975,0.11345736497411822
0.29557278396148884,0.09617566947867404
0.2920423463819712,0.09829673272648054
0.2996479093696673,0.09765033170834242
0.30675087306292226,0.09803511543073773
0.2743655285700516,0.09631234720440182
0.3026666795573822,0.09989941118425308
0.273010436165363,0.09633448027081672
0.30772578468884554,0.10201207048057702
0.29250636980800215,0.09982787876729712
0.2982142075473325,0.09763897423069988
0.3243232108752432,0.10238311413198706
0.2804373098876407,0.09600524020361731
0.3131383762442502,0.09884600476608069
0.2656137258834049,0.09441784676684986
0.2656137258834049,0.09441784676684986
0.2634094227573067,0.0929127507894031
0.266547870350038,0.09314243690233845
0.2683245936163805,0.09737138183756715
0.3230090786570187,0.09927500887416596
0.399389852981259,0.10931014832540992
0.40358585030983535,0.11171251617854762
0.3951250239825439,0.1129529837181604
0.3624135787040008,0.10771726455338244
0.35742800843079314,0.1067273537843882
0.3315711323222867,0.10692973362441612
0.3020635122005945,0.09939636578705757
0.27968371551144927,0.10197933476808621
0.28767619770048825,0.09962352033917127
0.3269271366637848,0.10206056170489766
0.2935023081858621,0.09999270085669912
0.309450644779823,0.09874442021544573
0.306198672381214,0.10077574203325569
0.2971792473950287,0.10177956285844797
0.21646222782603292,0.08877920404802105
0.2498497558235173,0.09096164189923645
0.21321532681669358,0.08714861126951916
0.21532598711840306,0.08691498244441719
0.236086596165433,0.08994730332302264
0.24816112505131965,0.08854987260292706
0.23587076339756347,0.08901566033923401
0.23096186069021105,0.09181525725318346
0.23282523842524416,0.09195623288298196
0.19592378845604616,0.08661350873308123
0.2897973439218727,0.09609029287571733
0.3082417587767531,0.09713917163052486
0.2928586982133665,0.10199223643706834
0.2881728908428837,0.09314976310781041
0.33288538354748587,0.1058659018462364
0.30520491465298194,0.10180347033027454
0.3011457195999682,0.10319087034609259
0.30898897883870907,0.10183991158394652
0.2833576258044922,0.09882164236489276
0.28644113890057044,0.09672560268799407
0.2780151385140125,0.09577658595147592
0.3029170513351712,0.09830099135134607
0.31138076935888925,0.10114267422091575
0.29043582119225186,0.10318539958704624
0.3112420175695757,0.09687410259266518
0.32720438468347013,0.1026746747788705
0.30583117550587613,0.09915515617003155
0.34127268711059755,0.10627405246500453
0.3634452127757733,0.10898298635164594
0.2557133671403153,0.09320933661755376
0.26335879356787273,0.09392646871512322
0.26492932054786433,0.09335549428535367
0.3244319034697154,0.09827555289112622
0.3083394079979639,0.10330473650223371
0.29277925869115434,0.09520294514033127
0.2854175201281196,0.09296636983321024
0.2854175201281196,0.09296636983321024
0.33122347101971855,0.10164551902648221
0.2569532819841598,0.09086594130529864
0.26299644946406203,0.09319492908979198
0.30066362397747254,0.09780094113747621
0.3822318232100037,0.11013250930503696
0.3309371747848206,0.10291083050731022
0.3362437764469817,0.10312558878557414
0.30027897787123353,0.0991057547791611
0.2884722806151721,0.09692577795763697
0.2806610275944859,0.09879570987726018
0.2806610275944859,0.09879570987726018
0.29081735577199996,0.0977728408970092
0.2858732089019648,0.09712386516765358
0.3006896098411558,0.09523857250899473
0.35332787863785886,0.10430708021359698
0.3457404605240812,0.10469840833056603
0.3359964004620531,0.10536415359310232
0.33599828030450896,0.10374884052131035
0.3189893074515531,0.10272335065729793
0.31604587040700305,0.10043162929821732
0.29255861839175734,0.10279652260289791
0.3010937652225948,0.10262250451637923
0.34860869007010975,0.100427842486993
0.3342332855280046,0.10622711589801137
0.34261683485777283,0.10418388919349708
0.32329721972702846,0.1025790250914314
0.2789420760603838,0.09599195733716887
0.2872275021757202,0.09483016169111662
0.29160558588040497,0.09518427187764053
0.32234198425979554,0.0992419571587417
0.3124368441188255,0.10445103815936438
0.3155711170363513,0.10344026062224175
0.24848391029979283,0.09356238008042199
0.2750894804295183,0.09398341425020171
0.3121587403534075,0.10046544559552863
0.3235858809844048,0.10018876878678362
0.29309082157229804,0.0997686835323486
0.30190417703816064,0.10291006700223615
0.3332302398923679,0.10214700047617366
0.35751973530935016,0.11074867864168661
0.4002651060520516,0.11227665818032412
0.395500248183483,0.11429362679809663
0.4080079012446224,0.11737786478376035
0.4001955653384841,0.11804620942619848
0.38046816133757616,0.11763776979143524
0.38437182105602297,0.11813042246138919
0.4283170691281975,0.11555645250400703
0.3912181874278729,0.11483232814139681
0.3484244771314589,0.1054068739473869
0.35309569928549667,0.10488272071237345
0.3236347405680595,0.10334854888355523
0.24953169092202643,0.09068710975361759
0.31711625078816774,0.1017442984333049
0.3349806440395938,0.10087506236490851
0.33012171896032505,0.1015637403768785
0.29388941819543646,0.09727710606509299
0.30017969682116363,0.10129569183479574
0.3704529716008513,0.11232022151169625
0.3898176378709909,0.10911476358363142
0.3821926548393691,0.11085032740412736
0.3348903394038611,0.10592812775341495
0.2832630548516766,0.10096832086080593
0.2940151289710234,0.09958956054105454
0.29257261089993924,0.09709830921851578
0.2610394246787347,0.09184178265634692
0.24439343552626838,0.09054570459142128
0.24739330354381991,0.09016441675132267
0.24769897126190743,0.08994575302391927
0.25111005674929854,0.09253373894485795
0.28164662094779586,0.09693055087441321
0.33252429251479226,0.09994641209072778
0.32657988704222135,0.10099656687473162
0.2989624652424541,0.09532825364631965
0.3036927251717158,0.09470799806293569
0.2939847213565808,0.09703956786242411
0.2783214673976276,0.09782157905700621
0.29601552380693485,0.09581751099774168
0.32018883685413757,0.10206413931009721
0.3505402206637952,0.10654309374464906
0.3094560319245009,0.10232818117178165
0.3289430302801704,0.1011359060091379
0.24774156045327544,0.09038156287177308
0.24947565208504738,0.09113881950999597
0.2450364147280943,0.09089001482028986
0.23680658997542794,0.0911882618638892
0.2454307711376791,0.09051852719850687
0.2764171816321458,0.09596912840077587
0.3094123503781101,0.09938060847343387
0.26627224675264705,0.09660408875170133
0.23269383677062844,0.08863647527565645
0.30407854021517916,0.09837079186068699
0.2730914988981775,0.09499337705704716
0.2690414531025825,0.09431646193757272
0.2635001798179415,0.09466929008415133
0.2694377738330937,0.09669023324145025
0.26487611692710344,0.10042425687767405
0.2846630969622055,0.09876262346749047
0.2856309284249877,0.09786989622965342
0.286268214131672,0.0963459687231285
0.30478812468034466,0.09943358670741778
0.33453173167748085,0.10046487414792155
0.33316464950048946,0.1004425422036354
0.38104335791348043,0.10869233411747878
0.3231579986469068,0.1057190189907542
0.2547166268747156,0.09057368471504791
0.25426410082900747,0.09208251542022423
0.24714338023019666,0.08967794394441173
0.24957290854301067,0.0880270301402129
0.24682601713676627,0.09054235526380384
0.2793538580871341,0.09742413996685347
0.27711633296303895,0.09743714236947637
0.31403468036062243,0.09992961648512502
0.3251922912874021,0.10288322611067251
0.3716867505046023,0.10989877823005827
0.3389683105726123,0.10731118374047752
0.35364010239017973,0.10665699804762385
0.3386409453991993,0.10717016639980229
0.3243950394083022,0.10811002534721505
0.3325250010843228,0.10650532846074999
0.3641195610724999,0.10494571480206845
0.32651196197841886,0.10713905433775832
0.348917199496023,0.10551323856820288
0.30934086939943367,0.09646106308762414
0.30934086939943367,0.09646106308762414
0.30362842613070196,0.10022916701060322
0.30200703433783166,0.09849497833496805
0.26044322472320564,0.09389263816657988
0.26351522196173943,0.09475603819850277
0.2653555068589635,0.09446523722535503
0.2505704717698503,0.09339886365185311
0.2646800601713229,0.09320119914688019
0.2627131056793673,0.09463353476284901
0.30855184259860624,0.09930326965585867
0.30487022974441347,0.101254278771298
0.30487022974441347,0.101254278771298
0.30108722155495693,0.10167313608476786
0.2894178488224257,0.09894013666431861
0.41252557177676724,0.11573247951558586
0.41209814163306047,0.11335226512232517
0.3422294759449843,0.10510475701060781
0.29875566307896373,0.10138038840691835
0.265813050994983,0.09429518619951135
0.2672822516619777,0.09175149106974274
0.27125124228365166,0.09643981468972757
0.276422468171768,0.09274301288567648
0.2872490354519415,0.09887695796315704
0.3651547716356677,0.11042426782405176
0.37523768906728544,0.10976784838853781
0.3911578517141229,0.1064510143896821
0.38027794310419777,0.10846380736733596
0.3980852295459002,0.11097930136858503
0.3061739458874192,0.10313144387992444
0.29877552370958266,0.10062925961617102
0.2937585298585994,0.10382323321248083
0.29801057823217697,0.10205163373061785
0.26973138049463896,0.09450001643717279
0.29924259866963404,0.09928504946915208
0.28927760635479594,0.10110434099614135
0.29161978424174195,0.09400335576474848
0.2905063824443099,0.09778109770173106
0.26415612292265067,0.09212653779947617
0.30317912090503546,0.09933423433613124
0.2890661438778519,0.09812545370123743
0.278141472348289,0.0951487052281732
0.28351647591153223,0.09694591347167508
0.2945695620207895,0.0971203705411645
0.2668250589418529,0.09404435161377993
0.2700228829621696,0.09379481700507435
0.2700228829621696,0.09379481700507435
0.27401019257245196,0.09792984684793099
0.2922088483983846,0.09414802993635911
0.32742575046919326,0.10006931286270165
0.2803261132328838,0.09789417934220555
0.29943998426297075,0.0982181644045342
0.3059228966904525,0.0994683020538048
0.2894806084124889,0.0998543528427897
0.3183930854110074,0.10421380247592112
0.31344991842001035,0.10620353905136293
0.2646194009926144,0.09620783339419235
0.26232021150479323,0.09791312092563645
0.2621199879714987,0.09795452756282458
0.274807095016219,0.09864218401214767
0.33583088647374576,0.1049030580827273
0.2438995084714674,0.0899563711192742
0.2438995084714674,0.0899563711192742
0.30417162257545843,0.09960242026545306
0.36510200722936514,0.10653215650519648
0.2889610903337918,0.09595374284498573
0.2889265336477968,0.09562228621190631
0.2900305350840222,0.09573260652563557
0.3454949838126318,0.10663532394945094
0.3002871195539673,0.10138083920314353
0.31373176313655465,0.10257405934528933
0.29255087449263084,0.0961255304205055
0.29104330397268047,0.09705227650270956
0.30163569522063804,0.10052608169427779
0.3247073437485031,0.1035959215170568
0.26045067483773,0.09385553169940401
0.2761567823027702,0.095812759797582
0.2707814918655357,0.09443634316440246
0.2599059148363644,0.09380553376413153
0.2302130707870138,0.09118429064458634
0.22653547010752173,0.0912329924204713
0.26808536871538335,0.09456123793841979
0.2619705406176257,0.0945400942871173
0.23971018107095446,0.09338597185760175
0.2355080960010791,0.09325702311257741
0.2355080960010791,0.09325702311257741
0.3462692189423504,0.10169229527287675
0.3162013509971315,0.103134682042206
0.31106947713973077,0.1013929750373645
0.3128585633696343,0.10164137218293942
0.3205197176092386,0.10203680593544047
0.34210630838670836,0.10459350285898072
0.34210630838670836,0.10459350285898072
0.3129888943735609,0.10258656836945046
0.3015995585688756,0.10099351895709173
0.3053061006427956,0.09676290492558652
0.30383293086187235,0.0979810927838419
0.30383293086187235,0.0979810927838419
0.3141289332741839,0.0971684333550013
0.37250694251452826,0.11281526504914892
0.2865434526203142,0.09564360005379727
0.3161110176342501,0.09913224808361683
0.29162373729266156,0.10062964072233525
0.3056835136847832,0.10002591243844416
0.2674273879856899,0.09400062010410556
0.22680277971730484,0.08807376930041276
0.29279680646786543,0.09933566310408795
0.2871121760059544,0.09496955631519671
0.2774326703248914,0.09633845665276188
0.3027525169983252,0.10331077137199719
0.33751139654292195,0.10188679966363252
0.33759913927095697,0.1027721773838915
0.3383364104400951,0.10487402551286348
0.34420769821508057,0.10769608203915063
0.25407235742307016,0.09462790351668536
0.31507709732869854,0.1006183991741625
0.348864606440232,0.10463250949221806
0.35654081527872894,0.10835406838540891
0.3043126121280072,0.09717911265492256
0.28233041431274364,0.09862664081012709
0.2730252876116251,0.09350675192929091
0.26954680824118926,0.096437198207167
0.2752646558699189,0.09628229379074672
0.2568914649934163,0.09482362721548147
0.25856421119135364,0.09464566341417738
0.3228325870649236,0.10488027451991802
0.37951794630240815,0.10837336533638803
0.37953817812637125,0.11500357532020221
0.41292590454826594,0.11627373583823644
0.3851861784788221,0.11370265740855193
0.3120026220676406,0.09873243851380566
0.31356365666998776,0.10253567064340857
0.318005822479338,0.10168812838956097
0.319543830852791,0.10400509311757831
0.3192901040982296,0.10420265887164021
0.32320665111801067,0.10346383707369547
0.2761361347027633,0.09583241795037128
0.3198907731699018,0.10339412675830859
0.33717434118443285,0.10171522072861876
0.2447619707807399,0.09025932886372005
0.2562063567086604,0.0902435282441023
0.2562063567086604,0.0902435282441023
0.26449101415344894,0.09371368107140599
0.28898892705710244,0.09749035292192025
0.2835103362101715,0.09785789261554365
0.27437982699042773,0.09617845511755929
0.2997400104131027,0.10078787306390886
0.3089375745625041,0.10090294290096223
0.3089375745625041,0.10090294290096223
0.27384218518892756,0.09536825707182847
0.3352082496125588,0.1003790382034774
0.32039559015695646,0.10091610283498594
0.24792899797363163,0.090546987264782
0.23689589753092133,0.08970973789920576
0.28368448944765967,0.0948799649344101
0.30001101744449826,0.10044143629269044
0.38234481958990596,0.10884580769568322
0.29759678270360035,0.10111541809211491
0.3023888775273066,0.10000968625696727
0.29303816165959834,0.09826757105851099
0.31622150998046833,0.10019271658642069
0.2917682719846457,0.09773335726153079
0.3176702972295561,0.10211304319690262
0.28128487121943674,0.09662178746083967
0.2583513851351332,0.09434870696064675
0.26546542309716004,0.0920081476656093
0.25381930296788213,0.09374945307063098
0.25670767969516517,0.0919882390903813
0.2620878733355718,0.0919358088137282
0.257352749434849,0.09417889052967515
0.26462994048544863,0.09572968466197507
0.25861405009594945,0.0967951010675981
0.3013857343742379,0.0990000088272394
0.32882823868627653,0.10339616961588227
0.33964278736575804,0.1050072359815108
0.3588500993346038,0.10681818752020265
0.3053165388963902,0.10239316258582686
0.31484613310787796,0.10181973131937132
0.2545989903995338,0.0944731378759776
0.26148641820138474,0.09497764100612882
0.3100253777691434,0.09874044366097942
0.2768439352097157,0.09571300411562379
0.28060845421243275,0.09714600176371416
0.2870879401945633,0.09628129848276698
0.31933640988548795,0.100264951047844
0.2875517801781822,0.09759776574476081
0.30677591738203613,0.10243050585892055
0.3097090524452678,0.1020419566241342
0.22851121043147854,0.08937790732724084
0.22851121043147854,0.08937790732724084
0.2504946350331356,0.09534882798590955
0.3035826755943033,0.10314139922859694
0.31067917466739936,0.10107414005442544
0.33812429631655394,0.10413465238362779
0.3927627623166204,0.11575704514980827
0.37732029889839885,0.10782701600948698
0.27002106869278963,0.09269302062779308
0.2845144290346868,0.09996091783239658
0.29350699642579403,0.0975884516183688
0.30611217747160746,0.10438749215273775
0.2875237311089382,0.09930649745960367
0.2913871379804985,0.09750542700725122
0.29150822007119287,0.09755379011239086
0.3029707479165291,0.09584045102840016
0.27638574332641336,0.09705909753489783
0.3064615637768431,0.09885867236788327
0.29872649899967385,0.0982530436934953
0.2970000096002481,0.09882684286438796
0.3186837584813624,0.10157024193385557
0.3217246444532235,0.1016155679894577
0.24906040705008098,0.08988274927835348
0.24797913168589536,0.09282036659297138
0.28457187026650027,0.09774708018487635
0.2857823978582871,0.09561962903381623
0.2803712865095559,0.09361194134846867
0.307149870120608,0.10563450154340547
0.3274188822776717,0.10418080597734168
0.29597234641353204,0.10047830309784346
0.30163994043757764,0.09904842863570608
0.2955392274363702,0.09578935598111905
0.2651997828006855,0.095831310780755
0.2648696455737813,0.09540623949636193
0.2690001077938123,0.09265043870740715
0.3041968466543017,0.10002887411331611
0.3229486294464132,0.10192787379009935
0.33393439872125413,0.10436727561649825
0.2907477821477942,0.10153762941655022
0.2767584824923254,0.09682178079732998
0.40067305863546593,0.11339377529544996
0.33187975338310227,0.10300086766527336
0.3199831218740575,0.10326091332691582
0.2829349907680035,0.0980502115015736
0.2932523134079818,0.09839821939046398
0.2853634271019984,0.09665729584866355
0.29106953149768316,0.09644910823575188
0.2813943451280829,0.09632860934519116
0.3512395519911216,0.1067866939750967
0.3512395519911216,0.1067866939750967
0.35036873264725754,0.10758050791625133
0.3676277172760371,0.10711246862068323
0.31751966419938743,0.09992274430369012
0.2710009732808327,0.09949361314278025
0.2743827675885135,0.09687632464431528
0.29855026433099874,0.0984339537589834
0.25132997792817496,0.08868972908347408
0.3079104009771071,0.09784523573838327
0.3043139383700055,0.09862337085755346
0.3076455167175725,0.10318586367194833
0.3060671399504011,0.10253891376728506
0.30913768660990854,0.10179748825942493
0.32575264011616706,0.10075874135930409
0.3210932952960281,0.1025104845725172
0.2898981973872241,0.09676457517962987
0.28758306233560704,0.09699503944117088
0.26710166600224017,0.09635370742975954
0.27562870608017115,0.09862679976598528
0.27728574678327433,0.09867316927010433
0.3690740277246053,0.11421627062526105
0.40768840567831877,0.10961089944762904
0.33305746398897984,0.09930069830988321
0.38572354454073576,0.10956334206235549
0.39160855346229034,0.1132479267233311
0.4146772677367666,0.11295895332564686
0.4355178433680996,0.12063462246405486
0.4287618979742582,0.11721615369775924
0.48301073780957066,0.12416358231104864
0.4687961857638824,0.12627705198210826
0.4616244463873119,0.12782184583617337
0.46646247869414464,0.1265360791008615
0.3480556278825569,0.10754301645413852
0.379915051255959,0.11014618790845976
0.3659952000607969,0.11008912352371504
0.3659952000607969,0.11008912352371504
0.3577021085149398,0.1085566397969719
0.3049367661571999,0.09948618665735717
0.2929039313120254,0.09862656843934774
0.3071977375135016,0.10194954068281849
0.3423392608567719,0.10680852948862549
0.3713387490027028,0.1080040718311049
0.2821928821342375,0.09648606385010454
0.28216889373434106,0.09861312080823677
0.28216889373434106,0.09861312080823677
0.3207407396561282,0.09973896937408624
0.29349302373844555,0.09847527132753386
0.3565707573396387,0.10718701153510565
0.3718778362348783,0.10770205780819254
0.40961656813888464,0.11682037840618646
0.4211822932028505,0.1161303688338157
0.3970565809451237,0.11388360837334838
0.4224688100378189,0.11513638748947506
0.39672611428594434,0.11846272074410104
0.46456115546625515,0.11922822860004421
0.45978244270668756,0.11994361360058296
0.43607404332792654,0.11625210239846255
0.4394595118191831,0.11636117687515285
0.3949888268945981,0.1150825556592104
0.3901231699356185,0.1145962566164271
0.4237319673215846,0.11561704868881564
0.40844518409418396,0.11783487564068253
0.4256529345247459,0.11539612901856745
0.4027665455169776,0.11217934218290208
0.3455436409400203,0.11026934485367146
0.3516356349104878,0.1083634560402476
0.30646255043487125,0.10025061547687177
0.31001027375680645,0.10148721851802936
0.310542653524883,0.09818374734139854
0.30631064716584244,0.10406966225943454
0.29277825956645753,0.10229261068693941
0.3427833352755667,0.10303475044863798
0.3352941257804911,0.10732310978296551
0.326410849299347,0.10246722382111038
0.33137400058101996,0.10346885614183407
0.3268259968472787,0.10074543003659618
0.35505076171767763,0.10799672746979457
0.2874590979481282,0.09720838001397253
0.3345572305175182,0.1050505781537932
0.33494929081017377,0.10390512839710776
0.330765637468506,0.101770970294409
0.3561831415154866,0.10768323844660385
0.3501709076677545,0.10609598256512145
0.4185733537740308,0.11304332527196073
0.42633293004298534,0.11317829562323227
0.4179226731898001,0.11151654815832734
0.37885623739911756,0.11387480014750068
0.37885623739911756,0.11387480014750068
0.32486601795563824,0.1055231324621145
0.29400923705784354,0.09973553139497585
0.319721875436499,0.09946604739995171
0.3179541180407038,0.10022308029401618
0.3179541180407038,0.10022308029401618
0.2600011938036982,0.0956574821511802
0.2467192262882585,0.08993698974816296
0.25758519520536827,0.08995409845476782
0.2571849927708905,0.09577011112024954
0.31331529329085417,0.1037145056431365
0.3577432639477446,0.1081300594490972
0.29435015490563454,0.0990295214015691
0.296028655144703,0.09725846554598058
0.296028655144703,0.09725846554598058
0.2967967449620239,0.09605608166487048
0.2974334938391851,0.09635347377612584
0.2977699056842557,0.10125813897600515
0.3397748557514523,0.10478747712483304
0.34462855932227254,0.10549200247421
0.3224199366077968,0.10369308480401553
0.3242987517813945,0.10433912276944045
0.27640095787002456,0.0993048109669304
0.2978976319151277,0.09975689800067694
0.29358268218589895,0.09426420442839263
0.3100532523041618,0.10034835710645654
0.29173228485630365,0.09983103281813983
0.32493561570672236,0.10061590898246395
0.3184645711992238,0.10636450784969938
0.33198361469062315,0.09936261122114096
0.3146450577807527,0.10142170004855265
0.31072870902742383,0.10000104634228418
0.296982691957419,0.10134863766400443
0.3010186916479074,0.09873871548659655
0.41153219084384174,0.11441052852879521
0.3884718850154551,0.11553746787931037
0.39066083133006724,0.11440368839786022
0.3858979908881018,0.10831999630966932
0.37914503471202765,0.11039011346053665
0.41549111075477496,0.11346094627003359
0.38828738244150207,0.11107459673580447
0.3953043042695231,0.11260846831446705
0.401985205695379,0.11084390687617507
0.3462569786499683,0.10890178777564974
0.29620704712161994,0.10175776250741346
0.2771263130872702,0.09723433297053691
0.3151048577149551,0.09955223678516711
0.33535768560603335,0.10508472508912296
0.33535768560603335,0.10508472508912296
0.3516092992296034,0.10487589576906772
0.23391708298195785,0.08858169604472776
0.22248940571617076,0.08886500256470198
0.259681666671952,0.09066644486232894
0.2570404859054875,0.09344749919286996
0.33004711060463854,0.10484991900678989
0.30842564690444507,0.10353302796785342
0.284316611220825,0.0952904366820685
0.3336333391637344,0.10742714102919952
0.33028064787445716,0.10521493890066023
0.32023849762113527,0.10218861567740342
0.2765247228691307,0.09718617536952073
0.26789202418762403,0.0969872468401224
0.27300189552549703,0.09728799508372206
0.2863703998851941,0.09575563290912803
0.34428717087989624,0.10392521954778114
0.34066419013712695,0.10540773550874115
0.3350756193733738,0.1051123318406602
0.27385427733709256,0.09609139118201603
0.3441617522168998,0.10672809932311728
0.33864424710979224,0.10478679200661724
0.3328233439666473,0.10414665984789105
0.3417431414880392,0.10365487964618142
0.3454939484713187,0.10333065621434513
0.4195088848742067,0.1133776663670655
0.28620719543953466,0.0986631470358741
0.25948634529353715,0.09271590114085793
0.2409669963983756,0.09008298312494352
0.22638189172712872,0.088113401730045
0.2188271981980048,0.08722309550715954
0.33220586844789096,0.1026229201409434
0.3702612861818777,0.10698445243986734
0.3893030586491848,0.11129649912906683
0.3960253289380022,0.11230415564023867
0.3927821338201296,0.1120474501676915
0.25548457646535283,0.0912499276454646
0.24907389187071285,0.08969972544088425
0.24840587591956959,0.08982872037666956
0.24640301232597484,0.08893273424683366
0.2167439781620088,0.08927843668855787
0.2167439781620088,0.08927843668855787
0.23714381386445796,0.08838968868746405
0.23605718777127974,0.08794257225564542
0.2507381370712376,0.09166646324271209
0.2587141382707577,0.09311929609843995
0.25660738330480803,0.09451457558172847
0.25640961078184055,0.09142385730097377
0.35798063125334534,0.10669290299355058
0.3535190624831268,0.10610556887294291
0.3131271777100492,0.10373255467749523
0.2592143736546748,0.09588180757056129
0.27333474295704624,0.09677562332200483
0.3554403397421227,0.10660430181873377
0.31709022750250954,0.10379158273831206
0.3326893183562349,0.10098294377247313
0.30572966227979376,0.10076441965158116
0.32043247480746295,0.10197513174355965
0.29726298443022403,0.09861478326543437
0.29726298443022403,0.09861478326543437
0.3382247578816415,0.10412719402603486
0.3562891774776428,0.10518634915170244
0.3326374889197432,0.10576379198994838
0.2706231163766581,0.0964807532123189
0.31567531482438965,0.10192376759007397
0.2996863707942744,0.0998544888070555
0.34588348508921063,0.10631830444249706
0.371764292896593,0.10849433661660728
0.37217770633624514,0.11286863062116867
0.36779844795400324,0.11226792044588574
0.4131414195418472,0.11269477797740594
0.3326619301856377,0.1013863810668375
0.32899748872524887,0.10572385188768042
0.3374949162432436,0.1034119981945811
0.2712547333373803,0.0906231932847237
0.34794113084024936,0.10838738085179375
0.3481199183621493,0.10855313670196708
0.34618473138290773,0.10869466835486806
0.34466153340746314,0.1081934330948663
0.34466153340746314,0.1081934330948663
0.37332533310899574,0.10969663388639549
0.3746498943187545,0.10879566210604971
0.3889654361831705,0.10835397157944279
0.35800508459084357,0.10748170517254398
0.29106049453104554,0.09644286619278722
0.2657664258137089,0.09559941736042402
0.2726575952703673,0.09500810558440156
0.32002725522523146,0.10303088867230371
0.28696987035540555,0.09783672217821934
0.30815401628704264,0.09863766765506247
0.3051707575944472,0.0992437001539174
0.30212478702053364,0.09830194492520795
0.278632902375691,0.09932017477189321
0.29403493739444925,0.09555353919322812
0.2667205841191295,0.09655435632968716
0.2660850821752758,0.09377873523281118
0.2513163092228222,0.09215366344051165
0.2454877346602542,0.09093146720335779
0.24992947823722406,0.09166636560801321
0.2562421911721001,0.09324054271563165
0.28733748930121256,0.0947153216804139
0.27826822210436636,0.09461616366862889
0.3295771933388217,0.1046342964698739
0.4068483321525946,0.11476191920703198
0.4594208564633131,0.12157787454679461
0.4548128473861731,0.12055139426637916
0.4795905686658707,0.12708954383383023
0.2861775271352127,0.10421965646466387
0.29905032898257533,0.10211062176743808
0.317407431895986,0.1032254364611439
0.3832505797678603,0.10768836918189571
0.33015411391316307,0.10721512153175619
0.33427390655216715,0.10494168615625929
0.3142205202037871,0.10031620290642566
0.28921147538903913,0.10013865085507045
0.3006433418566625,0.09944386358585715
0.3131914507973969,0.1009300901785024
0.37614940353265913,0.11163917675178274
0.34112848902974213,0.10509206076836158
0.2697900033225705,0.09361759404966298
0.29054013877838786,0.0993213573508679
0.29054013877838786,0.0993213573508679
0.402177279555866,0.11315576863837401
0.4137770292019976,0.11722795767060144
0.40520301942749465,0.11786117916903367
0.2771161288796559,0.09658085347963348
0.32805323632988787,0.10252855166128405
0.34719569840625397,0.10847449414097482
0.36535850464996295,0.10943922086845137
0.36398680320535615,0.11137596859259051
0.42140156368721304,0.11383443524822617
0.382610335096487,0.11081328517390537
0.24553015535224007,0.09137604623930062
0.20698674289095628,0.08781330018363669
0.21350368627344912,0.08484714392961722
0.2146797301227879,0.08493359065556465
0.20757111495397135,0.0864890524262576
0.20469902584424896,0.08707545594970212
0.21025566586086966,0.0863530290249894
0.21174197563233188,0.08579747097488458
0.2057806712866494,0.08538439179572979
0.2167979498137601,0.08787212321560627
0.24190079663913733,0.08929795449667877
0.2312503409339145,0.08978624030520412
0.34820485304152327,0.10544339478844261
0.3575712942266497,0.10947925222924693
0.3647711914650556,0.10843211131032388
0.38078026075412175,0.11084596236637347
0.3766440694845945,0.11055082753940332
0.26851970299489736,0.09269968758309513
0.27832794414938444,0.09380733655650327
0.3482211033612562,0.1019797013596925
0.33410073085103537,0.09931866617653827
0.27913822370782015,0.09998424893156092
0.39838665535723483,0.10879331877878576
0.3818224200809448,0.10917125525544433
0.36450023472778414,0.10886653266729243
0.34752362236523715,0.1060096116564709
0.34469723312614375,0.10631336078000785
0.3349577084734675,0.10303854932960987
0.25293353230501037,0.09233750093446724
0.27663344880087,0.09638264803052347
0.2764367491589091,0.09560434778575505
0.285021021610129,0.09521024335465422
0.24401118583350312,0.09259697445295532
0.38746307919271217,0.10962060590564185
0.40688111406301486,0.11609159802517394
0.4154807002959764,0.11329294304285688
0.3121874718092618,0.10174797760743486
0.31824014924667654,0.10417133177263667
0.37060976036453125,0.11193449151347146
0.3785055569988628,0.11255042299860796
0.3355786783038865,0.10562654748268793
0.33310797079936255,0.10276494241684693
0.3367914030906465,0.1035666413021776
0.3231787699569273,0.10194319365897128
0.3089880588399983,0.10071893243143401
0.29164757473656217,0.09853813845294525
0.33154969178651444,0.10540906477316293
0.301013193760253,0.1001938539465849
0.34932907869810775,0.10373376207602075
0.3242269003142122,0.10026455636747648
0.40794130781225174,0.11573177266469901
0.3923685498240784,0.10926500839203275
0.37928208865725155,0.11098394896621203
0.336003866968281,0.10358688999482273
0.3398961482083183,0.10509928098072367
0.4125231516477303,0.1125015960923535
0.39537432965798724,0.11488461494125436
0.3749943394334396,0.1141625317795301
0.33358680568590104,0.10768403537308441
0.3286121883472802,0.10171514402575928
0.29134627534548185,0.0972295620968374
0.2940599282228523,0.09679052781406769
0.29111905931485094,0.09837625731765115
0.3579439951779356,0.10823982822502409
0.399154113875032,0.11186493948981409
0.3871500155108108,0.11088639778618688
0.3970624069696317,0.10901021550886572
0.3879459242049113,0.11098459751471547
0.33642967340498864,0.10559365237246993
0.33386003467538,0.10445912183194746
0.2329103739144024,0.09140997849234504
0.24601384487893732,0.08981860417731008
0.3318006529952289,0.10537189141707531
0.27812572702862276,0.09842915763691922
0.33431240857660105,0.10438146943906527
0.35178857763423216,0.10806383854231227
0.3208695487537369,0.10399868631238125
0.2512752963669142,0.09567982872694208
0.29728920578526347,0.10278754762881981
0.32824389844302226,0.09958090420533879
0.3246418863859591,0.101125872758927
0.29364321408662575,0.09755453431946226
0.29797467526857857,0.09843882847382636
0.25950334113244566,0.09308713087817794
0.3349067097668628,0.10326408089579363
0.3045718102921704,0.09868301942841305
0.31405155081292896,0.10212784480251637
0.3150578842212123,0.10178846392252705
0.3190635182478777,0.10302409721057618
0.3619912685937862,0.10597325590485078
0.3598994422992329,0.10805836096250701
0.36555242413822364,0.11146474891278757
0.3673181291020089,0.11327295289124806
0.3766293467494417,0.10727826919409691
0.374941340547864,0.11251598072586869
0.445617626220915,0.11798768505546416
0.45253873236433806,0.11780661006772522
0.4328012231771631,0.11896777420923596
0.38435810546146476,0.11163158423235606
0.3866186147579193,0.10955058798095992
0.34501670455855726,0.10471073737608952
0.29590089537080305,0.09698675190874806
0.27752033069392346,0.09706234534789321
0.2648475929342226,0.09587415656918574
0.26358978313551495,0.09613690708331935
0.31979188502725814,0.1031232702388852
0.31891305023236655,0.10196536966592927
0.3124975899176181,0.10206342523346942
0.34215052944518026,0.10224909907705886
0.31989216915796337,0.10017678639543946
0.2571542593147274,0.09191373845328783
0.2564834135108442,0.09096207822598193
0.2767363299950838,0.09533782766462418
0.2613593965050528,0.0941993939080039
0.2559216811657619,0.09424230559348183
0.2510000765233024,0.09433596869195918
0.2490693356795457,0.09194910352653567
0.23003731462722682,0.08891389645892415
0.2338993342999418,0.08955543427899391
0.24418896850905658,0.09150928559701314
0.2606713138934077,0.09119447005385642
0.29152226585026736,0.10004276364772745
0.32846671573185476,0.10044692491557385
0.32212413624903635,0.10207241714120296
0.27616325348255366,0.09519183658966014
0.31254694946025724,0.10170599195609319
0.2840219186292138,0.09607840676892947
0.2840219186292138,0.09607840676892947
0.2886158540782219,0.09657324726151492
0.2777844773782324,0.0965301257160919
0.30661744514510125,0.1004518745060256
0.2291596731601233,0.08916816545870529
0.30823201286855195,0.09994881989391821
0.33979611459468284,0.10356227885107375
0.3308874867428766,0.10285077895341993
0.3301940744379449,0.10109880724485713
0.34480968306402904,0.10590113551285099
0.3184188857952926,0.10272089507425038
0.33429177625147444,0.10518909757615244
0.2944231185072026,0.0993001189498845
0.22002620476839485,0.08750448013028198
0.23522547808648064,0.09127922283036774
0.23522547808648064,0.09127922283036774
0.24036424368191117,0.09081834581679508
0.263439417255093,0.09289433371470164
0.2865030144706222,0.09651093879615233
0.2874256914741239,0.0973871977044063
0.2822267896426729,0.09470485320002975
0.28567581743885223,0.09870512813979009
0.2861968992901474,0.09704494598651559
0.32906751009553104,0.10760878387649501
0.32906751009553104,0.10760878387649501
0.34324037134001073,0.10644155728922931
0.29480126682532226,0.09979532579875819
0.22376034816571294,0.08693338371834575
0.29378825726546026,0.09657558984025934
0.29798518185533956,0.09595423032645382
0.34651212174184487,0.10014360992655806
0.34651212174184487,0.10014360992655806
0.3286704579996842,0.10343868237250628
0.2917275800476135,0.09602388170789868
0.2917275800476135,0.09602388170789868
0.2962510694920121,0.09488706862422583
0.2962510694920121,0.09488706862422583
0.22805478125140347,0.09071085835323828
0.37250510023680694,0.113434762279568
0.36469613708529297,0.1123379244418955
0.36691653334375846,0.11167636162946974
0.3461090546937612,0.1045384703062715
0.2051041828157571,0.08376742190258028
0.26730867813408454,0.09573350671473702
0.2640571890478359,0.09574001572747882
0.33157899709803024,0.10511487266985184
0.3057122527478338,0.09921466603749504
0.28086541443727275,0.09708837999353145
0.30371553719482874,0.10006759378887035
0.33346554879868995,0.10467063401160522
0.30787396234314945,0.1020254310310272
0.369405646465976,0.10926041633333199
0.2965931061269454,0.09931290297299045
0.23640068437365538,0.08964484325087649
0.20317863481161508,0.08443087262751102
0.21929781578087842,0.08754648749720777
0.2194660094768433,0.08574859561853306
0.23818612778291345,0.08864238393800905
0.24731150226819265,0.09259836678582646
0.25453495473450244,0.0919231364392001
0.24876597019117574,0.09245167723998804
0.2606072768730332,0.09226289693908012
0.36150225125259683,0.10715209544280503
0.3177994520519154,0.10530877152230712
0.4027181881769674,0.11802936053787222
0.40263484732458527,0.11189967009182572
0.38116008641201415,0.10975165371242397
0.37090479328601383,0.11068977558374958
0.36772250990374156,0.11040004284064119
0.3660722888795825,0.10901319107056938
0.37484730353784423,0.10539461797236632
0.36625889355347396,0.1058925808251452
0.35377522125684996,0.10965348400706912
0.32650892480303184,0.10176088224415972
0.3099057168338246,0.09948660056397093
0.3522421186277893,0.1084390889479433
0.37252910678825135,0.10707595549956904
0.31319055772016874,0.10091567106927174
0.2958064606106922,0.09936460742367141
0.3135966320294186,0.09606051041197781
0.3500679540691009,0.10647858808911949
0.26371278239582807,0.09381699004447054
0.27000553173383923,0.09108171557455684
0.25848332713510513,0.09062319871532357
0.30873155864253043,0.1006349303999196
0.3778815631301685,0.11025849699636203
0.3778815631301685,0.11025849699636203
0.28138756888645416,0.09625632379784278
0.2929778048464835,0.0968768916127945
0.29392782336348666,0.0961839369835928
0.3083671866278066,0.0934745845011947
0.2912595590162229,0.09739546924508191
0.33534279942473066,0.10092009163238468
0.29877191768808575,0.1026600132331837
0.27465574483562527,0.09479618327695676
0.34629576709364623,0.10858377933811002
0.34629576709364623,0.10858377933811002
0.36027496077751076,0.1061247194427635
0.32975811499913665,0.10202117092834388
0.3109917463083442,0.09920383787290303
0.374278594144532,0.10864028744189581
0.3854189032244547,0.11124867667185599
0.3734164949938585,0.11198524345063741
0.37825386857728505,0.11043004087337568
0.3637198224193611,0.11088933909435972
0.3329807428655055,0.10295578244068715
0.3951184181706708,0.11172274952746875
0.38568492068652466,0.10799573638749853
0.3834759635240295,0.11073941408613913
0.3924865161911412,0.1124571028073072
0.3323393766261516,0.1041783478302973
0.2496088941864576,0.09086372511922591
0.2496088941864576,0.09086372511922591
0.25627622779139686,0.08957354720697021
0.25008828402302485,0.0899135918594888
0.24818437439510987,0.09050514218530398
0.25120404230410603,0.08946765125236224
0.2765137739926146,0.0954958607970978
0.3010259261487709,0.10058264109171264
0.3263987159807036,0.1066165920362529
0.33508295999259863,0.10829201071085916
0.3544397963512922,0.10698618423793808
0.344901799238281,0.10514369187153982
0.28055699306581516,0.09534141208180599
0.2955089750328055,0.09848667400256259
0.23903700095789754,0.08723030928654472
0.23917458029119731,0.08686616238258912
0.23467159563630205,0.08776862836925384
0.2337969227416546,0.0865349197944489
0.23990249721564633,0.08857813395585301
0.2904113126952161,0.09624568917643325
0.2233449726106621,0.08667384740647252
0.2862814242806766,0.09695037896930447
0.2615678769411618,0.09821131343081754
0.278458250082159,0.09325835971828463
0.2667416514798946,0.09725164038396258
0.29984888538088855,0.10217539313399694
0.3010948124095753,0.10161626116167385
0.26888590976431953,0.09353319022789368
0.26474812649341317,0.09449157498820893
0.2701294006264355,0.09107112572535005
0.2648263574483753,0.09582392595430679
0.26659882561826465,0.0949795292903663
0.2826808431544959,0.09646647366414983
0.2940869388891236,0.09826817660572697
0.28668106998830234,0.10155419268937856
0.251682249968062,0.0928295776663133
0.25135361642904097,0.09323263913755979
0.2364101559954403,0.09156419055033932
0.24466703651081317,0.08956597681499505
0.21687620093223153,0.08778110306424221
0.2135743000865768,0.08623175637134185
0.2024115713228415,0.08400284167613817
0.1985127210402352,0.0848385603041136
0.332099913546855,0.1028112187026515
0.33863700318781753,0.10451908237722929
0.3396622031934457,0.10317620938514438
0.33871199766694166,0.10368765737782167
0.2800639614463482,0.09745538369906202
0.3068577912376447,0.10082786508465758
0.31320527936915715,0.10009616081928571
0.42197901494266093,0.1152834436469962
0.3954687411123384,0.11317873806520974
0.3868117726138214,0.10910953459064213
0.38011033073827316,0.10967616627107069
0.21228874273577203,0.08605788682173991
0.2175257547700724,0.08820346687027342
0.22364149987748017,0.08866625512115046
0.22364149987748017,0.08866625512115046
0.2443130462436652,0.0915033860911664
0.23655820866294547,0.08959304906193143
0.23655820866294547,0.08959304906193143
0.23409394396021377,0.09074570274856662
0.2365053609745134,0.09240701355885968
0.24432550150450433,0.09302456413527879
0.24220320705952614,0.09093238257576824
0.2481493787986015,0.0929019072440639
0.2950806468985636,0.0977725211234017
0.2724578439264404,0.09495045760721563
0.24958522685735307,0.09108820750992185
0.25753812991533276,0.09307213209948734
0.2576843973871868,0.09266065023240301
0.3142329554874993,0.10050341329953945
0.2849696349990257,0.09586413966408952
0.2849696349990257,0.09586413966408952
0.3187737178553132,0.10129672885275787
0.3008803217747947,0.10172199347596105
0.3014637597343453,0.10205048268717105
0.3503432463112613,0.10469775247075233
0.34796953021561683,0.10305839408915328
0.3310692804634193,0.1045461145473482
0.3635741633350942,0.10333500934055503
0.35258339964300484,0.10362859312970392
0.24061609760340114,0.0927368173212389
0.25351783820740037,0.0916975021646795
0.2425740122391104,0.09052132784664262
0.2562044411391404,0.09318776034421769
0.3328223666526192,0.10263184235225882
0.28295916825844214,0.09790800862742667
0.28053097450578307,0.0991797032149359
0.27807191318466223,0.09858862666047181
0.3474315758837535,0.10470803442666246
0.38591422044824497,0.11066362097618039
0.33248213971130247,0.10592685178274791
0.31944594770391466,0.10530579128591469
0.2902562307585408,0.09793816752624
0.27501096487194554,0.09610545686286917
0.28720015301395285,0.09787882792428791
0.2820198122651245,0.09413564573999116
0.33088326375025723,0.1014318417067801
0.3376029239954006,0.10361404265553131
0.33337170125777105,0.10248171945620727
0.321730493772979,0.10693947669884146
0.30490485345365775,0.10058859070479013
0.30929016620111244,0.10107612992423272
0.2914598809639083,0.09837241051721621
0.25960140436747475,0.09533926480000118
0.2672059890054329,0.09478323140568615
0.32593068501059475,0.10319960059294256
0.2558905587679233,0.08770690833166471
0.2735868240864453,0.09838094875855624
0.296236289095746,0.10061803158936351
0.3336230775102575,0.10590634487137589
0.32426016217605597,0.10143694903579333
0.2488763531804333,0.09246630482896273
0.2488763531804333,0.09246630482896273
0.24664209179913255,0.08981544415192173
0.25099288222395566,0.09315624023114433
0.25682876876078703,0.09434986371026619
0.2763000176668946,0.09639057817943865
0.2769041850216232,0.09661753267316854
0.3061708577288109,0.09946803372415454
0.321413609100509,0.10190999686393734
0.2985259754353403,0.10140574688832972
0.3122619088414787,0.09760168574976903
0.3044824929882075,0.0979774699155118
0.3044824929882075,0.0979774699155118
0.3005281215951346,0.0982812894610091
0.33696206447650723,0.10373991201905505
0.2781041904975738,0.09518513293991203
0.33592916393779726,0.10235378928428637
0.32326866663303927,0.10261925260660307
0.3275796590943313,0.10390831744092167
0.35538045162999976,0.10735554756040697
0.35538045162999976,0.10735554756040697
0.3861091006535458,0.1150107014740162
0.41919127619910035,0.11160081103189595
0.39511521910126557,0.1184462094770447
0.4021127499643831,0.11748453546226734
0.4021127499643831,0.11748453546226734
0.29603624787422694,0.09577188595670916
0.28217564798552563,0.10022789675018251
0.2804165625211307,0.0935316069696164
0.2840803493061506,0.09437657254891692
0.42457022046103865,0.11843969979320214
0.4152584420526469,0.11638374393724782
0.42076374618914103,0.11724899695000153
0.24805813687327743,0.09203737482304054
0.24375834330969232,0.09264928987279787
0.2529367041814708,0.09028184987679638
0.4504893577068023,0.11876971352442116
0.36107603919123704,0.10808662813283247
0.363084607934359,0.10487186251475972
0.37236435979296933,0.10441996144245694
0.2599899802946603,0.0939818903696653
0.3355220681218378,0.1061371659716202
0.2695821258488885,0.09666329009435774
0.2807295780238155,0.097465337602413
0.2939081599726165,0.09778330204406295
0.2598314105834811,0.09368819463693993
0.2775034024814522,0.09458645443549975
0.30423361301491325,0.10153776863931532
0.3040896429992326,0.10129474612597242
0.29162105047911174,0.09787840349287018
0.27312868148121855,0.09955215230503335
0.27929843942760135,0.09763541681524329
0.3227842838986246,0.10075447270004932
0.3141356176231527,0.10144855382396821
0.31336570194857444,0.10213926127782075
0.2900520501268069,0.09757545385213656
0.2647215251530635,0.09319858428146827
0.26866598758565313,0.09365707502087121
0.25548628063123496,0.09431948146293646
0.2577985653501777,0.09612372130004584
0.26469921641924055,0.09522086608892207
0.2593423201446653,0.09672155538380595
0.29900913213494185,0.09759773904220698
0.25928485739038515,0.09374246150922969
0.27995918049960733,0.09617208598732208
0.2929737152493914,0.09924957212817787
0.2834208711077304,0.09611537480671926
0.2602495415460474,0.09362198746766326
0.2884421621897133,0.09830568493591817
0.26990180040658796,0.09380997449498302
0.273154249781946,0.09172792012865383
0.273154249781946,0.09172792012865383
0.2645553670136235,0.09047625398385471
0.26002323141845274,0.09191916609786314
0.26761238105259666,0.09861544989150724
0.29419136984140437,0.09956502176853108
0.25081831441469227,0.0921300097228681
0.25469559450554424,0.09270587435376137
0.2789452455733068,0.09226594266222461
0.3848595388664644,0.10777558548712982
0.3501837301143623,0.10806812028848325
0.38205932213866156,0.10549331632437305
0.3848005070096929,0.1073644598834753
0.29407342767419264,0.09781428699619123
0.2990644939665853,0.09705731242627927
0.2916122973071039,0.0977705201306921
0.2680556097350974,0.09169661979340883
0.3278613974608622,0.09953934670001396
0.3278613974608622,0.09953934670001396
0.2510467384910322,0.09250119823805578
0.22122726061739037,0.08553654849998757
0.22964283535161867,0.0893770144752976
0.2547452936330588,0.09349313222700352
0.27398818324409163,0.09427698207923922
0.26068748530826186,0.09522856699265798
0.267082741869642,0.09561100844605364
0.28193888054136906,0.09519955127899238
0.30302065413450496,0.09654036301549328
0.3450952469065587,0.10654450806547303
0.3191015718049353,0.10035068848662487
0.26400228660743846,0.09437724278840727
0.26400228660743846,0.09437724278840727
0.2692662836194407,0.09454370839724133
0.2692662836194407,0.09454370839724133
0.2843259709156432,0.09803312591180029
0.32064249905589787,0.10348572140748061
0.349805844665809,0.10513603474719106
0.29361525188746074,0.09865477241514661
0.2987900619784204,0.1019051572372445
0.2605112297322625,0.0951211059289501
0.28944827480923085,0.09732877464304168
0.30838416297279786,0.0956215890593939
0.2944514248831781,0.09740272077534241
0.26168600129883895,0.09293380841044901
0.28162342483127617,0.09709311004506294
0.25484369258518785,0.092850697232644
0.25374663437321593,0.0921089725807901
0.2909503217818519,0.10068427189396609
0.3380292545283603,0.10605700010860003
0.3372457587561179,0.10606891810149888
0.3347720195265593,0.10521330745774791
0.30784241931572265,0.10078179609974047
0.30784241931572265,0.10078179609974047
0.2980146910959801,0.10056236173727588
0.31879922355425716,0.1015522587654566
0.32420249188205064,0.10107079281266282
0.37359667575168515,0.10905981610089804
0.3654042847606016,0.11004003012625035
0.39392960580701947,0.11188466367285395
0.3770775191628104,0.10949902580550909
0.3709027972940525,0.10937908585666432
0.37170641995690135,0.10699990268961626
0.3737694307324312,0.10980411857984769
0.4180678476575854,0.11464948039135844
0.4256846111619103,0.11430936198223779
0.4109359079607536,0.11717942475081185
0.4109359079607536,0.11717942475081185
0.42600492292968767,0.11776379240684194
0.3564523051099887,0.10781420660981302
0.3189101634384282,0.10140871725870004
0.350253878258371,0.10655363284071297
0.2345045424168551,0.0909266395702076
0.23252135428049506,0.09092422907049219
0.2663196846672996,0.09138055192068995
0.25335823587028095,0.09403503039507508
0.24529234379256876,0.0901735049372306
0.2753139372555778,0.09774736323030318
0.26210429616023456,0.09249231308984242
0.2846357844146584,0.09879872685036561
0.2761611830207724,0.09367380702799555
0.2786688633245665,0.09393649125490756
0.25835547807151427,0.09486667435468384
0.3050639496163289,0.09676809283363778
0.2734023750944078,0.09611097578073201
0.3024413066040523,0.09898370048928279
0.23835861446789236,0.0911411058995826
0.2326503830421497,0.09168678455766185
0.23771288055137224,0.0916454303322394
0.24392581512218228,0.08988537652911358
0.2363695960547581,0.09207164905658924
0.32678611918284156,0.10280618423473735
0.31961420817177016,0.10229418233089949
0.31937433259206643,0.10014467865006825
0.3153476922974975,0.1007566773316676
0.26071688922500613,0.0926853586850202
0.2538453175386523,0.09279038135735446
0.2832686812694734,0.09578132967328065
0.28650452202057963,0.09826516829714282
0.2722361120835037,0.09595004387077956
0.2890062884211788,0.09511980452961666
0.30626431677109267,0.09926297662395751
0.24962262310794944,0.0920003529118246
0.32334243937495644,0.1034523630425389
0.31788049650148403,0.1044144141303031
0.3023307426502093,0.10032169335643953
0.3478683117516106,0.10820379365932291
0.36152713927381247,0.10214482461999884
0.26345394246275916,0.09583306656888295
0.25813434552499326,0.09265395527304986
0.30408317665551476,0.09932491229151394
0.3071340559089197,0.09889329105474891
0.27123413018291503,0.09657034745296118
0.2516653479210301,0.08929310329762283
0.3393832491109853,0.1087764621078107
0.34797025296435435,0.10745088202259506
0.29988484795831194,0.09875519746410209
0.3000617752983288,0.09840812050617016
0.2749346119170612,0.09651618262102134
0.3004190774313496,0.09944752642030201
0.2731695534204214,0.09490834316902308
0.296842419863488,0.09900622493635636
0.312755764416881,0.09975780197783901
0.33272023611666396,0.10278616256574445
0.3394817798402073,0.10245591970295397
0.3276570172265776,0.10693773986117441
0.29375227303674334,0.09602296635338657
0.29676557022420136,0.10250109500093965
0.3103975891101518,0.09671195510968267
0.318333113013889,0.09838449711654544
0.3584932033583158,0.10914458325728413
0.3720479935683578,0.11013413724054333
0.326263245158647,0.10287640944002695
0.33929409242022407,0.10361770328427554
0.3007624977119605,0.09840372039045969
0.28062615708006594,0.09939072342450896
0.28749030484959803,0.09890411456259982
0.28973338937149584,0.09834009440201813
0.28842350226097935,0.0988100195980137
0.28842350226097935,0.0988100195980137
0.36848539327723656,0.10991751291878048
0.25709408799808153,0.09259842820214546
0.2891514907403243,0.09892359424632859
0.28607769524206017,0.09880601218724687
0.2550153191055518,0.09195030674051678
0.2516107726291349,0.09653052393460969
0.37504452960654955,0.11180670772748692
0.38425246182086015,0.11262662970297521
0.2968039153726645,0.10078757119466782
0.275987406193109,0.09409284663326176
0.3007872381825737,0.09935111694776126
0.33671167814076763,0.10642063490017376
0.33671167814076763,0.10642063490017376
0.3451543738120061,0.10572724688844261
0.33900076774703924,0.10638850883452433
0.3492268600547426,0.10446064890662561
0.3217923735288702,0.10227870827370646
0.2950025689350344,0.0983254714841156
0.268109171818783,0.09597611705817169
0.25869956251891424,0.09194405821548979
0.2822590878218103,0.1005049526532135
0.27159636172361634,0.09331629949565692
0.2886079602776985,0.09632719525743519
0.2910425278412926,0.09828715615115503
0.31018542574888797,0.10188825811332701
0.28545550777477824,0.09790211788954428
0.3091913180127716,0.10081513261597476
0.33136359296473217,0.10345006422767533
0.2895965407434407,0.0995483611394896
0.3146679497196375,0.09851220180316295
0.2908978933198013,0.10208147590717466
0.3087262238912582,0.09866632399399757
0.2668877837975644,0.09401427758551077
0.2549532646922663,0.09163802398724075
0.2489614623417231,0.09076828763918307
0.23388273273239385,0.0903752855529664
0.28292238619486776,0.0990640983792458
0.43176315076845534,0.1214021187930328
0.3215013230448216,0.10524002165620275
0.3006576350134618,0.09776910565971302
0.3033951649416688,0.09757618755722956
0.3431926401047461,0.10362906287484491
0.463292829088209,0.1215295825221519
0.44857692135322724,0.12111164926484863
0.4796414641546033,0.11921800109318495
0.4385934291288175,0.12027177418988591
0.42133415322179296,0.11807492005396736
0.4462677814763242,0.1195639870656269
0.440920548389555,0.12067455507216991
0.4943922894629994,0.1262254421454513
0.4943922894629994,0.1262254421454513
0.3098633616042763,0.09930778306852749
0.24502178344614503,0.09190915241380129
0.25181121117653454,0.09071225912068237
0.22643919299282247,0.08889037691477578
0.22655796829633615,0.0875359718227828
0.21235670466101803,0.08547237016808992
0.21372841215438548,0.08438531982794896
0.21336050519825867,0.08509953513707717
0.20835661344527864,0.08639518157953234
0.21532330030920133,0.08546630883536965
0.21980650878961178,0.08551677910170566
0.46368015194787393,0.11892746068233262
0.45795871249016046,0.12200298454560422
0.49862561916157844,0.12491545749583291
0.4035121056484067,0.11648395813077507
0.4426773997495145,0.1170742716140597
0.266247438293871,0.09785027579355575
0.2855600331917254,0.09688481343536132
0.3227191054058059,0.10212618703717873
0.32021320613404747,0.1015222132077866
0.32233578601601953,0.10538844255205396
0.3190539648615043,0.10682605589418805
0.35040837206480313,0.10627199587390662
0.32325727660749826,0.10629731584893293
0.32301049801707393,0.10501701831735256
0.28049076477189266,0.09407141304076501
0.28162525063681937,0.0944402932625719
0.28964857285523304,0.10011204691197319
0.2629541486085259,0.09267069511965446
0.2677229903321987,0.09283724706282856
0.2722444340567117,0.09766008798579429
0.2701181010232918,0.0959308842616557
0.2884093246008268,0.09792073600437423
0.2753614646076521,0.09557815747773218
0.2817129618765116,0.0942188452977793
0.2940317242344469,0.09909571199554706
0.30996899932346533,0.10150168911826032
0.3318124798156469,0.104159940964835
0.3114806960596202,0.10229349309480601
0.31902201175414435,0.10159985686364248
0.3142731488076164,0.10126364616843977
0.32248421139792394,0.10227787656577565
0.27506283142510174,0.09341407119621642
0.3330290390520537,0.10346023750888016
0.3454848219441318,0.10455980171677995
0.34420295637561266,0.10506896561954562
0.33055925662953345,0.10633313880905568
0.33055925662953345,0.10633313880905568
0.346495130297861,0.10486273760143162
0.2403757758922846,0.09109320579287057
0.2466139042360767,0.09043070118774896
0.22926740925774702,0.08938320407902448
0.2240595433596214,0.08786152037745104
0.2377086969105603,0.08592425257972573
0.23624885609760066,0.0859189103666368
0.23964723903411084,0.08656981676817901
0.2401719434959559,0.09403560469013292
0.24041262840311356,0.09410264909811879
0.24339362089754807,0.09316316415094746
0.3362488268128424,0.10478141801809696
0.3362488268128424,0.10478141801809696
0.300133873059991,0.09939728513742536
0.3434783256573418,0.10812741607813228
0.36655592024026884,0.10840858868884458
0.24514901439408263,0.09137485645459789
0.26611045352644963,0.09137588601562137
0.32731983339767123,0.10146795178012896
0.31097438330660937,0.10419795206246854
0.3978759881874609,0.11309586256409297
0.3814672367979318,0.10919466170108584
0.3788607597544746,0.1073525667411922
0.37299162459984536,0.11334463568411221
0.37299162459984536,0.11334463568411221
0.3015515790584143,0.09727731151768879
0.33450565687422545,0.10162021975330986
0.3030316155890828,0.10265637347628388
0.30754013348360526,0.10121081301023789
0.3035302045588355,0.10046538398698317
0.3105904690213723,0.0996693577490143
0.3266643180240304,0.1054347562907349
0.35450331787438677,0.10923459458823638
0.3602169840578824,0.1085813127150361
0.3716065537613901,0.10778042855156232
0.36661429417317404,0.1069326346208507
0.2551643018636609,0.0952574658602998
0.2575471016561486,0.09048107919594123
0.2549625461849268,0.09160922731368663
0.2551156687242546,0.09163443731087512
0.32927140273923994,0.10463576069790773
0.3198230938993301,0.10093647785063825
0.3103715214360311,0.10124580926707402
0.3261459232067944,0.10318250826633708
0.29671430244019703,0.10064807784648153
0.2691670122729375,0.09313094443285928
0.2655083378178087,0.09465323022034226
0.30976344973159486,0.10148028384562524
0.2945085766541041,0.09495808020075777
0.3015177310938716,0.09411408951982396
0.2616080809885845,0.09613923343857168
0.2525867556298549,0.0905847455956492
0.2680127884795703,0.095968807961668
0.34846249838171073,0.10779704830894268
0.3469911723928908,0.10836486386065662
0.36846433610859286,0.10520549503224404
0.3479468879707595,0.10916830681331809
0.29483507180616886,0.1008995451877692
0.29100947280371603,0.10111625323254081
0.28762885370254027,0.10102349607848955
0.3065833410703253,0.0992645950741113
0.3056861540077,0.10025663479686767
0.2666692775852748,0.09551099008540032
0.30068735795813506,0.09752550581584041
0.31355970367268,0.10306521170070504
0.31240909934252625,0.10441720005190294
0.3178692384218429,0.10354395731642471
0.2802630280560323,0.09805508746294847
0.30232556654367904,0.09895972534372385
0.2603337827755007,0.09470844987983973
0.2633175731176427,0.09460730476072601
0.2644064111472243,0.09633273392026798
0.32863760152874943,0.1059486888844576
0.2894742694129976,0.10119349901731992
0.35017842536314964,0.10657009044246818
0.3421428299567612,0.1036707044204462
0.3430980627278876,0.10841392790083067
0.23201205132786148,0.09149487700344872
0.23201205132786148,0.09149487700344872
0.27409424684035255,0.09416370223726699
0.39433692937524767,0.11105588816526997
0.3963620257746179,0.11114317662198178
0.38123746975486206,0.11104524161500932
0.268552051679424,0.09498668411488655
0.2863169554289714,0.09736547549290712
0.3330558005574715,0.10159682801379827
0.2568625715248174,0.09427171881308372
0.3070559224552943,0.1050133218431472
0.31979109879435824,0.10342665976344324
0.3369474465552936,0.1061652398270876
0.3336194624381617,0.10747839521538478
0.34940075707419616,0.10648997903819823
0.2965133362820596,0.09864390358025305
0.2964050548339994,0.09458994348078635
0.28750032848793516,0.1008583464189645
0.2958263809960575,0.09924972606072796
0.25715078888627596,0.09266592035166517
0.3665162657391386,0.11045092093525273
0.37279225429127705,0.11097592071735976
0.31687722409021823,0.09903227636514184
0.323395605941169,0.1013178628261472
0.3529088947214861,0.10457984688010588
0.3846481006055288,0.11471105356908665
0.4041675003449501,0.11117825225243054
0.40240389224978307,0.11358641426346626
0.3945345906552894,0.11194440383041433
0.2146910968701385,0.08746882008706315
0.21310761258882108,0.08396987170866729
0.21221513383891194,0.08305484300035733
0.2031629497920363,0.08700501657057996
0.21719258331526575,0.08826649622114129
0.37417129548089506,0.11227919890013728
0.40877185194268206,0.11313877195325482
0.3915362722580255,0.10870659878900497
0.33842971607575245,0.10629551062859387
0.3137081514014889,0.10117882726224287
0.3097542858551946,0.1020474919901138
0.2999759714049171,0.09934446040852542
0.3199580491926266,0.09931346622063285
0.2615808324673674,0.09614128769188525
0.2590671685969578,0.09617235336280222
0.2782693404412785,0.09318077738835709
0.27314083061689276,0.09444678597675732
0.2663745319545895,0.09574903826131437
0.2609045900238148,0.09701847167514778
0.26734383685254326,0.09475317507762009
0.2693197805994024,0.0941480848284765
0.26559248969200416,0.09453297094866166
0.2862458349978473,0.09666069618695268
0.32856244151927333,0.09999421522538386
0.3259903313279276,0.10484826267552848
0.3259903313279276,0.10484826267552848
0.30019581822906777,0.10069077648075214
0.2676108649161343,0.09417258601976695
0.3488350638215213,0.10710015287035575
0.29378179361854473,0.09910819032289936
0.27182301848890816,0.0945576241436069
0.23807201172441073,0.09060508069597223
0.23120666278765967,0.08897606133687462
0.23120666278765967,0.08897606133687462
0.24587487150280918,0.0918511518329316
0.2440174609815727,0.09221049439026857
0.2560364035764417,0.0940348618733272
0.2592966820095282,0.09279689159076987
0.27137993407318006,0.09598621908204197
0.27340491259533684,0.09605114787355179
0.30919473308399065,0.10054696933105256
0.30046859212632127,0.10074222014479467
0.3293654973711375,0.10343914664601084
0.3446509583848877,0.10657649007325773
0.341165626611128,0.10892704081790137
0.34766928446133066,0.10730341390654066
0.25636758037227964,0.09403755303977424
0.2532461628489123,0.0926608904346512
0.24889193950795524,0.09178524507290019
0.3127969947319933,0.09984734559990385
0.32195814731275624,0.09882992434241687
0.27433095408884495,0.09616776493274175
0.31092906521531194,0.1019435892640261
0.2991001346508577,0.10070517225464712
0.3587335397258378,0.11000135369398113
0.24769950449356448,0.08949790441938427
0.3207163197351099,0.10321158938832374
0.3207163197351099,0.10321158938832374
0.29964559399472357,0.09844656966765566
0.2984332677906111,0.10048409015040313
0.2823936724839883,0.09708701079847008
0.31998689272216285,0.10180010418074362
0.3314976739374274,0.10335585771222398
0.3106806673844562,0.10138795131788614
0.329428414851366,0.10508652499472872
0.32468310012886953,0.10079132076242235
0.325173986378738,0.10361075865327042
0.33467412829624077,0.10105295997806527
0.30149641262614174,0.10372753684916626
0.31213842253319707,0.09886897230628428
0.27603397709269556,0.09657773232189533
0.321724202642929,0.10195966239309581
0.30797180415224945,0.1001984650807152
0.2632351500024852,0.09256055335635763
0.266616866701226,0.09507437780292424
0.2721494623515821,0.0970014522530741
0.3075845437694904,0.10233047409028412
0.3077514382464961,0.1015681828997316
0.34386357328443273,0.10489132900040302
0.3118884850856767,0.10067198100076362
0.313552117231596,0.0988005788739183
0.2413589591139919,0.08994061766580115
0.2585033461702976,0.0912776019349834
0.23671487175856654,0.09120881054932171
0.24606123791430362,0.09209022442073875
0.30805700562066257,0.09935489430323748
0.3117339230704008,0.09895921789616496
0.351923330271552,0.10843589230170955
0.31431390004636933,0.10226495420337521
0.26765940639178815,0.09427609820017166
0.33533390695202153,0.1047331956711816
0.3743265509910051,0.10738977546706475
0.44295011162812276,0.11767377970008631
0.446665122976004,0.1173971270911238
0.37797106819302023,0.10824440867744478
0.40116532690317636,0.11011813553680007
0.30534931880893323,0.09926303655815626
0.26575713004624074,0.09464197165243042
0.2879414550220091,0.09493704182318807
0.3454115640611781,0.10558402117376389
0.38460779910435083,0.10938589795688801
0.3847888248655973,0.1081395092331547
0.37532607721106775,0.10385600270159571
0.3611467090684262,0.10430094910502836
0.35151964490418575,0.10548920716719898
0.27916744814804006,0.09572815112323543
0.3894647971139868,0.11051981492910788
0.34385671884909946,0.10910644578340997
0.28688332943806616,0.09871079869890063
0.2621290535628606,0.09463611919992689
0.3153596087148739,0.10615647946608009
0.3285726604203384,0.10514434264247777
0.3426417468031362,0.10441796139633232
0.33141600599028487,0.10268346938616014
0.32241597965367075,0.10141489340154772
0.308212258966126,0.09820875853231374
0.33383035391570554,0.10094648342713601
0.31476936157939345,0.10184357558000624
0.26201429007950655,0.09509791817241493
0.25759602570213186,0.09483476968135814
0.318870072460988,0.10185453876349843
0.34873627054502254,0.10597668830514506
0.3453568167382137,0.10821166777488402
0.3368846451225016,0.11026618251951245
0.34848114053601587,0.10712286538788662
0.3710216357838074,0.10847209186901866
0.2731388602140249,0.09562439161491776
0.30757255735858013,0.09788377424815733
0.290227735280105,0.09789998671297324
0.290227735280105,0.09789998671297324
0.3188791561941554,0.09939433487238808
0.30847724057343023,0.10347460891729897
0.2714129514517597,0.0983334184996981
0.2702739040238099,0.0981970511437103
0.29959907471918146,0.1027864357395712
0.29865994380046756,0.09487507630478059
0.34238295914189043,0.10033035203141111
0.4177746357277128,0.11817696262602705
0.33550434591784456,0.10663037165682857
0.283514967324554,0.09844290555089215
0.281798285568134,0.09788260962803376
0.281798285568134,0.09788260962803376
0.3148871862071605,0.10288125719927817
0.30240866696683427,0.09876753400688175
0.26096545634876717,0.09549394995490824
0.27702117689283534,0.09406566824898821
0.2757532953641332,0.09500437977717319
0.30234492260722995,0.09738839066543119
0.38295609675195014,0.11055674872025095
0.35665194261581556,0.10891505030644494
0.38124641234924794,0.11044850543270071
0.35868420036245796,0.10670362790695308
0.34708690090239386,0.10790264622194334
0.29887017394638454,0.09713830685148506
0.26089219064488534,0.09457739382324055
0.25632047568803057,0.09389514082132353
0.34949063352190113,0.11019789981555803
0.35268815542660853,0.11051669615119238
0.3939792276331904,0.10896421549063667
0.28174804046826946,0.10108352036513911
0.2925512579786742,0.09911010868912062
0.29002302926804846,0.09738435179154055
0.2912543382596667,0.09713195155505516
0.29624595575430546,0.09680295119126549
0.3287750175134214,0.10099471257396078
0.3597762500806819,0.10780779880904384
0.3626655570945577,0.10797884320509857
0.28633317557015603,0.09738506189874145
0.29618555799692925,0.09939997659785157
0.2915126490126023,0.09884373769794784
0.2920372318945373,0.09873500493386617
0.31603213093440075,0.0988372961771847
0.3094708111165119,0.10134851469392615
0.32241726487177746,0.10331847697616599
0.32019269089850944,0.10299083825996949
0.3543036906422549,0.10558781923990979
0.33377631069086044,0.10318175933507195
0.33720499347038846,0.10245432560715922
0.3434071190525221,0.10173979739294904
0.35698349309326893,0.11048590563972364
0.3473500856521717,0.11125847204023995
0.3473500856521717,0.11125847204023995
0.29829154076738257,0.09850876026289744
0.3048119892482285,0.09554499738667634
0.3055047161512755,0.09976258477189959
0.3006913364257763,0.10279636178272578
0.3154969649313748,0.10064789913650687
0.34403029846792765,0.10354610302160404
0.27244526908637107,0.09620976816621246
0.2708643899188409,0.09626801776764696
0.26692720600292213,0.09774659994219509
0.31042709474517177,0.09704053669766992
0.30528871521291234,0.09479887436303017
0.2789897913582208,0.09870732821561096
0.28109391370989534,0.09754644031707205
0.25392041503151347,0.09251350454935504
0.25327212571416824,0.0930238007235798
0.3170573996582142,0.09975927547042861
0.22872403593823337,0.09031036389986065
0.35207550651146513,0.10710159775313198
0.41065648994170434,0.11315758693006835
0.30363931275016987,0.09910344546870581
0.29298543039553904,0.09961934910942108
0.2786633868000823,0.09449985777412556
0.30480999894547683,0.1006579846453126
0.29698320822597507,0.09498939482889734
0.3569476551381835,0.10655354694092153
0.28728693705563746,0.09831724734487399
0.28663880491187915,0.09870766028379856
0.27805775693877266,0.09505777592513813
0.27805709445966964,0.09522187241388332
0.2804265078196896,0.09769060180363105
0.3408239271610914,0.10383238011214595
0.3463770023919377,0.10650100441267979
0.34215942480850536,0.10941204168403994
0.36468868954562367,0.10808387183195449
0.37076468813162217,0.10845422087611689
0.3735638522415765,0.11015163837751041
0.25547610742084476,0.09476869333970529
0.262175594878584,0.09472718617001215
0.255877600544324,0.09354089167600484
0.36599476038686923,0.10651113459916944
0.28620753541137256,0.09726261205520023
0.3071777048130609,0.09912139405725119
0.29302825395296256,0.10155573100823388
0.29495538166632385,0.10157992429598121
0.29050757127897026,0.09775502292005227
0.3247435062098602,0.10230399774372077
0.3008398504864789,0.10111375856794365
0.33651814423533744,0.10292574399355363
0.3493523797013951,0.11071921845947806
0.3497459137975994,0.11378204249002388
0.37727282452297617,0.11239365063039387
0.37802965222139095,0.11106380607452547
0.26126537179334375,0.09304378402522535
0.34979230676783923,0.10654290066423895
0.3672929933418463,0.1084669155183746
0.2802668998259489,0.09721009779307115
0.3009655435978843,0.09971085776297924
0.3182820942932556,0.09718681688082853
0.2875718705346376,0.10055871088357243
0.26234860376285857,0.09238272901621988
0.26121769447934684,0.09466776849846148
0.2782895266391055,0.09571624255210988
0.25813853680378007,0.09181531177577593
0.29307905082179736,0.09883203764887519
0.3062935156809809,0.1005936838556131
0.3172961639317863,0.10039726411696163
0.30122855559834083,0.10205104864002057
0.3066961556102289,0.10186971359213665
0.32084388918287055,0.09851131975755316
0.3077620096703391,0.10335638909078332
0.23468331306379003,0.0896735139608906
0.2432567073577403,0.09155362997552856
0.23134784685890558,0.08876261707525208
0.24279550947282358,0.09017580364650826
0.25646570569139815,0.09419695001491966
0.23371797181543238,0.08912545955719722
0.293102414949418,0.09529940838971801
0.28980971162978386,0.09562634320135777
0.284274516368841,0.09807195828104746
0.2772705318625208,0.09731538161770799
0.2521834701538714,0.09182858653686836
0.23499627373780635,0.08878021356077706
0.33954391786592575,0.10615701866960234
0.3464769119655273,0.10461744547584909
0.3358458742676349,0.10657515331026815
0.3447429634315226,0.10473652243825897
0.3076037696303112,0.10098687925661236
0.3243582392683694,0.10206024431270833
0.3267085999207813,0.10251909990057143
0.3662512276278251,0.11012249872024561
0.36064115964974613,0.1083914413869768
0.29995628698029,0.10019273943821094
0.31163421490813664,0.09717183950703252
0.38291698603530505,0.10818581222032679
0.22181669834357468,0.08948115064538215
0.21059693614745548,0.08474018506128389
0.320010756850047,0.10508718095763385
0.3737233781185963,0.10669767293883298
0.3737233781185963,0.10669767293883298
0.36642093574546447,0.10927491406403722
0.4068792845642506,0.11461788795906877
0.3156609469407081,0.10172961376172396
0.32775148582352975,0.10748897891341852
0.3615295347853861,0.10643823001338956
0.3069932089753222,0.10130314825854171
0.3001941579234488,0.10342519340565011
0.4091035790768743,0.11484512771708909
0.40015978014356607,0.11452704413125399
0.3170235345176345,0.10226370481373644
0.2906588613640708,0.09819696755848312
0.2977261243257473,0.09753864550666536
0.30954838063796447,0.10100588350882495
0.30040621897969805,0.09875001950387609
0.3034667503866392,0.10219571320847354
0.41269000591196553,0.11389029390756022
0.4625616693586254,0.121978332363038
0.2834153381182392,0.09654437344809749
0.27665141169357144,0.09846421806622102
0.3311723081287181,0.10669694136008592
0.3206359773873548,0.10051999076486735
0.3153948481167174,0.10464298950376985
0.31324948169916145,0.09825065658213585
0.31065948353713396,0.09784435325386287
0.34810603919684724,0.10725289021459593
0.30112478432855133,0.09922017564999384
0.3202319072388272,0.10003475721553844
0.321813432506431,0.10212159611641614
0.321813432506431,0.10212159611641614
0.3921525651936145,0.11310055132010124
0.2612134350109658,0.09268829352219847
0.2591867497966966,0.09583423883988544
0.3760542070056879,0.10625280271885416
0.3654317008212383,0.10835391873086195
0.3436766045142879,0.1048582723877175
0.34686168364056397,0.1046270548622707
0.29502649688641386,0.09692506364363128
0.2720445395127321,0.09629471665685817
0.3190888983125635,0.10055091359400185
0.2913217805313141,0.09886155001313124
0.3155695748849956,0.10070363891799762
0.27958959222296537,0.09744783927085973
0.3190649959112981,0.10430205706049527
0.30102983677341283,0.1002903246267333
0.2927185987875641,0.10242569024204753
0.2878578126142898,0.10179000485139003
0.25672695824818115,0.08958238581948569
0.26273426910827125,0.0892469937160172
0.24058010623858703,0.08715382146205142
0.22241795242900164,0.09126945223486316
0.22809789748476067,0.08948376229004466
0.2761472639449599,0.09437213712761514
0.3314854421660037,0.10591562797230311
0.32799857281944644,0.10355748603692472
0.29040741050791896,0.09820265614079438
0.29945322114152334,0.09876517238658326
0.25643297996730663,0.09257484183214608
0.295789701511006,0.09675965672342692
0.3259606118879743,0.10495876772835432
0.33042660691081244,0.10148023143270331
0.2679112588853568,0.09325990715732049
0.26161822444890226,0.09489496877026558
0.2654433206090228,0.09375209717206225
0.24670741994660833,0.0950302753964767
0.25307097860125544,0.09224931183902337
0.25307097860125544,0.09224931183902337
0.257134306359883,0.09320844120864104
0.28545904570808417,0.09932685915889528
0.3174605976580292,0.09909224396676099
0.2787947605585859,0.0945831154541245
0.28670152271491667,0.09661579999510832
0.29866244522734314,0.09857522631183874
0.3589312802470655,0.10944074376792792
0.2940126630868857,0.10201843996720611
0.30094651327508926,0.10212482653610654
0.296717638948946,0.10197518818430844
0.36550431701141617,0.11090868325258717
0.36511540390446645,0.11194132684953086
0.3545007525544856,0.10623732212400096
0.3587332727783147,0.10898286240171645
0.3651151770047358,0.10948713862222693
0.37349298482918497,0.1101283417023237
0.3600187260530544,0.10877394633633522
0.31432413922910085,0.10185317242647887
0.323252705945892,0.10422912093115133
0.3566288636505988,0.10629283221811066
0.3040253063822442,0.10281665489685045
0.27731228325205104,0.09884911100220249
0.2837652846356736,0.09516852898688558
0.24139516534150585,0.09220322329721616
0.24139516534150585,0.09220322329721616
0.24908966382053105,0.08831738152244327
0.24908966382053105,0.08831738152244327
0.24245633896255395,0.09200481164018143
0.25781401525702113,0.09298749570071478
0.2670875226191165,0.09175158090724514
0.2560075144209434,0.09107887169373366
0.2562837551395918,0.09108137228583688
0.26392555228710257,0.09507613779905788
0.25427177711983406,0.09168544672922566
0.30590546327216445,0.0970474799056857
0.27370486246464915,0.09768115401777662
0.2703831125421211,0.09858139677345548
0.33115103156735143,0.10731412870088829
0.3531705393502198,0.1028233325816191
0.339800121982397,0.10429179787548702
0.3206277435951906,0.10080599737606681
0.32497831821184486,0.10437274701122587
0.23976570507059827,0.09224147363254359
0.23679023794987342,0.08989664505448118
0.22547132522206836,0.08916121010635736
0.2670308318800808,0.09412617312040744
0.3170920446276228,0.10167443468926124
0.27398745202227737,0.09307669481502859
0.32375419809141304,0.10107564012320008
0.2995238484114285,0.09693501928389538
0.28150250194647464,0.09599698859602451
0.2866084424855847,0.09551395256285539
0.2467609419492547,0.09147480237402679
0.26556848829372975,0.09292096919563408
0.2580857784028387,0.09503229793787694
0.26185130402393825,0.09134233901418819
0.3398060710455337,0.10271478456776913
0.3469105610648926,0.10759974752239598
0.3478651829534292,0.10812323661625396
0.39912682305458497,0.11307298363211517
0.4001625564588137,0.10952679319328223
0.3918689926238261,0.11058575538114758
0.3918689926238261,0.11058575538114758
0.39750168928526153,0.11193062144727862
0.3759395667193949,0.10883621138416535
0.3244548847802744,0.10170628744895245
0.36822666927765857,0.10719991540035548
0.3869061983911827,0.11098413310351551
0.40631543701266204,0.11538982243018513
0.41391248157141364,0.11815508688848309
0.4274805853813025,0.11665323844854854
0.3957600982141416,0.11391474610383893
0.39690198089943574,0.11398159471037851
0.42806795605750364,0.11898957161249145
0.3903997634531187,0.11059527699686846
0.35302939416848944,0.10571475693243139
0.33653651794160744,0.10596690661200148
0.28696053243668695,0.09558902293680838
0.2503906172507853,0.09236942468919289
0.2304689011521306,0.08930092348167655
0.23306780005957417,0.08793183550507389
0.25383797027672356,0.09227443137993117
0.25281019583055414,0.09374388291679893
0.3065034315994331,0.10174225618730975
0.35710240380423763,0.10691248430292824
0.3583800039467099,0.10948071407728657
0.344938711796592,0.10719236121732102
0.31618911058143345,0.10232824482455387
0.29392504428382377,0.09959454647823517
0.28704630420991084,0.09999336284399415
0.2991983152458031,0.10035562572932549
0.3543629669831572,0.10612515508659533
0.29977728535446874,0.09908786127229924
0.29977728535446874,0.09908786127229924
0.28983375571570524,0.09960789629872899
0.3241803568772866,0.10403154162762195
0.3432209498859924,0.10558248823365082
0.34733691304331477,0.10504867714692438
0.2599553204642417,0.09414502355779496
0.2599553204642417,0.09414502355779496
0.27468504035444885,0.09695385544033852
0.27408801659823345,0.09328848787534993
0.34693429645237606,0.10301207889269073
0.27484213015092407,0.09414347722726076
0.2599989388745394,0.09526259240970938
0.2644541778804081,0.09173278649078179
0.2644116132362272,0.09545263945362151
0.2643197817136252,0.09704411130217679
0.2774687706302781,0.09626835951175061
0.31334034827541835,0.10236445407670663
0.2593667348409562,0.09457977370381916
0.282646000550685,0.09668829527050776
0.282646000550685,0.09668829527050776
0.3225938743676017,0.10188609725638709
0.31109538774657686,0.10281523710675855
0.3230398888739491,0.10437112381014851
0.27958437983227147,0.09766645056725858
0.2844193855871366,0.09497364133029594
0.27122762840842957,0.09343794084444591
0.2589631718151646,0.09410928706430739
0.27773467847316075,0.09584034374106261
0.2573647299410401,0.09315421816396927
0.2476912358781882,0.0925178581665675
0.31005453229947894,0.0962761904693749
0.25679159343969804,0.09730923031370833
0.25795360134999634,0.09781180769438572
0.2948685814402473,0.10365052369497013
0.3029692749451709,0.09675316870569081
0.3750873024114667,0.10643456807327258
0.3382678531854484,0.10756082716481885
0.3139240096785312,0.10087407405518775
0.298209431416927,0.10198955665046328
0.298209431416927,0.10198955665046328
0.37513288220182034,0.11029165779865609
0.36528085410421357,0.10821758659639512
0.33038986188134456,0.10150348346681215
0.32238121283379334,0.10543170820986979
0.29353012712326426,0.1012973131576537
0.325228289197987,0.10227708005088874
0.30225680131511923,0.10462995480301272
0.3536609024712264,0.10206926374870148
0.2951855492692923,0.0958160934329084
0.32196233945266034,0.09894041608958087
0.22300085614453174,0.09043907090291403
0.3703017467645388,0.11113476705167245
0.4259887889220192,0.11543671820082169
0.33893624583357723,0.10324232754582104
0.3421274842089648,0.10318322195597442
0.32380021816662635,0.10447563570788627
0.3250617534940463,0.10409289478172548
0.3068688382996123,0.1003611147413829
0.3068688382996123,0.1003611147413829
0.28368407682558955,0.0950478786017112
0.2574892302407577,0.09358848007220497
0.2574892302407577,0.09358848007220497
0.2782304079839981,0.09615506725219072
0.2809367431572014,0.09676452430260346
0.29433324036648373,0.10024088303112197
0.304178436910472,0.09923275158420364
0.2959034270382601,0.09886638748461841
0.2959034270382601,0.09886638748461841
0.30569082562450156,0.09948389399451918
0.27019974771384325,0.09725657039695537
0.2644551339461788,0.09236896020903419
0.2956281599995938,0.09569834419182861
0.28965645044134464,0.094090445089314
0.2697010008706748,0.09311367909951064
0.2617704776261881,0.09450313425761862
0.28273752084335324,0.09656868849667374
0.4104631123725882,0.11389564343747412
0.3117274748398142,0.10119612505125095
0.3325673136475581,0.10419959784571727
0.33990606478208035,0.10183090793218373
0.4278260896273594,0.11847894903298907
0.39334026001303934,0.11418704667255819
0.3287220369986109,0.10197851926493778
0.28740040622495894,0.09494879044037531
0.2438415387227572,0.09363800662453944
0.2997517288073769,0.09618105611128933
0.2997517288073769,0.09618105611128933
0.2755821149709623,0.09652484111514661
0.28999493934994575,0.09691728829317608
0.30240646068174853,0.10027153275139664
0.2985817967256862,0.09966976579369019
0.33003635990573377,0.10532776087756493
0.32632484015255186,0.10595517368405005
0.32632484015255186,0.10595517368405005
0.3058000189385783,0.09694160582440593
0.2931614686218043,0.0978547067530057
0.2968760180148068,0.10035619663215979
0.28807686120089226,0.09781649223127922
0.30138656740477104,0.09910320337954744
0.45577467086885953,0.12252623486260777
0.4539608602407579,0.1173761449707277
0.46104754261785047,0.11952656606625904
0.45776816441983104,0.11867183339430232
0.40179784153572456,0.11164530103624781
0.3437381480519646,0.108202604068996
0.31677041706718245,0.10003399954698736
0.24550091087901102,0.09104912408190965
0.25076203456863844,0.09158644159167455
0.26637876647843556,0.09005170952928429
0.28997613981684606,0.09966805258123936
0.288570779365168,0.09774891727363874
0.29201050252018446,0.09696931861382226
0.2940546331872933,0.09686302641594449
0.3277368828083764,0.10093078027853958
0.2969332368138296,0.10006625386877181
0.29163930020128537,0.10049451010156447
0.3540464273616756,0.11099178460645809
0.36049595794787337,0.10946144188909938
0.36315172941742363,0.1126033026194191
0.36586674575559025,0.11008902427953605
0.37446209822974186,0.10935506303544983
0.3825866355027271,0.11085737452981884
0.34628350088707427,0.10302406940253316
0.33907119757562776,0.10541492204756749
0.36383227717476957,0.10728359096299317
0.3745105351500736,0.1132456613345323
0.40172388917122714,0.11433311928437437
0.3010679385877021,0.10062926296796255
0.2971364427014513,0.09889124198778221
0.2708148083691816,0.09737836560778679
0.2726324930148336,0.09543182623431395
0.24222771834486534,0.0897436211786994
0.2435852132820997,0.09147341277191622
0.3391271890296235,0.10419645146875488
0.3239635779745703,0.10005134640840774
0.3181704181148783,0.10556094059834269
0.3263953536748422,0.09853350423059923
0.3244100977779576,0.10579758253781163
0.3234113441588726,0.10052434050307055
0.33605088422317186,0.10710135494173857
0.3412955907303914,0.10741043906833994
0.33955446043167703,0.1074065485028563
0.2692430227221255,0.09197715852911348
0.309344822035132,0.10013744399532154
0.2717530717287796,0.0954610933370317
0.2643005731611494,0.09605592087984019
0.2298037221366799,0.0899847182766981
0.24254576736748454,0.09012621156695
0.28783763076204755,0.09694530098451733
0.29908501161341616,0.09554104975051933
0.29894774405666147,0.09528573727019221
0.37146994521969606,0.10744731824250692
0.3352882156750694,0.1047279064993539
0.3362601698455911,0.10407202107943292
0.3642270535494538,0.10503553648703505
0.36553410058218705,0.11247277826035848
0.2696801218521872,0.09563870729752878
0.3045225074426943,0.09962208910972237
0.2565757012761905,0.09181151942871073
0.3438946444496269,0.10564018179764287
0.3008378232203551,0.0991837340806773
0.3160511312657107,0.10316859168509944
0.30333535623060837,0.10178666751056914
0.2716697199590033,0.0953835876314496
0.259311166114019,0.0931847301422252
0.25840709338794954,0.09306280894024999
0.2943397142314752,0.10033663299780494
0.2977331311014791,0.0967060992684408
0.2768139065771011,0.09649447602212315
0.29698305377253065,0.09490498151548984
0.2571803957406099,0.09445802361704236
0.30003372631273334,0.09844118241768997
0.32468956467405474,0.1051096558733686
0.30468767391956275,0.09758244088006353
0.35531817539205524,0.10547524443190787
0.29768225174128926,0.09760061588904839
0.2891929047514453,0.0982757237065711
0.27676256938657356,0.09231191724018165
0.2599454503363827,0.0925123731246708
0.3005668632551376,0.09743414538790417
0.35014748866869017,0.10441190179279246
0.30107818322606317,0.09665126193638984
0.3040581826969271,0.10207650449290219
0.2910053439639926,0.09776106275222898
0.28142904923310297,0.09676466638547981
0.26587844444316844,0.09606903857777763
0.3295356722423119,0.10428606688467111
0.2842925384124863,0.09574057827500086
0.27460926171759903,0.09449899955384768
0.27763832410971495,0.09773096370822272
0.3331328839499794,0.10520172364758419
0.3434210641321755,0.10416894931617811
0.31353293202566396,0.10059947129416937
0.32439220246652833,0.09957188286110821
0.3502772882958517,0.10593338596773927
0.3345370289225487,0.1050302003948539
0.33030134696457786,0.10263748380972414
0.33809147432307046,0.10605097005306913
0.33809147432307046,0.10605097005306913
0.34555448227965313,0.10517962397743963
0.36574331892024986,0.11060683617777234
0.35982124727619086,0.11174254285538483
0.4748717883664988,0.11643530114591545
0.42818899058805626,0.1188391768294574
0.4303050331994883,0.1182240395192224
0.41143899480409035,0.11400545941563063
0.428707971460944,0.12278753145872619
0.4489176840275174,0.12158006420535448
0.4977615503032654,0.12602388222004732
0.500646792795154,0.1270148248377134
0.4916414510840247,0.12695478331830215
0.47904416178380976,0.12577209247257604
0.18978410243780602,0.08149480468754698
0.18244283816062723,0.0831474784981881
0.18349209941069147,0.0808418139845566
0.18349209941069147,0.0808418139845566
0.4911793767020538,0.12224316113272968
0.47852258277679444,0.12475940279892096
0.4342555785349991,0.11700732406715832
0.3591110110812872,0.10903360320028123
0.339446411285389,0.10514288374119272
0.34373254174649354,0.10358862659662743
0.3539885421673522,0.10292818502510147
0.34768849181237366,0.10445296727500598
0.3348189633945512,0.10812326697753599
0.3647324380055871,0.10735880007384084
0.3913580162877616,0.10822231216804713
0.40262472764252105,0.11286502670714654
0.4075652496014294,0.11617673543777869
0.3922703325562754,0.11655445026722142
0.29755984097629057,0.10194605531831467
0.26556091947896443,0.09329826178185759
0.24932591599790555,0.09468066343092847
0.2992384336354498,0.09527917125651476
0.29998744854192466,0.09596633153576412
0.3147865637740631,0.10023343964795792
0.2768607178859594,0.0935891291348821
0.2642379506515363,0.09656501901354547
0.2421685861218619,0.08873262330691323
0.25558926599190995,0.0893748748835017
0.32971492728509344,0.10675283381298194
0.34436140613173233,0.10623943022813374
0.36437516888952215,0.10791702377372012
0.35944218349926077,0.10638454670398774
0.3900436763872272,0.11216157608308475
0.37012954578082435,0.11272970539045088
0.3668962717758849,0.11014018224146424
0.41715784227667135,0.11623614885102886
0.33795756987442815,0.1049489387318307
0.4008625488136248,0.11185924199479738
0.40773291961341396,0.11211823413047997
0.2922718961131052,0.10014584457260292
0.3662293751588418,0.10954578700652902
0.3829441403024374,0.11371431016617278
0.37590429741895715,0.10883045353236988
0.3793250410184691,0.10870777181033837
0.4002564392374348,0.11038562261034432
0.39760469547755084,0.11104516568479524
0.4265353046104836,0.12074017423191799
0.447763206737499,0.11666897529539923
0.4259045052518669,0.1198016024239628
0.47158076383511527,0.12166350498801966
0.4501242042348752,0.12382580947901306
0.4500513830526879,0.12309419489416813
0.4743418062232302,0.12315891583401122
0.41144981769356354,0.1160882372705116
0.42221400695466554,0.11740538014291947
0.4267488244712718,0.11717407441758657
0.29646753381204416,0.0987955459379933
0.28871443222529286,0.0975921295766447
0.29604307730441703,0.09638149288217665
0.2674162621740913,0.09841847932342324
0.2632139541309372,0.09471200604585475
0.2945628191288673,0.09802348935532934
0.26767233132765567,0.09598722329200982
0.24498296562127275,0.09085139934270291
0.301791067965892,0.09969452213018216
0.30529342688667693,0.09890780875315913
0.3055454483211833,0.10390297992543025
0.3331216097421286,0.0990831597461099
0.26891875174344415,0.09549548707328387
0.26891875174344415,0.09549548707328387
0.3015389758400283,0.0997624825219169
0.3088217313160933,0.09995754529476115
0.30240387806332725,0.09905820618592398
0.30075399665601016,0.10097906600520727
0.32215348503025176,0.10309104754029659
0.29502207235874844,0.09816548731388923
0.2804834918860225,0.0980677054424589
0.3028879594731759,0.09936708048938375
0.30521069410112855,0.10351246121631621
0.32771437505106255,0.10294292692677236
0.3394902968728065,0.10497632146102598
0.35881393835908987,0.109699277386225
0.35881393835908987,0.109699277386225
0.3434833750166657,0.10762287045479693
0.32563152683228014,0.10155692216173351
0.36142484645692563,0.10858050786659712
0.3429850918057227,0.10702470206171982
0.3687194286419417,0.1071595219557007
0.3756761324945239,0.10702154660385589
0.3504308283036535,0.10806139497785001
0.3360568987425193,0.10362651936584533
0.30435621868568474,0.09875756471459485
0.31426405585584644,0.09697270360413603
0.31844496854607623,0.10498312197588745
0.27542052324707145,0.09724871480835302
0.3255382157727498,0.10359631953202808
0.3515236329909526,0.10333930698858142
0.35341890267714415,0.10654522732396399
0.35341890267714415,0.10654522732396399
0.3493490321135164,0.10739999895079916
0.3322080787019874,0.10279127977776147
0.31049559595556103,0.09968520187540807
0.2826665622622075,0.10332528792626923
0.3068549380735678,0.10180364863619154
0.32005820044307715,0.10241067477610406
0.32005820044307715,0.10241067477610406
0.29075549971844605,0.09849120656913846
0.28800040236116065,0.09968459555870757
0.3174656873186307,0.1006150974159062
0.33781542828268674,0.10285522711727349
0.34840535234541536,0.10935334392469043
0.38981610485314,0.10689107252624394
0.25281847353861575,0.09481395060438068
0.26058792373088835,0.09212938166655538
0.26096240688086775,0.09380065578529036
0.2515743653682563,0.08941946235329847
0.24457494865298382,0.09059385578579268
0.25987690120717977,0.09167249693716356
0.2498635228958157,0.09186579803370444
0.2330986265532358,0.08901704101864794
0.23690605574647075,0.09133448104517863
0.26569485875233845,0.09294025165327745
0.2594647686749242,0.09410783660579147
0.265503283924603,0.09288744488930292
0.28717342880203744,0.09741289637567487
0.3767738504678342,0.10983735522184573
0.36175573921560367,0.1052860467747129
0.3089704683592172,0.10113245775304176
0.3261269430355531,0.09897422928238032
0.28413370540741706,0.09507870966071354
0.259746104260704,0.09484955819690688
0.27548096012416506,0.09629688156740171
0.2986585362765302,0.10339074990644284
0.2841344703127695,0.09680167163305659
0.29362140828006766,0.09704058532226996
0.29639008833858316,0.10020422109434216
0.3658777026991446,0.10676777823429524
0.31417430372207494,0.1044398475952991
0.34789460517588455,0.10421876854939566
0.35244826813556235,0.10739923189793518
0.30638572822790056,0.10022232534463232
0.3692906073002499,0.10867857275554046
0.37082454345477617,0.11153076783419734
0.3635731010718746,0.1119881164541383
0.2504511352577276,0.09064083684953764
0.2739552741888024,0.09663328480768694
0.32993589808490437,0.10527115413443412
0.3196517604199653,0.10589869185977123
0.2640247620456577,0.09588316503110587
0.27364373689649346,0.09689191776068778
0.29462419585750116,0.09574990372385983
0.3189874492507188,0.1050759929418553
0.2942036108154324,0.09947669177198513
0.2398924018467648,0.0921862831532645
0.25038897275569283,0.09115399856931627
0.2582820729546309,0.0913880033111012
0.2509036944464213,0.0934686302333622
0.2733909590911107,0.09416647471290306
0.3448950945381879,0.1070091829284932
0.34440814502234224,0.10405638977921007
0.2888804772542878,0.09973365891330233
0.28673159756210703,0.10011820799718833
0.3510725050349546,0.1070217937033415
0.3408620923474939,0.10316806577692396
0.30338977184343907,0.10237237565498686
0.3090572353646159,0.09988875224946137
0.31080612760524484,0.10044635791906811
0.3142352145855042,0.09844306711341128
0.2701975670579246,0.09637045778766912
0.2969133126179295,0.09791516461770161
0.31981332231460585,0.10195392995557466
0.3379101643712101,0.1037512041880939
0.31910854522349075,0.10204114071307421
0.2931494740132965,0.1000197011838167
0.2987019431551425,0.09954566907506937
0.27391351561153043,0.09629518032135267
0.2697375134770624,0.09594523128900931
0.26527958608570196,0.09669100927914516
0.26719598823728274,0.09699391894152992
0.2851107923914455,0.0953056258466042
0.2851107923914455,0.0953056258466042
0.252835742764255,0.0940587522495882
0.24221511981319999,0.09020425739588256
0.31133759956830986,0.10124950741133207
0.3096123543925029,0.09994877144671774
0.34723907952289174,0.10713861396040587
0.3437233408826814,0.10732709788004675
0.3682564148204396,0.1061920394637324
0.31628209750302694,0.102519934902879
0.3865167128807761,0.11204785782206865
0.29015405457258203,0.09931992235777005
0.30462848157706557,0.10230213777958655
0.25061662323415534,0.08987748339627481
0.34596629482007735,0.10084112298380098
0.29845239372977106,0.1005577226726423
0.27187474612824347,0.09617495086633725
0.25917226945476124,0.0916260591061347
0.2709983926620562,0.09550792100904584
0.2993691394889377,0.09917150194439826
0.30098818379339726,0.10039835688600164
0.33811400539129643,0.10436149237436024
0.284479406173193,0.09726983604529263
0.32770281802940493,0.10196868718582724
0.3176466799908727,0.10137786512159976
0.30615635217363496,0.100134238611798
0.3148614884105049,0.09774346303970105
0.30882315342916244,0.09862851338639471
0.31217544678588227,0.10169398904376084
0.2897674127987806,0.09975369046156052
0.2894584992457295,0.09640904309584397
0.3759366594333902,0.11079479251585718
0.37306860975803724,0.11071424022001701
0.35533604510742445,0.10840506035127287
0.3676032773760341,0.10508734328243043
0.2797357714363052,0.09714235756600995
0.3175255164103182,0.10354872547967987
0.3535415946794356,0.10818665405014094
0.38250830995650104,0.10897769347797827
0.38696881672626,0.11053056104751248
0.3836925622674781,0.1104161275612255
0.32515483799561273,0.10472586294312794
0.3148224104590053,0.10116157883402105
0.2824689067222256,0.09877620711657813
0.36032456708140465,0.10478521947792319
0.3275485809285603,0.10690221224298793
0.36457134665256885,0.10729846808991832
0.3336196707860281,0.10589674616327503
0.32650198706024564,0.10218926681269656
0.3110485291215367,0.1013718409106904
0.3009705629901511,0.09918167943335231
0.2965110477522346,0.09685263866491955
0.33968573268719426,0.10499633717388587
0.2963387146770216,0.0978916282070111
0.30301431062080775,0.0974815274960785
0.2651474175131432,0.09400482724000923
0.26532239770741944,0.09621850883873237
0.37505340201640186,0.111580232082078
0.34694748384190255,0.10594746633030172
0.34985128224841283,0.10445362202287158
0.3455702124816591,0.10497150707231036
0.270768150952598,0.09497424909643823
0.29543163638726555,0.09925701427867004
0.28086945912561034,0.09694055418965834
0.28086945912561034,0.09694055418965834
0.290100005136598,0.09639788924620947
0.28755828482020396,0.0965469300881842
0.28497490517647245,0.09621664870215164
0.3561937817655887,0.10781654856502976
0.3762961332437451,0.11040878306865766
0.3621407373893802,0.11148634315802715
0.313077882961457,0.0979561485146516
0.35388095000789,0.11278664140430619
0.36210375507010517,0.1111725911175473
0.3477689052177831,0.10047167299065825
0.3441127753823712,0.10976438200677356
0.3616703065816448,0.10902625371796591
0.35335799580160376,0.10702942381532154
0.36007297989979364,0.10502031911574201
0.3715023291574197,0.10409536752708291
0.3411869592859594,0.1068946699470633
0.28151655270426046,0.098073937304515
0.27285465755074356,0.09423461627382283
0.2521875691089299,0.09195325423201728
0.23953573587885912,0.09083104087263479
0.23564751829593145,0.09139854353884193
0.25734017997989667,0.0912440786369588
0.23848961862755735,0.08945145193838085
0.2251091459173188,0.08784568788021323
0.22896205092803282,0.089398704236992
0.34300279940768097,0.10808191323715437
0.34038588854574087,0.1083817150590818
0.28832866069783136,0.09929827791410831
0.30494151756621374,0.10116275075551957
0.3073213706988706,0.10159694874837229
0.2661165857401292,0.09574254229760464
0.2661165857401292,0.09574254229760464
0.27388569491417347,0.09408180075895513
0.3369920312469467,0.10355759468712797
0.30653088487088676,0.10107920003390608
0.2845154995045658,0.09443237535557773
0.4870875174531769,0.12442937739363386
0.4870875174531769,0.12442937739363386
0.48462544773755994,0.12117339017342989
0.2732875762952544,0.09241353640997953
0.2975301687168088,0.10137236869778535
0.2975301687168088,0.10137236869778535
0.296688792422608,0.10113208748668684
0.3024480415710797,0.09747353235910328
0.2656813613975637,0.09545849502589998
0.2737156657861611,0.09309171189283547
0.27134570987097184,0.09642705039838355
0.3077587400465134,0.10031718625330732
0.32726520739362913,0.10304683730150321
0.2908839655589467,0.09702425110529705
0.2898070950804392,0.09876413956067685
0.27407111863677636,0.09289801216543042
0.3582093177940583,0.10471336958558353
0.34576702803915654,0.10775512751087724
0.3454504448624539,0.10405286991439056
0.33552415602200364,0.10270989328334341
0.32598059591995643,0.10464088776033259
0.2865704163626314,0.09524312652845611
0.2970346238964834,0.09807054772466042
0.31805322190715446,0.09944170880262866
0.32315207118484923,0.09950351717289589
0.3177445555104653,0.10004806998762411
0.32209218787389277,0.10391643320614354
0.3668930061224477,0.1096915660342632
0.36787584494703696,0.10947750607442572
0.2965660545380799,0.09835988415762856
0.3032354382578242,0.0998748201185173
0.2729914671347222,0.09424473988483961
0.2740459669299865,0.09366229424966334
0.3998144046908362,0.1115222592362029
0.3499152081377842,0.10945242132817702
0.34044002349765545,0.10267361447813474
0.27735975141106806,0.09416706831768135
0.3081191256775283,0.09872048360326607
0.301750074191773,0.09779985194524289
0.29789247935569557,0.09826566446221742
0.24863297994590183,0.09129099506969933
0.23553445518238486,0.09230906104131698
0.3117152146607016,0.10335201911370884
0.31648344991175825,0.10259619249080908
0.3243800020358627,0.10311417449838337
0.2766071496757554,0.09491263148541325
0.27283232639847055,0.09582717383442531
0.2733824527857462,0.09564403798866151
0.28953213901314506,0.09763064375406717
0.30737684148929034,0.10336686317930602
0.3836269532630386,0.11182266557822479
0.35205425553781894,0.10661603440227994
0.34489355562582563,0.10715123181871286
0.3670674625172063,0.10821514223271328
0.353585875565285,0.10970137052424679
0.2944879784405126,0.09536988006848592
0.288014066390856,0.10044366831695369
0.27854898824826924,0.09478915189718388
0.28021736010998555,0.09468960964155579
0.3152492283779004,0.10180244737024839
0.3042269571743968,0.0994538926001984
0.2727227512030717,0.09631351035252923
0.3200870595543192,0.10173429330000272
0.36015017440032115,0.10712654580065788
0.3513670390082796,0.11063361590623116
0.3394082408056267,0.10399600385456811
0.300852654382367,0.09878401766857488
0.3324927150966287,0.10523051701603675
0.32454160559401457,0.10256312713037188
0.32454160559401457,0.10256312713037188
0.2398016073789498,0.09342077847430881
0.23915775989153987,0.08913922732100392
0.2353753515186706,0.08922741957637734
0.2829629515800834,0.09715198857746729
0.3299270004321956,0.10345774307410013
0.3836423654477293,0.10780683947289178
0.3624752730320482,0.10970672595312378
0.3522167767248186,0.10928789507937255
0.390733740912102,0.11024451162798359
0.32583965196715226,0.10297092551563024
0.3154666453289502,0.10307123603565203
0.24993590749945802,0.09055628473252145
0.25853183491360276,0.09174838082938519
0.2592832435515924,0.09302271556081602
0.2651063353555931,0.09395828239198246
0.2691531216215135,0.09313312497103947
0.26513604080601333,0.09398108165452539
0.31586452834190554,0.1005753850694864
0.3341944506463302,0.10293449900975797
0.33053940875991267,0.10395203457418445
0.2768266811484864,0.0923238279733567
0.23702844500329212,0.0932669151765342
0.29619399103266736,0.09474308097570895
0.3355427069640017,0.09885346882859022
0.3382408785127702,0.10720152549968132
0.29544153157394615,0.09814991093982706
0.330824240998417,0.10322803646138591
0.319051958578826,0.103585298938709
0.3607744095303735,0.10525677948625979
0.35450615890055576,0.10424557852573126
0.3566419894763929,0.10854350045677957
0.36313817249777824,0.1086096844235419
0.33096220762701783,0.10259068585556305
0.3230562998214634,0.10193123209999243
0.3187669971057622,0.10041461315138085
0.3156334760543502,0.10110488050318957
0.27871962762716956,0.09745380877363553
0.3044645239908317,0.1006160496865449
0.33436537186632753,0.10301106728448566
0.32397487601135844,0.10124852784038585
0.35963685197342676,0.10715234505352533
0.29633660284484237,0.09811190790425312
0.2946712990981567,0.09776469054857459
0.3542803572644505,0.10754478290033839
0.3079964984106497,0.10074731409631488
0.25410462988262517,0.0951140097390867
0.23375755642468424,0.08868808942832845
0.2229493962830702,0.08763054498579279
0.21502754711445093,0.08632864601001686
0.2167385778922431,0.08575980382014753
0.21805955982057829,0.08985430270923847
0.233211929700352,0.08722931137185605
0.24642764116704746,0.0905251226420026
0.24014770774566033,0.08974552500509045
0.23886711783022832,0.09147366088778539
0.26589079533547444,0.0928625817356085
0.35135618460180534,0.10688536101599763
0.23926598711213296,0.09063939661407952
0.27551821340361937,0.09505539174634955
0.27551821340361937,0.09505539174634955
0.2778518515041504,0.09409555301989937
0.28372774097026937,0.09391765332983751
0.28372774097026937,0.09391765332983751
0.2992651293209089,0.10483061270523442
0.29631178770449035,0.10174829312609929
0.3173091343033234,0.09750541584195443
0.3112388816470618,0.09939255662027545
0.29003579579492,0.09733923256341999
0.2527162745016025,0.09321707150205441
0.25497828129307915,0.09295916065431074
0.3462623007856659,0.10642358644700298
0.3400745926213024,0.10717228881475734
0.30822521233503936,0.09709884519027735
0.30535532272556565,0.09848397850166721
0.2913246423874126,0.09752806271050934
0.32090183240646314,0.10280140262321323
0.3177174921283306,0.1033417317093314
0.27637150999039506,0.09695844857732437
0.3598051181163714,0.10676175681087781
0.2865435608761247,0.09636724850891372
0.28129103575365877,0.09501500697886493
0.2871165264641667,0.09774873098160407
0.3029710635388288,0.09989569210158224
0.3059768362862534,0.10018753260175411
0.2941481680282653,0.10244237515443182
0.2698841566199507,0.09105758909351146
0.257551391710343,0.09057738644818007
0.25688995016759003,0.09124618716386192
0.25765823194206394,0.09435956879125167
0.26890476078794917,0.09339155831899769
0.29498484827594407,0.09576309373410465
0.2948205803426587,0.09593981569406072
0.27119734595632866,0.09685872203305458
0.26498952666875714,0.09479664077307115
0.2646591402075587,0.09537331423950005
0.2581122430438977,0.09333178301644562
0.2691434971659808,0.09448297272294663
0.2951861451029097,0.09712826260833538
0.36082888548657366,0.10619949915410501
0.3578325435148273,0.10558530731730773
0.37877322340359043,0.11098201504326924
0.39978463279083654,0.11490010457565
0.32787594192461056,0.10335928558888134
0.29623046000664727,0.09659716545776191
0.2919772306239762,0.09677201191201659
0.29952909172059866,0.09809564813858264
0.36002098230454976,0.10777636008294557
0.33016418185705426,0.10422271790743828
0.33016418185705426,0.10422271790743828
0.32633088698841156,0.10340941672472488
0.31967068236199364,0.10512808190416491
0.2782351724031955,0.09919992075379688
0.30306038169435684,0.09559373274174646
0.2926127809695383,0.09734750903934693
0.28479766973273707,0.0948692796930531
0.3036284248205544,0.09967419650090627
0.33097542186652346,0.10451793866557683
0.29291091606510034,0.09785275139563061
0.38578365625803923,0.11073394146754548
0.3521092471702689,0.10701292059992404
0.3598515647173988,0.10476028245913083
0.33121876384596666,0.1048304227427511
0.3172765716593686,0.10315277873045274
0.3080375658050297,0.10446125040795126
0.3138935221490893,0.10583746233331656
0.3289112038697565,0.09940045113341715
0.3226122441887091,0.10078307525992712
0.30003066685242363,0.09890246277080283
0.2750713995341997,0.09618350201256891
0.3146581699928298,0.10074717596625431
0.34314401893786356,0.10565356863724237
0.30420043650796824,0.09784549528452555
0.2979604609241806,0.10322415236954896
0.31937756230533965,0.10275274384819523
0.3234193504971723,0.10329373409626169
0.34239587947118816,0.10481212427931413
0.3139358922233702,0.10077395740800248
0.37711620909239874,0.1097817583749028
0.24563134869048525,0.09022622368129941
0.2954149940455964,0.09814310317186443
0.28457773161763317,0.09913608013628093
0.30668020617404296,0.10075056244047005
0.2962785630658377,0.09914413702646123
0.2985333081684792,0.09647475960851992
0.2958743267611198,0.09962404745887544
0.26228565427555756,0.09138459775252185
0.26131627823452086,0.09261700833084038
0.2622760098041347,0.09226531970181961
0.25984635138875134,0.09254981464041714
0.2712537327201514,0.09273745585290392
0.2865104521478016,0.09773268203695712
0.3589326264851752,0.10855956872816089
0.3269999206799936,0.10413336917200686
0.3332841178657451,0.10431691490677544
0.32106394848981684,0.10118822437481391
0.2908089158745017,0.10009181591012592
0.2917769432688637,0.0993585139126782
0.31741819082994494,0.10139626623368897
0.30062685181914134,0.1013925646359507
0.336619266787932,0.10664114749433912
0.3313523858342642,0.10419031298307799
0.3362984930591906,0.10361581817264609
0.3473393357938548,0.1071161454358864
0.3682131775390941,0.1096947037522375
0.2969546587775725,0.1006482049845235
0.29818779653815175,0.09858071881365703
0.3613782811447863,0.10612983925225372
0.3613782811447863,0.10612983925225372
0.3598274293037562,0.10752936289465595
0.3598274293037562,0.10752936289465595
0.2937239044417231,0.09916082565328115
0.2848696919454292,0.09466811732830108
0.3365187076191866,0.10606511568031535
0.2932903638083338,0.09601723362370622
0.29851468044505747,0.09660170620265551
0.258355227551762,0.0917554079505784
0.2573287175739675,0.09114094639433602
0.32818694098784307,0.1015104298260065
0.3230485338594268,0.10617257709861598
0.22833304584135455,0.09096752579145088
0.2330145414757882,0.09166291215832989
0.26443364164983296,0.09325845812088338
0.2600982662100543,0.09276023588378676
0.2869240898707901,0.09658621706471354
0.2884503205109146,0.09558966027550707
0.2914624862612138,0.0948025900493941
0.2755081492806022,0.09582549738724559
0.2657635466119358,0.09479862180066269
0.3547446080705707,0.10796453576269538
0.3873848261367585,0.11153344161187488
0.38815185980169475,0.11024396264581154
0.406942490760719,0.11128915346202858
0.344309073201035,0.10972265510668168
0.3564192770056584,0.10621505122816988
0.25627763541157433,0.0904783791237557
0.31863143497318136,0.09973208480592141
0.2950729047330317,0.09907123976317035
0.27077544321451685,0.09688738374812576
0.3216568486080888,0.10309687762550153
0.3050097233536982,0.10045050921939656
0.31232103898361535,0.09849064728447986
0.3182660069610804,0.09813292750984884
0.3225803248463173,0.09879521319252285
0.24329302438653716,0.09322359292587944
0.2898669170784057,0.0965268306083582
0.3206200601994982,0.10340564690052742
0.32124725728995684,0.10381923921648258
0.32268470114251135,0.10366695697955293
0.29998569384482343,0.09633413515084788
0.31305145448942717,0.0987303186006454
0.3004588508553488,0.10300931596250355
0.2798119247126368,0.09666863110575426
0.33351541838221277,0.10469519817377021
0.25646596413307077,0.09243341576564752
0.34256175308261333,0.10396092696475857
0.28961478353090403,0.09368108923448312
0.28751308091751593,0.09833012998227393
0.2957574368386649,0.09913784372070936
0.31241104634999173,0.09603282012443702
0.2942796412589187,0.1040013452351777
0.30213652203535557,0.0965468930221089
0.26787357946024953,0.09637893750581386
0.26744383540569583,0.09805932031085128
0.2803731931372103,0.09538634169949155
0.35607989838031073,0.10738112464861768
0.34100889025016373,0.10534004510708186
0.34100889025016373,0.10534004510708186
0.30817252580589205,0.09786387014460549
0.29928373978907563,0.10172060974310962
0.29895998825950093,0.10119026420812306
0.38245282749653464,0.10967177295342626
0.3887753765284627,0.10854767995297067
0.3887753765284627,0.10854767995297067
0.3955589604962842,0.10762674666731037
0.3896258656324087,0.10906870241091791
0.23477921777632704,0.09208548773689842
0.23478975869252466,0.09001914553865625
0.23478975869252466,0.09001914553865625
0.21661672842797536,0.08815372879227425
0.2994751908704556,0.10199662189268413
0.38603915364603864,0.11043572814835594
0.33009088052491586,0.10499796103337834
0.31942463292481227,0.10216115530456196
0.34358372010741767,0.10450046733625101
0.30139631752315366,0.09534766899109082
0.301222846213558,0.09679036692953384
0.2975061051598087,0.10316382237957876
0.29552924893048166,0.1027740720815524
0.3113041954559485,0.0990212635684168
0.3463987747989442,0.1075532850980501
0.33627967004994375,0.10423281254619148
0.349097179203084,0.10621936010350942
0.34742787430323485,0.10668886574386463
0.32244045516609926,0.10304463174240908
0.2928937250568456,0.09847483748356063
0.28738488692317,0.10098368199124462
0.282204408226869,0.09975372839967475
0.28830076042167063,0.09795840923988366
0.34230318048775293,0.10369427286892156
0.34985415965590405,0.10687225920139441
0.358974717031587,0.10813745572911747
0.278434246791231,0.09746843787200256
0.2821057625087825,0.09470310036736485
0.24340549170350978,0.09250750788833194
0.2504032766333084,0.0876395224443874
0.24751847234313715,0.0930974700573908
0.31721721394063174,0.10049599268286133
0.3676101236222505,0.104556397351649
0.3577657727859218,0.10450727552163167
0.3602420849122535,0.10464517398402766
0.3841799581698945,0.11280134174255249
0.23702480538468776,0.08900436811600873
0.22991205705177908,0.09024876169133288
0.2076717987956117,0.08728005084664223
0.20937523018244267,0.08249413391991403
0.2587132821984486,0.09033791468500857
0.2558235085729459,0.09158645535752485
0.30229827714877333,0.10031261315842346
0.30229827714877333,0.10031261315842346
0.3310238916376878,0.10516395235303425
0.3442802271606986,0.10390767324702946
0.3972611358907969,0.1130544347255951
0.3510970811863761,0.10653023542332254
0.3276466120736029,0.10665695628956288
0.29037001222189485,0.0999248748011708
0.3185472162252897,0.1032677890654996
0.32665010249979215,0.10391296764124607
0.29818058885101384,0.09581235491216411
0.3729936189378842,0.1065246152117919
0.3784471748894175,0.10720429285710971
0.371087411045736,0.10531780892141683
0.3490968484054269,0.10854197472465607
0.3269083643685953,0.10102457598466438
0.3226069787100886,0.10111225406083788
0.30371082233540003,0.1019563580729525
0.31138596092957493,0.10324266416591278
0.2959458281616595,0.09932333940889326
0.3004377346673772,0.09798693511654816
0.3740547741734651,0.1070379218434652
0.37053102531223797,0.10869933318715658
0.3754449794183293,0.10881542795005635
0.3557672444196359,0.1080145871747943
0.3422439198703037,0.10517987811593371
0.33702390058852716,0.10393244500142629
0.32334689903316627,0.10351295952369052
0.31963168668490155,0.1013051422365591
0.3381235498061586,0.10412365946771322
0.34081017488342646,0.10711908202108565
0.33782751117438126,0.10867849880163928
0.3549155449634018,0.10993539708234933
0.32861427120317965,0.1032677418146634
0.3417872733511636,0.10798788330655999
0.3344390438536815,0.1083012344617412
0.3213097256090627,0.10159289768804125
0.31478005996176467,0.10176893060504423
0.2820771870836322,0.097704952187282
0.31588948403082684,0.09902026382230887
0.3236003800942314,0.09877651960637085
0.2800591663685441,0.10129049628412087
0.2881039340837518,0.10008208187692151
0.3361013318561442,0.10169217962502172
0.46564858532985753,0.11956344678829685
0.2520733661889558,0.08973247812942631
0.23102306289440627,0.08784297383540692
0.22298972037572498,0.08963327221748318
0.2894351302501167,0.09720881905879462
0.2704309728788784,0.09443130656278745
0.2866273545628999,0.09723491050838186
0.30509151951802316,0.10188162632630784
0.34792220461966167,0.10791698474532396
0.37225710613757024,0.11155112118653496
0.36715214290082765,0.10903295499589624
0.35035490301935296,0.1064929827370625
0.35119656264211924,0.10913167783662746
0.3674894636096856,0.10816719645400541
0.33031420284925495,0.10703121156803815
0.27270138186192633,0.09746142476553131
0.2753472498160158,0.09624547820491709
0.28077688658382105,0.09599238488302093
0.2790286434032585,0.09571353130229399
0.2925131086292402,0.09495362460178546
0.2851273302990738,0.09621948049627625
0.2851273302990738,0.09621948049627625
0.2851273302990738,0.09621948049627625
0.2640659075109653,0.09469836426913018
0.2803610587246763,0.09681866181123314
0.2776285359885712,0.09638536198854913
0.31008332320751886,0.10139930495464108
0.275422014440593,0.09700755053678574
0.2604181013756933,0.09212543382619176
0.26833396185309355,0.09129041622988227
0.2696283397990651,0.0925038342618275
0.2659201039160855,0.09537524322949517
0.3353658953155426,0.1070602271232577
0.27812334796755595,0.09589344162747276
0.2824144178919157,0.0960864459742512
0.29215642362455724,0.09839004742006387
0.28085945240514437,0.0966455277120191
0.29565699198956796,0.09998278509772293
0.2830408318738539,0.09624837882248234
0.3351566229315772,0.10466120512071854
0.2730781363670275,0.09472101285494937
0.36004500824828456,0.10768229396065009
0.3144774562383157,0.10123502559913629
0.2142452217671339,0.08600549596768174
0.22035098893642174,0.09055062834857222
0.23160587716537923,0.09156288420871013
0.23160587716537923,0.09156288420871013
0.23160587716537923,0.09156288420871013
0.27899881217099254,0.09514218817838827
0.28061766540963856,0.09682504654836226
0.30298292785217823,0.10127340907237355
0.32849564957139515,0.10168021670075301
0.34734205378422345,0.10890005895806965
0.349608888305893,0.10884600602681635
0.3652578531274389,0.10921550032865351
0.37074591291715026,0.1132889527107606
0.28453508833378355,0.0954481202000352
0.2659155784578308,0.09690828576263867
0.30995859851062935,0.10289272220038893
0.3093102025839114,0.10324076684015958
0.30890568828482784,0.10484708643217261
0.3147666053006203,0.09957814614010432
0.32790157555649746,0.10327407290111457
0.3442043434758778,0.10597183960919708
0.28012767935448607,0.09699706484730423
0.28012767935448607,0.09699706484730423
0.2755456390356321,0.09761260925724696
0.26948539990203285,0.09698266295100934
0.2681228154955621,0.09690932864817133
0.28801930738198767,0.09697491666588734
0.2542741439425683,0.09374156791880592
0.2600135563392466,0.09333276898304468
0.2630303410418066,0.09377525715282867
0.291751479013549,0.09501696581002118
0.3509255530297236,0.10662441056361756
0.3372379493228983,0.10661360315424984
0.3384013957291506,0.10731018186488864
0.302966938294161,0.0978601423274872
0.302966938294161,0.0978601423274872
0.30323722881942167,0.1012270583896702
0.3436273617075872,0.10470952052631123
0.3384596693216403,0.10433146563535321
0.35590170760961004,0.10555022120741965
0.36630844673458496,0.10442039505181958
0.29307839779002676,0.09825217118644147
0.29655673846356534,0.09645025141788491
0.2580185025391378,0.09328239303500696
0.2789711744739586,0.09765008769376697
0.31845782287546553,0.09841981726627737
0.31845782287546553,0.09841981726627737
0.31813827351269636,0.1034965230352337
0.3538276654019386,0.10331325625389452
0.34705465949410086,0.10496571903990748
0.3403612000134968,0.10533065875028928
0.3501746916571217,0.1069743017117774
0.37700418282543474,0.10725574662600877
0.3715077834989954,0.10897935979529941
0.3824254448296942,0.11028249988836247
0.3871313079153239,0.10811236294281931
0.3744605747419447,0.11073071704329115
0.3951014231955969,0.10751605606938242
0.3951014231955969,0.10751605606938242
0.30438814419123106,0.09491873549564081
0.30042179040372535,0.09717177510595826
0.32003109979896033,0.09888673987730734
0.3499923471162683,0.10434280104733289
0.33168833449681573,0.10448881192898163
0.274763045544391,0.09590270550888416
0.2789980984129356,0.09695864879259727
0.2963709404285417,0.09909460382083184
0.31960500250222573,0.10464398355296961
0.31778695833120985,0.10056605972990952
0.33576860881429826,0.10402805031437028
0.29153839086183403,0.09767705316496726
0.3346564101929989,0.10300768927869383
0.2716223089613695,0.0933428044941219
0.27562251473627664,0.09532702054618056
0.28462283741090544,0.09710875687192869
0.37516230614885393,0.1105135631792274
0.29651477195870624,0.09966503839844046
0.3492260585659007,0.10592702732725985
0.35165246065907096,0.10424327327843962
0.2499586490746405,0.09021128490376878
0.2693856677211185,0.09050155928845736
0.26733045877403544,0.0989029158058727
0.34530785012207793,0.11085107370315794
0.35302152801625875,0.10218163487199607
0.34682968449178575,0.10361357745243727
0.35753620786429635,0.10274495158724904
0.28501201307369994,0.09693950884095708
0.2673422613159806,0.09515686253377444
0.26109623459987086,0.09655806734802717
0.2686735563910184,0.0967549681160437
0.35903526806213404,0.11256050688695206
0.3563248903057802,0.10499822554455676
0.3221879924348713,0.10629140709827217
0.32871255558017576,0.10725145316482858
0.33538668642857494,0.10575803634342433
0.3674042630985458,0.10942172880206216
0.3155223616210652,0.10404140501446382
0.23079670670377733,0.09036795254267495
0.23492790132618488,0.08840359996134078
0.2444568599491193,0.08989100952363516
0.2473811834341923,0.09070190550493014
0.24862825770740388,0.090917664331759
0.23992952792065214,0.09109829499751884
0.29225050211342624,0.09859604953614474
0.33094000466794743,0.10305320083842141
0.39936690953591786,0.11579881068913335
0.36355042866087617,0.10667107605478679
0.3611398647730555,0.10935605835574423
0.2762145672456557,0.09728041642848591
0.3373503175457295,0.10218189959782333
0.3201420265621333,0.10574540006075786
0.3215935178912892,0.10532982194135415
0.2719816512384694,0.09255793684945118
0.2455954450600864,0.09244037432868919
0.29008451789465595,0.0967513302222341
0.26582686127867994,0.09168356471205123
0.2743542389611594,0.0971510684197159
0.31459145637408503,0.1027458416774232
0.31151555307444523,0.10163234285459671
0.3277146405268703,0.10018363146967384
0.29607879953319066,0.09985736502979813
0.34066981378378947,0.10282636799609182
0.3519562189762677,0.10779039500527328
0.3805906370457476,0.105911552180881
0.34110606481811856,0.10787761705318111
0.3019717587769595,0.10162582721268393
0.3755028714166897,0.1117408026211606
0.3366700207476246,0.10168365532758895
0.27270757200748763,0.09346260706009933
0.3132680882464319,0.09924504012676978
0.2829016625027842,0.09740340729505283
0.29954114129708664,0.0985348862943111
0.2604878860834515,0.09562239231779562
0.2599615552359878,0.09580969006055541
0.33685674577812497,0.10838870769115078
0.30879754078720134,0.10207609044044043
0.2696409966992838,0.09326284550425316
0.29682345390025366,0.10121826531345034
0.35632607530130156,0.11177843831381198
0.3582675709214932,0.11078589870468515
0.31809320246076206,0.1042155527430798
0.3674448994128787,0.11176464158067229
0.3486519246508328,0.1064569734361351
0.330722260407118,0.10391955841440985
0.36752561831606767,0.11426941429852569
0.3830864807605538,0.11291299426152884
0.27351072411976407,0.09884350234790835
0.25052156829123085,0.09280907878006095
0.2720879407339209,0.09398251573932782
0.28362372937367186,0.09729590709923017
0.2948368857568264,0.09814638623543717
0.3254896932725271,0.10054951373443392
0.25707893904283574,0.09470335464687277
0.30649782378781126,0.10263790527443785
0.3057635357420815,0.10041286206444522
0.3057635357420815,0.10041286206444522
0.30838623793688813,0.10205968403250584
0.28417823116188146,0.09763515787642295
0.2886941343852525,0.09856408798111482
0.31655435084054834,0.1031149502043373
0.28650305519643504,0.09680474603051226
0.36532703134642885,0.10887902945613248
0.31453347569013135,0.10052160046457444
0.3354687621629697,0.10665204662061656
0.32865425599915954,0.10160637384071765
0.26296448390932375,0.09479407452959411
0.26117994658455335,0.09618280933201406
0.22785457619816277,0.0886219208184113
0.22416318550405112,0.08920596555590447
0.2185435243740762,0.08692424909231417
0.22015109389916243,0.08868806004410953
0.21863334616144978,0.08772147546776518
0.24446599514529485,0.09090376364709041
0.2523416493966208,0.09255724831701338
0.24772745524715883,0.0916414521988248
0.26145126504004057,0.09315018954269404
0.252702782293409,0.09285790847300261
0.2608091254198985,0.09290062055485156
0.25849314723725875,0.09413571740773631
0.26113253850352913,0.09169347216895064
0.3415668691705578,0.10589824685915844
0.33007015442217746,0.10191478073278075
0.3097495509087568,0.10194886401423023
0.33156170430393456,0.10226352755503015
0.3674952009523781,0.10931400774400292
0.3358299181647475,0.1044289804347227
0.36283260054115696,0.10714406323731154
0.35298116852551,0.10598271462051086
0.3537421688922948,0.10546644498697541
0.3786386389829458,0.10859506746769397
0.41230906902105785,0.1161913001574994
0.41479538937728616,0.11657230342261644
0.36920765328615185,0.11009822535593833
0.39104487904393215,0.11046118855535884
0.3785002010489339,0.11297608812238412
0.363430309448155,0.10384218684571092
0.2759135224861834,0.09531725036804625
0.28303603553676043,0.09618411190656653
0.27041797745999496,0.09710472640287682
0.24356809691755382,0.0887638869918602
0.25071849096514676,0.08969602301469115
0.22791282705042634,0.08973273159048553
0.23043049747663208,0.08924817118581878
0.22766727125977249,0.08972634320922887
0.33791982325149417,0.10324935695718705
0.33791982325149417,0.10324935695718705
0.316352103680557,0.10439854501694211
0.3024214585516845,0.09735875256644508
0.2334136619412531,0.09264472322588282
0.2455534697479329,0.08931778418798766
0.2366771435900582,0.09265443437799038
0.2092047190532224,0.08548788955954316
0.2205411659131617,0.08673551386340472
0.23783400465572807,0.090403790334922
0.2328574956566945,0.09096652034696487
0.34933148312115314,0.10886967196382231
0.3929923778697012,0.10906292019967737
0.3844492386898417,0.1094864979336149
0.3348285689000935,0.10584716597037826
0.3628273002149559,0.10664700046706929
0.3628273002149559,0.10664700046706929
0.2559273187425366,0.09213311058008106
0.2942650325210292,0.09704019193434449
0.35752927738175955,0.11020921440131591
0.29311402072683285,0.09993622717170493
0.3037944698592086,0.09998116202968768
0.3499626805930541,0.1073926883422922
0.25818566145688415,0.09270952333094223
0.26686939981592606,0.09577142475351595
0.307405823721533,0.1004404962721358
0.3032362029409026,0.0983939725980292
0.2995443703254115,0.09974476392331658
0.3158813924304265,0.10284261672599823
0.278284130711419,0.09839341391244028
0.29709883295326434,0.0969540492773529
0.3011835045275295,0.09940887067383819
0.30472517309068875,0.10049869427856489
0.26766245300670044,0.09484971484578798
0.2647522944404415,0.09512176086162562
0.25151517590262207,0.09078470047457324
0.2622849529914697,0.09072714486959968
0.2714299587936632,0.09671362816402987
0.2736407175175506,0.09693301204390964
0.30007907923546306,0.09779042044206307
0.36802094366592425,0.10966027028565854
0.41459042157144127,0.11714992798493366
0.44017769250005184,0.11552727113129559
0.44348820149333684,0.1161545237964023
0.4372535222612213,0.11649083343830671
0.40786405729117103,0.11401480522457436
0.2952762255466599,0.09771443105590481
0.275192856538217,0.09614605232377808
0.26069627711516336,0.09734885781036227
0.2623116083812612,0.09471796744022487
0.25581789356524315,0.09229791960527749
0.24492176152447456,0.09577221532264471
0.2708147328616881,0.09430783264073989
0.2992700677121697,0.0941786677912407
0.2896022848848848,0.10124029684984268
0.2896022848848848,0.10124029684984268
0.3508366333816819,0.1021330811057162
0.33980560801688503,0.10068434479454377
0.25432728874912464,0.09032202560205471
0.2248313116252047,0.09003655015830204
0.23208564472454127,0.08744075413380048
0.2109590097706785,0.08841764407548632
0.21530563868264344,0.08510784941183458
0.27347357921796145,0.09633464327435429
0.3361012258343118,0.10657641288023495
0.35533826045155986,0.10393570178587443
0.38287190002644583,0.11099227066582161
0.3391495309326424,0.10308092105032172
0.462960407725745,0.11863674761658553
0.38819595098283666,0.11473935900258228
0.33568086705136385,0.1038375193462334
0.30521644322564695,0.10042014364536506
0.29813265883059265,0.10116455293230699
0.29573068469948033,0.09829015340363574
0.3509810934500118,0.10663867516097397
0.347434714276477,0.10694832642676391
0.34505416229112795,0.10511979606591954
0.34505416229112795,0.10511979606591954
0.3369385163764921,0.10750624000587394
0.3346881122560298,0.1073995750215473
0.2590988302761079,0.09594015215159724
0.3180967923523908,0.10438985140362592
0.3730622995324101,0.11196486464999819
0.36934622950279805,0.11218557919781566
0.38674656216694503,0.1107309549303507
0.3718784733455912,0.10975124860697742
0.3816528194045065,0.11029914235755851
0.39376376100720034,0.11580460987888423
0.3824794689000048,0.10641393014071127
0.34310521295616714,0.11183914496860335
0.35287857806046335,0.10884966114055793
0.344446282316946,0.10709997914121835
0.3104478315916182,0.09790266732228944
0.3057462140775854,0.0986445766545625
0.32572482739608843,0.1030353978809801
0.27838140012030566,0.09465000921597239
0.3056225283631946,0.10175328434034635
0.2966822098471645,0.09712213292595094
0.3370232206398271,0.10563559523148892
0.3947487459060187,0.11024334948880722
0.3090928631756804,0.0991283058499639
0.3309025369938102,0.10185419576280116
0.2894999845068286,0.0993193430020545
0.29975271791001823,0.09979594270592598
0.3334699375414355,0.10413541142838312
0.3241065518883022,0.10268806496869215
0.31244944525491836,0.09875849567351593
0.2974071594142248,0.10258873500024064
0.2860780380003932,0.09403151386445746
0.2501484119188484,0.09160260102477515
0.24180302466801862,0.09135912819155444
0.2328300594186032,0.09295840175589917
0.2605600310404412,0.09320346026468221
0.2707306420934063,0.09538068818399463
0.2829935091742779,0.09461650912105572
0.33341673110113706,0.10155709455151975
0.3233284917638683,0.10215123839256542
0.34101187885852924,0.10244405949668814
0.3247911190509278,0.10393531283785665
0.32332756642589044,0.10289892857708202
0.3213174572002215,0.10229516171171484
0.3300376896379891,0.10494473378752565
0.43759443178935625,0.11564292590424263
0.4190788035366843,0.11557097628653788
0.31172975554376914,0.10228583586018918
0.3198684301415552,0.10158035947207573
0.3678408144260311,0.10929808144339095
0.3606698959206743,0.10967121551369573
0.29478529760030336,0.09488155703332767
0.2512503948544925,0.09437848473857642
0.26091302510978875,0.09320216530123321
0.27244553158612606,0.09277567256417651
0.27471161742794314,0.0936169762444426
0.3853063686098595,0.11492836860755383
0.28707278328700603,0.09942838789975943
0.2783149317293252,0.09333089037033773
0.27135270870904465,0.09356171492105406
0.3944136799983044,0.11663581615625102
0.3914712024400726,0.11907783824967419
0.39301099421633634,0.1172202879066456
0.39274583482267345,0.114711028006557
0.39742744197408675,0.11417076726714769
0.39299767387900875,0.11237787246655587
0.3956858476545927,0.11388542331049353
0.37596969403334973,0.10757298128953187
0.3851824311919871,0.1131756513890924
0.38295430926549306,0.1138924784666928
0.2556961013269745,0.0946840274552699
0.2616642856481418,0.0922487463222793
0.2616642856481418,0.0922487463222793
0.25129115377857125,0.09113192067518597
0.25103317259931524,0.09046067568511976
0.31824998335070503,0.09980752447663306
0.24256194754774857,0.09311614382893729
0.24629098846196312,0.09360905093975258
0.30575418237586194,0.10278868221622797
0.31078920174668756,0.09740785169263262
0.3081186711491398,0.09449059545854858
0.29618432474397344,0.0965326705239843
0.2910664553545808,0.09657079452913327
0.28833375462091293,0.10275340615211799
0.30847047230505886,0.10398178366499602
0.31279404882560913,0.10383653398224166
0.3090408811396073,0.10217549654128705
0.3154344065105993,0.10116435646823121
0.2872002362299928,0.09857622700805396
0.3401348341756809,0.10463149570609007
0.23256323245540933,0.08954357329416808
0.24999795774137107,0.09091024968956607
0.2268700046446691,0.08757793128538942
0.2348241275145736,0.08888001105450087
0.24368480893762828,0.09110261962287887
0.24297387366714093,0.09053235148734912
0.2687988347600635,0.09517316017903885
0.2643300972293857,0.09439609300900824
0.2775556174595625,0.09400057513671628
0.30318874843946103,0.101169009643548
0.3062486721289257,0.10283759120647429
0.31033335706355847,0.1016198402793189
0.3706994595507318,0.10780286233374273
0.3546941446955279,0.1075226009598252
0.3599984213950571,0.10842168998666143
0.354730848079827,0.10680576037841394
0.3035388485080161,0.10103296328328518
0.3088882326073859,0.10082729198643085
0.3088882326073859,0.10082729198643085
0.3088882326073859,0.10082729198643085
0.3050293402278878,0.09899574688336013
0.3033097072710833,0.099445829512674
0.2653325527119181,0.09364020713499431
0.25809053124221903,0.0955624106010894
0.25282507607047555,0.09510393660870839
0.25510558436315633,0.09257553281631606
0.23366095674576984,0.08823965353258204
0.23712753403842596,0.09039664760831274
0.23764348683457828,0.08987284844131008
0.23099443658053287,0.0908818573759827
0.23347768270134756,0.08999910083946895
0.23340419423296851,0.0893308278382525
0.28250518475507286,0.09813334969486556
0.337151243881614,0.10624124066536428
0.33670557536222795,0.10638172073649739
0.32698093933641315,0.10141079351889926
0.3257872329194871,0.10154161228220472
0.31961662894868914,0.10537294629207063
0.34141354319361855,0.10891923060253292
0.33426246432288503,0.10741503442607343
0.348016740745142,0.10683933197642165
0.38525233949433674,0.11085544092241834
0.3449943906530459,0.10750483132664847
0.34090630388670884,0.10474989751194487
0.267093060881896,0.09362100162804078
0.28616750528222656,0.09588487914641061
0.24756467610065663,0.09343254757976498
0.251519962964925,0.08986488901859034
0.2458471389402292,0.09257515274529504
0.31765912422841314,0.09837934393875179
0.2955536242187927,0.10018995613642993
0.36109729306398464,0.10607586422349613
0.4221039268530144,0.116318517065347
0.3716473396289314,0.11123542011736402
0.34025761364087576,0.1031397604151492
0.3479599408557779,0.10748482109020153
0.2941873396495804,0.10077430673581302
0.33618683166917446,0.10817137103240955
0.3456259848620522,0.10877164758655308
0.3638375142311899,0.10877747606697218
0.3514815825527057,0.10565453628083966
0.29317181116429675,0.0969685135838821
0.31082416085371223,0.0995358597737448
0.26770593100915685,0.09593154799496703
0.26770593100915685,0.09593154799496703
0.26770593100915685,0.09593154799496703
0.26738163258533176,0.09567476371262987
0.2650103510628091,0.09592738327294678
0.2650103510628091,0.09592738327294678
0.29160493696230594,0.09749090626792693
0.29160493696230594,0.09749090626792693
0.32146948738602055,0.10105370013509712
0.36103994161859276,0.1064034538107112
0.2779397954090525,0.09191384716995539
0.252934477599592,0.09562578526766838
0.35975587830530603,0.10922966246292592
0.3466570881504931,0.10798300566863066
0.3553983288111493,0.106369509282787
0.35853841399841496,0.10799162954392688
0.36434836534880605,0.11119190560783805
0.35520161840363507,0.10475825595426172
0.30022081795940736,0.10172419246648423
0.23358219398741253,0.09056446855573913
0.24019626239479358,0.08961322753115313
0.2410255212192673,0.08927002280880296
0.276934407708739,0.09775379072913497
0.31923449565229833,0.09852050331670262
0.4069480428585917,0.11805529959337667
0.2654544968895084,0.09675229036656595
0.2861952322847596,0.0935502032375158
0.2682831905273709,0.098735430388479
0.25670662271448086,0.09569218993417734
0.302569783247758,0.09631885766896663
0.36870943874736556,0.11156892325035152
0.46880206251231293,0.11839526821459753
0.448559383973185,0.11671461312665897
0.4159063474832732,0.12133533061924984
0.42519808800822473,0.12114852374076256
0.4736438706236324,0.12065479178331752
0.43588876553414646,0.11911559143137385
0.46260142924922715,0.12142972794896882
0.43572759752294404,0.12255848433300937
0.3198057090924941,0.10537376491352012
0.2535738174602112,0.09495638543421638
0.29183265113846,0.10210098566250939
0.3460392877325622,0.10690857508008057
0.4017035882007727,0.1077618487691364
0.3988449725950618,0.10941277587345577
0.30838083227380014,0.10066796599727702
0.2942783258039091,0.10063321500001217
0.29092559800265716,0.09856082954353865
0.34956076492912824,0.10753619827997715
0.34588008053375163,0.10647016042208679
0.4606296916050784,0.11700816792521627
0.42633406100948573,0.12172696718495353
0.4237431061874146,0.12028352240362647
0.3891032833670576,0.11125799949470401
0.39251658094213326,0.11186175365641152
0.4263555411317914,0.11699434543363574
0.4075144111671491,0.11703488535464333
0.37405902751600617,0.11025295330307436
0.3663855504168825,0.10953159061837443
0.2950111557868359,0.09892770853349918
0.3096592095406322,0.10221991684847492
0.24835160878018064,0.09279687522010578
0.36829207584851054,0.10780672936228154
0.3078203534245265,0.09906067624112093
0.27701701458616346,0.09770192835078217
0.3747052749509867,0.10822174848749948
0.40258239308137383,0.11249012816536724
0.40746536293048224,0.1120962496197521
0.4052911573738794,0.1109484658956183
0.40434107538981656,0.11238387115580555
0.40656103496153473,0.11186551948329984
0.41237103360617977,0.11065247029110756
0.3422771804798917,0.10114177183596075
0.30168850505109174,0.10160805742256733
0.28117711626548436,0.09697277261864962
0.2523059689372296,0.09010752779941093
0.25247266014961695,0.08955022715506679
0.24885221022939932,0.09251920439825062
0.24540124160110321,0.09316993716184531
0.25516585837743166,0.09431657078835531
0.26739217134614723,0.093560060777952
0.25094881425796833,0.09397233791075248
0.3017619084445644,0.09890673416819021
0.37108290035050795,0.10859918400931494
0.31894067879135957,0.10254585535959126
0.3124372344674357,0.10153502339950606
0.29248729645026367,0.09894196370685668
0.3551565536911421,0.10641737957613007
0.2604487945374619,0.09104464491891766
0.255141430910903,0.09018745788608219
0.26650985639919855,0.09696982547442479
